record_ID,Description,Status
5615,Rem aliquid ratione officiis quaerat molestiae. maintenance,repair
36608,Quas tempora possimus hic id. maintenance,decommissioned
10469,Doloribus ea fugit dolor. maintenance,repair
23178,Unde temporibus incidunt cupiditate tempora a similique ullam. maintenance,decommissioned
50403,Consequuntur quas earum saepe. maintenance,repair
40890,Veritatis perspiciatis placeat itaque iure cum animi. maintenance,decommissioned
33777,Quas ea praesentium veniam incidunt. maintenance,decommissioned
8399,Rerum aliquam quos. maintenance,functional
49417,Numquam debitis earum neque. maintenance,repair
56157,Nam quasi sit pariatur iusto. maintenance,decommissioned
95159,Ipsam alias nihil veritatis a dignissimos. maintenance,repair
33792,Tempore autem ex quas et placeat eius. maintenance,decommissioned
55026,Esse aut ducimus. maintenance,functional
74144,Cumque voluptatibus assumenda quas doloribus. maintenance,repair
59993,Distinctio quibusdam laborum voluptatum exercitationem. maintenance,repair
25809,Molestias laborum placeat. maintenance,functional
13738,Molestias optio temporibus itaque in. maintenance,decommissioned
98838,Corrupti odio repellendus voluptate mollitia unde. maintenance,repair
5048,Beatae consectetur placeat magnam. maintenance,decommissioned
45395,Accusamus sequi illum soluta iste. maintenance,functional
5385,Officiis consequuntur doloremque nesciunt error culpa enim. maintenance,decommissioned
65606,Ullam id tenetur praesentium. maintenance,functional
38840,Ipsam aut porro quam. maintenance,decommissioned
20883,Neque odio voluptates. maintenance,decommissioned
60121,Deserunt eum debitis eos eos. maintenance,functional
31385,Dignissimos autem odio odio natus. maintenance,decommissioned
52713,Quibusdam molestiae fuga voluptatum quis officia veniam. maintenance,functional
71954,Nisi officia numquam quidem. maintenance,functional
57464,Reiciendis blanditiis tempora odit quis dolorem. maintenance,repair
64495,Nisi maxime voluptatem. maintenance,decommissioned
3095,Officiis veniam fuga quos libero. maintenance,functional
11949,Voluptatem ipsam ex totam. maintenance,decommissioned
19378,Quis consequatur facere non velit accusamus sapiente. maintenance,functional
14598,In facere voluptatum velit. maintenance,functional
15892,Dolorem placeat explicabo in. maintenance,repair
88717,Mollitia tempora voluptatum aspernatur aliquam. maintenance,repair
83029,Nihil non temporibus excepturi iste animi doloremque quod. maintenance,functional
19099,In repellendus doloribus sunt maxime incidunt error. maintenance,repair
67955,Dicta odio molestiae culpa. maintenance,decommissioned
79900,Ad corporis recusandae laboriosam eligendi. maintenance,repair
77425,Perferendis placeat amet impedit facilis tempore autem. maintenance,functional
22933,Aspernatur asperiores mollitia corporis a labore voluptas. maintenance,functional
95950,Debitis magni adipisci excepturi quidem. maintenance,decommissioned
48738,Incidunt dolorem doloribus quos amet molestiae. maintenance,repair
21469,Quam aperiam dolore ipsam. maintenance,decommissioned
33412,Deleniti totam ex ducimus voluptas deleniti vel. maintenance,functional
52565,Ipsum vero at consequatur ad cupiditate expedita. maintenance,repair
22179,Possimus ad facere cum dolores quidem cum. maintenance,decommissioned
86982,Exercitationem culpa est quibusdam quam in illo. maintenance,repair
67783,Tempore sit libero dolore temporibus in. maintenance,functional
57395,Minima doloremque autem similique. maintenance,decommissioned
51665,Quod architecto magnam fugiat. maintenance,decommissioned
47729,Voluptatem eius beatae vero temporibus nobis nemo. maintenance,functional
45214,Asperiores voluptate officia accusantium natus velit ullam. maintenance,functional
13407,Officiis praesentium consequatur iste fuga provident corporis voluptates. maintenance,repair
96951,Perspiciatis in dolor animi totam repellat repellendus dicta. maintenance,functional
58127,Veniam minima asperiores non. maintenance,decommissioned
94137,Officia illum libero voluptatem. maintenance,decommissioned
97214,Voluptatibus laboriosam reiciendis repellendus quo quos. maintenance,decommissioned
75886,A expedita laudantium atque nihil quam. maintenance,repair
24791,Recusandae quasi porro neque pariatur nam. maintenance,functional
14016,At facere repudiandae veritatis dolores. maintenance,decommissioned
61547,Debitis illo itaque ab architecto dolorum. maintenance,functional
22482,Quibusdam tempore soluta. maintenance,decommissioned
15929,Repudiandae quibusdam ullam aut. maintenance,functional
68742,Aut blanditiis officia dolores molestias. maintenance,functional
78292,Atque corporis doloremque est inventore. maintenance,decommissioned
85525,Blanditiis laborum sequi voluptas repudiandae sapiente. maintenance,decommissioned
22324,Itaque veritatis id. maintenance,repair
1579,Voluptatum sint expedita. maintenance,functional
61707,Excepturi veniam nam eius. maintenance,decommissioned
72833,Voluptatibus cum odit aliquid mollitia. maintenance,functional
1741,Distinctio sapiente eveniet perspiciatis quasi a. maintenance,decommissioned
47349,Amet alias eligendi corporis molestias. maintenance,repair
94220,Inventore sit nemo doloribus. maintenance,decommissioned
87670,Tempora officiis eius vero ab reprehenderit ipsum. maintenance,functional
55068,Architecto quas ad in libero voluptatibus adipisci. maintenance,repair
89953,Ut quaerat sapiente accusantium. maintenance,decommissioned
88218,Iure fuga sunt doloremque sunt. maintenance,repair
52267,Ea mollitia totam itaque. maintenance,decommissioned
61188,Eveniet eligendi adipisci explicabo accusamus voluptas perspiciatis. maintenance,decommissioned
43353,Illo eius explicabo odio quasi. maintenance,functional
13631,Sed ullam consequatur sunt est soluta. maintenance,repair
62966,Laborum dolor itaque. maintenance,functional
12404,Dolore suscipit tenetur quisquam. maintenance,repair
33840,Similique et minima commodi quos. maintenance,functional
32483,Eligendi aperiam consequatur ipsum qui id. maintenance,decommissioned
92269,Aspernatur dolorem iste quidem laborum. maintenance,repair
42471,Quaerat omnis quasi optio officia consequuntur soluta. maintenance,repair
86626,Ex sed a quisquam laborum rem quidem. maintenance,functional
52627,Sunt enim voluptate voluptas debitis dolorum voluptates. maintenance,decommissioned
37769,Quaerat fugit occaecati similique quos. maintenance,repair
13253,Omnis modi cupiditate adipisci necessitatibus. maintenance,repair
93730,Eum perferendis neque cumque dolor. maintenance,decommissioned
24472,Error iure aspernatur placeat. maintenance,functional
60045,Placeat consequatur est fuga fugit. maintenance,repair
35864,Voluptas pariatur dolorem natus sit esse. maintenance,functional
77857,Aperiam quos laudantium earum iure sunt. maintenance,functional
97061,Quaerat corrupti aperiam voluptatum illum. maintenance,decommissioned
47341,Nisi laborum optio doloremque ad accusamus velit. maintenance,functional
59633,At id ipsa sapiente nemo tenetur accusantium deserunt. maintenance,decommissioned
97554,Unde facere illum quo. maintenance,decommissioned
41151,Quia placeat dicta vero provident recusandae necessitatibus. maintenance,decommissioned
72145,Illum reiciendis ad sunt a ad voluptate. maintenance,repair
26971,Nihil esse fugiat minus. maintenance,repair
73980,Sint deleniti iste. maintenance,decommissioned
52790,Omnis quisquam numquam quod culpa. maintenance,repair
63744,Dignissimos veritatis occaecati ad assumenda tempore illum dolore. maintenance,functional
63112,Ad nihil repudiandae soluta soluta ipsam commodi. maintenance,decommissioned
80054,Veniam veniam eligendi exercitationem. maintenance,decommissioned
92177,Debitis voluptatem ab illo rem quos molestias placeat. maintenance,decommissioned
56526,Voluptate illum in nemo natus iure. maintenance,decommissioned
39084,Et repellat necessitatibus est laborum suscipit. maintenance,decommissioned
27235,Minus eveniet debitis dolorem amet explicabo ipsa. maintenance,repair
3192,Fugit quos quibusdam recusandae eligendi velit praesentium. maintenance,functional
48811,Dolores accusamus laudantium laborum provident natus beatae quis. maintenance,functional
62575,Nobis laborum deserunt hic. maintenance,decommissioned
5696,Accusamus consequuntur odio alias ratione vel. maintenance,repair
83327,Nobis adipisci necessitatibus maxime labore ipsam minus. maintenance,functional
5563,Esse natus blanditiis a repellendus. maintenance,functional
77176,Perferendis ducimus aspernatur enim alias. maintenance,decommissioned
86634,Impedit culpa nostrum molestias ab magnam ducimus libero. maintenance,decommissioned
53589,Nulla corporis cum neque error tempore aperiam. maintenance,functional
8849,Consequatur molestias animi fugiat placeat numquam. maintenance,functional
40538,Laborum tenetur eveniet eveniet sunt. maintenance,decommissioned
68976,Pariatur nobis provident autem. maintenance,functional
22687,Praesentium corrupti quas distinctio unde accusamus. maintenance,repair
7783,Rerum consequuntur sit deserunt asperiores quod. maintenance,repair
94741,Similique fugit expedita accusantium laboriosam. maintenance,decommissioned
3718,Saepe fuga omnis voluptates placeat hic voluptatem. maintenance,functional
57032,Odio provident sapiente commodi. maintenance,functional
4644,Commodi molestiae consequatur illo minima. maintenance,repair
65342,Repellat ea commodi harum adipisci perferendis. maintenance,decommissioned
34179,Corporis consequuntur tempora id dolor ut natus. maintenance,repair
93636,Unde tempore occaecati optio hic. maintenance,functional
22059,Doloribus molestiae explicabo magni ipsum at dignissimos. maintenance,repair
94816,Repudiandae itaque saepe sunt porro. maintenance,repair
27609,Molestias accusamus velit dolorum quisquam ex harum exercitationem. maintenance,decommissioned
47372,Repellendus sint quam explicabo dolore quibusdam et. maintenance,decommissioned
36301,Natus aspernatur cum aperiam suscipit rerum. maintenance,repair
6166,Laboriosam facere porro officiis voluptatibus nesciunt consequatur. maintenance,decommissioned
63929,Labore consectetur eius porro rem. maintenance,functional
19109,Voluptatem beatae ad. maintenance,functional
62207,Quod tempore voluptates numquam odit. maintenance,decommissioned
89339,Itaque illo iste iste. maintenance,decommissioned
56284,Vero rerum modi quo voluptas sed perferendis. maintenance,functional
95620,Iste dicta aliquam magni. maintenance,functional
38979,Est earum earum ipsum quidem dolores quaerat. maintenance,functional
16535,Ducimus aliquid cupiditate eum. maintenance,functional
20304,Praesentium minus perferendis accusamus tempore id. maintenance,functional
39699,A optio tempora. maintenance,functional
68405,Quos veniam id dicta. maintenance,repair
67954,Molestiae voluptates provident occaecati. maintenance,repair
63591,Incidunt eum voluptate perspiciatis. maintenance,functional
61947,Quaerat perferendis quod illum maiores iste voluptatem. maintenance,repair
14795,Excepturi nam aut at necessitatibus vel quisquam. maintenance,functional
79862,Unde error ad alias dolore. maintenance,repair
8479,Animi consequatur dolor explicabo officiis occaecati temporibus minus. maintenance,functional
2894,Impedit est modi quasi. maintenance,repair
41913,Id eum magni. maintenance,repair
61915,Nihil qui ipsa beatae quod doloremque. maintenance,repair
28685,In delectus molestiae similique earum sequi. maintenance,decommissioned
30422,Iste quod officiis soluta asperiores magni temporibus ea. maintenance,decommissioned
51384,Nam tenetur iste vel. maintenance,functional
29773,Fugiat iure ipsa doloribus tempore. maintenance,functional
51867,Sunt debitis officiis officiis. maintenance,decommissioned
44982,Repudiandae amet esse repellendus. maintenance,functional
30236,Reprehenderit saepe voluptas rem odit. maintenance,functional
75633,Labore magni iure perspiciatis accusantium quaerat sunt. maintenance,decommissioned
99530,Repudiandae veritatis officiis nisi impedit nisi ea deleniti. maintenance,functional
7512,Possimus assumenda ea quidem exercitationem neque molestiae. maintenance,decommissioned
49961,Eius ab dolorem fuga. maintenance,decommissioned
53036,Ea eligendi quod id. maintenance,repair
77555,Qui sequi repellat nisi harum excepturi neque. maintenance,repair
81520,Magni non repellat possimus laboriosam saepe. maintenance,decommissioned
89057,Sapiente porro tenetur voluptates modi maiores. maintenance,decommissioned
19817,Reiciendis necessitatibus numquam debitis commodi accusamus non eligendi. maintenance,decommissioned
99309,Neque odit occaecati recusandae magnam iure. maintenance,decommissioned
84411,Laborum sint ut nemo expedita quod. maintenance,decommissioned
36887,Laborum sapiente quidem laudantium aliquam sunt. maintenance,repair
1293,Magnam sint voluptas quod ipsa amet perspiciatis. maintenance,decommissioned
2469,Sequi repellendus sint sequi ex incidunt aspernatur. maintenance,decommissioned
53296,Laboriosam explicabo blanditiis ea neque. maintenance,repair
7397,Corrupti nulla expedita minima libero. maintenance,functional
16215,Culpa magni ullam similique minima. maintenance,decommissioned
44591,Eum quibusdam numquam ducimus. maintenance,repair
34794,Reiciendis rem nisi pariatur ea. maintenance,functional
85888,Fugit dignissimos molestiae. maintenance,functional
13813,Adipisci est non eos iusto. maintenance,repair
84074,Maiores similique at accusamus laborum sapiente soluta quia. maintenance,functional
32133,Necessitatibus inventore quas fugit. maintenance,functional
23652,Harum a debitis nam placeat. maintenance,decommissioned
92904,Id explicabo sapiente aut quaerat. maintenance,decommissioned
98024,Dolores cupiditate dolores occaecati nesciunt. maintenance,decommissioned
58299,Ipsam aperiam fugit maxime excepturi atque. maintenance,functional
24460,Totam molestiae sint ratione fugit voluptatibus. maintenance,repair
33088,Provident quod suscipit porro cupiditate quo. maintenance,repair
86417,Reiciendis quisquam ducimus ab unde consequuntur provident. maintenance,functional
8844,Officia facere culpa quae nulla repellendus. maintenance,functional
92398,Optio doloribus sed reprehenderit tempore sint natus. maintenance,functional
6869,Cupiditate neque perspiciatis facilis. maintenance,decommissioned
67799,Quaerat ex laudantium sed. maintenance,repair
53464,Fuga harum nemo laborum. maintenance,decommissioned
33628,Voluptatum magni ipsam reiciendis nostrum excepturi at. maintenance,decommissioned
76909,Ullam deleniti nemo dolorem necessitatibus. maintenance,repair
24213,Odit exercitationem quia eius mollitia reiciendis. maintenance,functional
28260,Maxime asperiores minima repellat. maintenance,decommissioned
1617,Ea eum aliquam quasi fuga quas autem omnis. maintenance,repair
42782,Veniam perspiciatis repellat sed. maintenance,repair
33961,Rerum error quis fuga expedita aut. maintenance,repair
12257,Maxime sunt excepturi explicabo vero. maintenance,decommissioned
6397,Quam officiis et ad a. maintenance,functional
57694,Nemo provident vero deserunt neque tenetur. maintenance,repair
39285,Dolor doloribus architecto dolore possimus temporibus. maintenance,functional
41305,Velit earum quos modi. maintenance,repair
1627,Ex eaque architecto libero ipsam. maintenance,functional
39966,Voluptatibus ipsam doloribus asperiores eos. maintenance,decommissioned
53855,Aut in aperiam praesentium ipsam quibusdam. maintenance,repair
91260,Debitis adipisci itaque corporis autem quae. maintenance,functional
81946,Libero nostrum deserunt corporis autem. maintenance,functional
97953,Possimus odit consequatur natus odio nemo molestias. maintenance,decommissioned
80000,Consequatur vel dolore aut. maintenance,decommissioned
4546,Nemo omnis accusamus doloremque sequi temporibus. maintenance,functional
32465,Commodi illum officiis error occaecati sunt debitis. maintenance,functional
64954,Quam deleniti dolor consectetur reiciendis. maintenance,decommissioned
26004,Voluptatem odio culpa totam in. maintenance,functional
57970,Ab inventore incidunt at rem pariatur. maintenance,functional
55309,Magni non officia laboriosam inventore. maintenance,repair
42647,Repudiandae sit suscipit porro dolores. maintenance,repair
23175,In nostrum sapiente magnam repellat odit quia. maintenance,repair
48064,Fugiat accusantium asperiores eligendi culpa a velit. maintenance,functional
87948,Dolores amet molestiae reprehenderit debitis velit. maintenance,functional
68061,Excepturi fugiat aliquam distinctio. maintenance,decommissioned
1084,Amet aut consequuntur debitis tempora nostrum ullam impedit. maintenance,functional
96243,Dolore eligendi rerum expedita aut illum sed minima. maintenance,repair
55399,Ad soluta dolorum ratione ex. maintenance,decommissioned
7037,Ad earum perferendis. maintenance,repair
72880,Error sint illo. maintenance,functional
10116,Eaque magni ratione necessitatibus necessitatibus repudiandae maxime atque. maintenance,functional
98690,Voluptatibus sint qui quisquam. maintenance,repair
23437,Occaecati optio eveniet cupiditate eos eum dolore eos. maintenance,decommissioned
38506,Totam suscipit repellendus ex fugit. maintenance,repair
15422,Perspiciatis enim incidunt deleniti. maintenance,repair
94868,Architecto rerum quidem cumque sit amet repellat tenetur. maintenance,decommissioned
14750,Labore fugiat dolorum optio. maintenance,decommissioned
14491,Quas iure illo nesciunt doloremque. maintenance,functional
80203,Consequuntur dolorum ratione fuga. maintenance,functional
94737,Quam repudiandae culpa dolorem quia quaerat similique sint. maintenance,repair
72205,Qui quam nostrum unde cumque fugit officia. maintenance,functional
24085,Fugiat nulla quia iure doloribus aut excepturi. maintenance,decommissioned
40825,Magni mollitia sed nam cumque. maintenance,decommissioned
34884,Harum excepturi debitis dolore. maintenance,functional
83203,Veritatis sapiente incidunt soluta quia. maintenance,decommissioned
93967,Suscipit eum natus animi. maintenance,decommissioned
14357,Doloribus alias ex. maintenance,functional
50602,Sequi magni numquam iste ipsam reiciendis. maintenance,decommissioned
44562,Provident aliquid laudantium et. maintenance,decommissioned
11667,Dolorem alias odio quo nesciunt fuga. maintenance,functional
3136,Voluptatibus vitae explicabo consequuntur quas. maintenance,functional
35790,Enim alias error expedita amet cumque inventore. maintenance,repair
67330,Dignissimos optio quisquam ab soluta laboriosam. maintenance,repair
19408,Rem aut reiciendis odio laboriosam nobis. maintenance,repair
17174,Suscipit a aspernatur laboriosam amet. maintenance,repair
2016,Veniam atque minus soluta. maintenance,decommissioned
77743,Repellat ipsa voluptas temporibus vero ex optio. maintenance,functional
87913,Commodi similique repellat ipsam. maintenance,decommissioned
36575,Odio iure fugiat ad porro mollitia iusto. maintenance,functional
40075,Quos laboriosam blanditiis amet expedita nostrum. maintenance,repair
43020,Harum commodi exercitationem neque. maintenance,decommissioned
16270,Dolor ab repudiandae quos maiores cupiditate. maintenance,functional
32860,Voluptatem dolor maxime sunt ex non. maintenance,decommissioned
18444,Sunt similique officiis iste doloremque soluta. maintenance,decommissioned
19607,Nostrum magnam porro totam veritatis aperiam. maintenance,repair
48479,Corrupti nam id tempora non et. maintenance,decommissioned
22706,Dignissimos voluptatum ratione ipsum animi cum consequatur iste. maintenance,decommissioned
24610,Ut est sequi aliquam. maintenance,functional
39934,Sunt veniam distinctio saepe aliquid odit. maintenance,repair
75813,Facere eius unde necessitatibus saepe illo ducimus. maintenance,repair
40513,Fuga debitis optio dolores beatae. maintenance,repair
30404,Odit veniam doloribus eum ipsam rem amet dolores. maintenance,repair
38362,Molestias illo blanditiis rerum sed. maintenance,decommissioned
74702,Neque sed mollitia dignissimos libero molestiae ipsum similique. maintenance,functional
30307,Illum esse hic in id commodi tenetur accusamus. maintenance,repair
94935,Rerum dolor optio temporibus porro. maintenance,functional
60254,Minus quia eum fugit. maintenance,decommissioned
32827,Inventore quasi temporibus aliquid blanditiis sint. maintenance,functional
10366,Sapiente mollitia magni cupiditate iste. maintenance,functional
81020,Animi qui delectus sapiente. maintenance,functional
73073,Necessitatibus error adipisci. maintenance,functional
80999,Perspiciatis laborum maiores itaque. maintenance,functional
8031,Ratione quidem dolore culpa odio unde. maintenance,functional
83432,Corporis modi beatae aliquid repudiandae eius aut. maintenance,repair
80125,Non tempore deserunt deleniti corporis modi qui tempora. maintenance,decommissioned
64078,Minima modi rerum magnam. maintenance,functional
63860,Ipsa beatae corrupti at saepe officia. maintenance,repair
77370,Et itaque temporibus dolore porro. maintenance,decommissioned
57216,Blanditiis atque similique id. maintenance,functional
50749,Cumque ullam inventore illo ipsa. maintenance,decommissioned
6314,Occaecati reiciendis quia fuga sunt ipsam. maintenance,decommissioned
91545,Dolores nam quisquam nam deleniti laboriosam repellat eveniet. maintenance,repair
2157,A eaque neque illum mollitia molestiae consectetur quisquam. maintenance,repair
6460,Sit ad quo optio. maintenance,decommissioned
49719,Dignissimos illo nemo. maintenance,functional
58226,Veritatis ea inventore doloribus fugit sint officiis. maintenance,decommissioned
83898,Magni non ex tempore quia. maintenance,decommissioned
60643,Officiis delectus ipsum molestiae. maintenance,functional
19641,Dolore facilis corporis optio cupiditate. maintenance,repair
17941,Laudantium itaque inventore quae at doloribus iste. maintenance,decommissioned
87427,Vel voluptatibus facilis at libero sequi incidunt. maintenance,functional
94763,Aliquid tempora nesciunt possimus vel. maintenance,functional
85126,Minima mollitia laborum iusto. maintenance,functional
74311,Quasi aut veritatis blanditiis quia eaque sequi. maintenance,functional
95934,Unde iusto debitis tempora facilis eos odio. maintenance,functional
82862,Sed voluptate quidem aut tenetur. maintenance,repair
61762,Quae maxime esse exercitationem laborum velit facilis possimus. maintenance,repair
52918,Temporibus asperiores dicta ab quidem temporibus consectetur nesciunt. maintenance,decommissioned
50945,Ipsa quaerat veniam occaecati. maintenance,decommissioned
9143,Quisquam quae adipisci delectus nostrum reprehenderit. maintenance,decommissioned
52521,Dolore labore in laboriosam. maintenance,repair
41713,Tenetur earum asperiores minima ex harum. maintenance,decommissioned
34708,Quas deleniti laboriosam asperiores distinctio nesciunt. maintenance,repair
83184,Necessitatibus iure eligendi nisi hic minus velit. maintenance,decommissioned
42404,Eum omnis voluptates. maintenance,repair
28852,Autem mollitia quas unde dolorem distinctio. maintenance,decommissioned
75384,Ducimus illum expedita incidunt. maintenance,functional
92021,Tenetur impedit nisi sapiente. maintenance,repair
59372,Laboriosam ipsum quisquam quasi quaerat illum quis. maintenance,repair
46091,Sed quos molestias repudiandae hic doloribus rerum ab. maintenance,decommissioned
82472,Natus ratione quaerat autem dolores non amet. maintenance,decommissioned
51316,Nulla soluta reiciendis soluta hic iure. maintenance,repair
10101,Eaque esse et fuga. maintenance,functional
40547,Magni eos maiores porro. maintenance,repair
97828,Iusto quas expedita placeat officiis incidunt sed. maintenance,repair
2856,Ut quasi eaque nam. maintenance,functional
72663,Inventore architecto fugit voluptates officiis eveniet tenetur cupiditate. maintenance,decommissioned
33378,Ipsa aliquam rem perspiciatis illo. maintenance,functional
52946,Tempore perferendis quas modi in quos. maintenance,functional
51325,Fugiat accusamus quae expedita. maintenance,decommissioned
21446,Sint a quod numquam quam. maintenance,functional
3974,Quae qui perferendis. maintenance,repair
43075,Mollitia ipsum animi enim alias fugit. maintenance,repair
10902,Temporibus distinctio minima perferendis asperiores quam laboriosam distinctio. maintenance,functional
23645,Occaecati corrupti accusamus est. maintenance,repair
11627,Distinctio voluptatum consectetur tenetur magnam eaque est. maintenance,functional
64147,Eveniet temporibus sunt adipisci. maintenance,decommissioned
93938,Dicta dolores laboriosam voluptates est. maintenance,repair
96749,Pariatur qui voluptatem deserunt ex omnis. maintenance,functional
42706,Architecto voluptates est cum. maintenance,functional
89721,Rem officiis illum soluta quasi. maintenance,functional
89011,Dolor quisquam voluptas sequi voluptatibus. maintenance,repair
18626,Sint vero placeat illo at. maintenance,repair
88084,Quae inventore iure nobis fugiat magnam incidunt. maintenance,functional
65372,Veritatis quam minus ipsam ipsam numquam dignissimos. maintenance,repair
8141,Fugiat temporibus officiis omnis cumque. maintenance,decommissioned
1257,Minima quod eum quidem. maintenance,functional
29632,Minima tenetur excepturi officia labore voluptatum nemo. maintenance,functional
58461,Omnis labore iste aliquid vitae quibusdam. maintenance,functional
35293,Nam facere reiciendis. maintenance,functional
33157,Esse excepturi aspernatur consequuntur dignissimos debitis inventore. maintenance,repair
27619,Quos quas nam et culpa quis quaerat. maintenance,decommissioned
54229,Expedita architecto et delectus quod nobis. maintenance,decommissioned
11880,Necessitatibus optio consequatur sint. maintenance,repair
65175,Suscipit ipsa temporibus suscipit. maintenance,decommissioned
46942,Numquam voluptatibus consequatur odit praesentium error. maintenance,repair
7623,Itaque temporibus quas cumque eum fugit ullam doloribus. maintenance,decommissioned
56880,Laborum deserunt molestias nihil soluta ex consequuntur molestiae. maintenance,repair
75565,Voluptatum culpa alias. maintenance,decommissioned
97820,Consequatur praesentium esse fuga. maintenance,functional
95433,Ratione ducimus magnam optio nam molestias minus. maintenance,repair
72693,Et magni nobis aperiam. maintenance,decommissioned
88458,Tempora quam vitae aliquid aperiam. maintenance,functional
91690,Voluptas cum officiis reprehenderit praesentium quaerat. maintenance,decommissioned
3330,Commodi cupiditate laudantium tempora quod officiis. maintenance,repair
91520,Quasi aspernatur enim. maintenance,repair
63840,Velit vel non ex necessitatibus odit eveniet. maintenance,repair
78648,Aliquam illo earum. maintenance,functional
29117,Facere maxime iure consequuntur fugit atque sed. maintenance,functional
46353,Eligendi quos sint. maintenance,repair
14262,Voluptatum nesciunt dignissimos saepe in magnam. maintenance,repair
6351,Accusamus ullam quae quam voluptatem tempora voluptate. maintenance,repair
25161,Est aliquid laboriosam culpa quisquam nam. maintenance,functional
6743,Saepe eaque voluptatem dolorum molestiae recusandae dignissimos. maintenance,repair
30234,Quis odit architecto doloribus doloremque quidem expedita. maintenance,functional
33529,Quibusdam impedit a. maintenance,decommissioned
51381,Aspernatur aliquam placeat esse doloribus. maintenance,functional
18714,Cum doloribus incidunt saepe inventore. maintenance,repair
320,Eos eum at pariatur. maintenance,functional
58242,Ut aliquam cupiditate tempore minus quia at. maintenance,repair
62978,Facere veritatis blanditiis iste quaerat aperiam. maintenance,functional
36334,Id nostrum aliquam reprehenderit nam ipsa. maintenance,repair
20067,Sapiente vitae nemo quia nesciunt nulla magni. maintenance,repair
54635,Culpa odit libero sapiente quo. maintenance,decommissioned
81857,Nam non unde architecto laudantium cupiditate. maintenance,functional
25671,Quia perferendis accusamus illo pariatur rem minima. maintenance,functional
98826,Animi libero quia voluptatem culpa repellendus rerum. maintenance,repair
69881,Voluptates est maxime earum. maintenance,repair
26842,Saepe qui optio numquam a ipsam numquam. maintenance,functional
38478,At perspiciatis quo quo perferendis sunt. maintenance,decommissioned
71896,Facilis adipisci quaerat sint deserunt fuga. maintenance,decommissioned
41547,Amet ratione eveniet. maintenance,decommissioned
15586,Earum iure dolore quam aspernatur voluptatum. maintenance,decommissioned
39284,Quidem quam repellendus veniam. maintenance,decommissioned
10091,Labore natus iusto mollitia inventore. maintenance,decommissioned
18368,Eos odio explicabo facilis saepe a ab. maintenance,functional
7757,Asperiores veniam eveniet ratione sapiente. maintenance,functional
61635,Odio fugiat porro voluptatibus. maintenance,functional
11355,Veritatis assumenda reiciendis dolore maxime. maintenance,repair
38783,Laudantium aut totam quibusdam. maintenance,repair
67594,Asperiores itaque nobis ad corrupti excepturi at. maintenance,functional
50971,At iusto non expedita. maintenance,functional
87140,Architecto commodi omnis quod molestiae illo. maintenance,repair
94238,Fuga veniam rem adipisci quae facere. maintenance,decommissioned
69476,Itaque et occaecati fugit maiores. maintenance,functional
53074,Nostrum alias dignissimos eligendi voluptatem. maintenance,decommissioned
37711,Alias quidem impedit dolore laborum incidunt. maintenance,decommissioned
80457,Quas ab similique at cupiditate. maintenance,decommissioned
72913,Quisquam est porro ad. maintenance,decommissioned
36298,Tempora laborum ea laborum. maintenance,decommissioned
88166,Consequatur perferendis eos cum repellat. maintenance,functional
6124,Quisquam esse pariatur veniam. maintenance,functional
54290,Aperiam modi accusantium similique. maintenance,decommissioned
50379,Ad autem at laboriosam deleniti labore commodi. maintenance,repair
44068,Dolore distinctio quasi distinctio saepe modi. maintenance,decommissioned
43513,Facilis inventore aliquid doloremque nisi suscipit iure. maintenance,repair
27177,Perspiciatis nihil aspernatur illo placeat quo enim. maintenance,functional
66155,Ad ratione hic cum neque. maintenance,functional
22389,Laudantium quae totam quaerat. maintenance,functional
93109,Quam numquam nobis eum odio totam laudantium. maintenance,functional
26185,Quasi ullam praesentium laudantium. maintenance,functional
37141,Ipsam ea autem maxime. maintenance,decommissioned
50285,Doloribus aperiam hic et accusantium eius. maintenance,decommissioned
74435,Consectetur officiis nam totam fugit nihil cupiditate dolorem. maintenance,decommissioned
82946,Quaerat quam perferendis quasi. maintenance,decommissioned
1412,Laboriosam corrupti impedit assumenda vitae facere. maintenance,repair
93124,Velit excepturi explicabo delectus. maintenance,repair
61584,Voluptate esse itaque laboriosam quia. maintenance,decommissioned
36652,Soluta officia alias dolor iusto necessitatibus. maintenance,decommissioned
11738,Libero quas facere quibusdam delectus earum. maintenance,decommissioned
38185,Aperiam asperiores excepturi amet reiciendis. maintenance,functional
17276,Alias hic repellat. maintenance,decommissioned
20644,Praesentium earum nam voluptate adipisci. maintenance,decommissioned
34654,Possimus dolor rerum quam sequi impedit. maintenance,repair
32819,Quos aperiam eveniet. maintenance,repair
81765,Iste nisi consectetur odio quibusdam praesentium. maintenance,decommissioned
20044,Neque nam et veniam expedita. maintenance,repair
90063,Sequi ut fuga. maintenance,functional
92951,Amet debitis occaecati nam est. maintenance,functional
17901,Ipsum odit maiores quisquam maxime est unde. maintenance,repair
83013,Necessitatibus aspernatur alias dolor praesentium. maintenance,functional
4002,Perspiciatis nesciunt repudiandae magnam. maintenance,functional
77790,Placeat quaerat doloribus illo error atque corrupti. maintenance,decommissioned
66863,Aliquam rem in voluptate veniam earum. maintenance,repair
27633,Corporis hic recusandae rerum temporibus atque eos blanditiis. maintenance,decommissioned
16114,Omnis itaque praesentium quae. maintenance,repair
69112,Possimus inventore error expedita quisquam consequuntur ut. maintenance,repair
62678,Deleniti recusandae inventore at expedita omnis. maintenance,repair
10474,Mollitia harum ipsum distinctio. maintenance,repair
42741,Quas totam temporibus excepturi modi a. maintenance,functional
76679,Numquam aperiam possimus velit quo consectetur. maintenance,functional
31978,Officiis maiores labore voluptatem error dignissimos molestiae. maintenance,functional
82754,Dolorum aliquid alias minus libero. maintenance,functional
2653,Ipsa quisquam quidem omnis nihil maiores. maintenance,decommissioned
75695,Totam repellendus dolor sequi eum dolor fugiat. maintenance,repair
95305,Officia illum accusantium nostrum. maintenance,repair
67006,Totam aliquid aut asperiores labore ad quisquam. maintenance,functional
72428,Cumque maxime ad labore ratione modi at fuga. maintenance,functional
31448,Cumque facilis saepe officiis perspiciatis at. maintenance,decommissioned
50235,Ducimus voluptas necessitatibus enim libero ad reiciendis maiores. maintenance,functional
72584,Fugit blanditiis ipsa in quod dolores. maintenance,repair
2994,Sunt sunt ducimus. maintenance,decommissioned
22350,Beatae odit doloremque fugit odit nihil eaque. maintenance,repair
35716,At laboriosam eius laudantium consectetur molestias ut. maintenance,repair
70646,Ipsam voluptas nisi adipisci inventore numquam aliquam. maintenance,functional
41903,Fugit enim quia veniam. maintenance,functional
41754,Qui aliquam numquam voluptatibus numquam iusto laborum. maintenance,repair
66115,Facilis libero deleniti esse adipisci. maintenance,decommissioned
44094,Harum non dolorum. maintenance,functional
47892,Exercitationem fugiat dicta excepturi sed omnis maxime. maintenance,decommissioned
95778,Aperiam eveniet quos tenetur rerum est eveniet. maintenance,functional
37932,Dolores adipisci veritatis labore. maintenance,decommissioned
92230,Blanditiis perferendis consectetur maxime animi sequi. maintenance,repair
10882,Unde temporibus est ratione repellat accusamus cupiditate consequuntur. maintenance,repair
9455,Nesciunt amet velit sequi a quia ex. maintenance,functional
37272,Quis nihil sit aliquam suscipit tempora. maintenance,decommissioned
30776,Voluptatibus mollitia provident provident vel nostrum possimus laboriosam. maintenance,decommissioned
71802,Numquam ratione dolorem voluptate at. maintenance,functional
85141,Perspiciatis quisquam quae neque autem. maintenance,decommissioned
13569,Quasi veritatis error dicta eius. maintenance,decommissioned
1154,Animi non soluta ipsam voluptatum rem. maintenance,functional
62898,Corrupti delectus corrupti accusamus magnam ratione. maintenance,repair
45422,Voluptas voluptatum dignissimos assumenda itaque. maintenance,decommissioned
8413,Placeat asperiores iure vitae adipisci. maintenance,decommissioned
63640,Aperiam distinctio molestias nisi eius aspernatur ut. maintenance,decommissioned
62106,Cum beatae molestiae iste suscipit a. maintenance,functional
14754,Similique placeat consectetur architecto iste provident sed. maintenance,functional
72607,Neque nam saepe reiciendis non ducimus fugit. maintenance,functional
36428,Libero facilis ipsum temporibus minus enim. maintenance,decommissioned
5736,Vel alias alias illum nesciunt ex. maintenance,functional
26257,Voluptatibus magni id voluptas. maintenance,functional
45049,Qui nulla eum nulla impedit ratione. maintenance,decommissioned
25432,Vero beatae ipsa nobis. maintenance,functional
30679,Facere vero accusamus nemo autem. maintenance,functional
71508,Sint accusamus quas. maintenance,repair
63868,Tempore totam labore consectetur amet ipsa. maintenance,repair
16924,Necessitatibus maxime voluptatibus dolorum nemo. maintenance,functional
88604,Error amet perspiciatis tempora sed ut incidunt. maintenance,repair
46725,Totam molestiae quibusdam aperiam magnam ea quod. maintenance,decommissioned
89441,Eligendi asperiores non praesentium. maintenance,repair
54958,Nulla porro illo iusto quas accusantium. maintenance,decommissioned
87217,Dolores repellat esse adipisci ut adipisci. maintenance,functional
66453,Inventore id ut earum. maintenance,repair
4881,Exercitationem perspiciatis consequuntur totam. maintenance,functional
10204,Voluptates officiis perferendis animi harum. maintenance,functional
18885,Nesciunt unde voluptates fuga. maintenance,decommissioned
54421,Tempore provident amet occaecati. maintenance,functional
52794,Veniam occaecati assumenda nulla quia earum. maintenance,repair
42577,Earum veniam quidem itaque omnis cumque. maintenance,repair
80794,Minima perferendis optio laboriosam dolorem quia. maintenance,repair
6671,Delectus nihil iste autem dolorum dicta. maintenance,repair
98827,Tempore provident cum repellendus amet eos accusantium. maintenance,decommissioned
84274,Nostrum voluptatum deleniti ipsum reiciendis aliquid odit. maintenance,decommissioned
61903,Maiores explicabo fuga ea omnis cum. maintenance,decommissioned
12706,Molestias rerum repudiandae et voluptate nemo architecto. maintenance,functional
76481,Aliquam nobis cupiditate qui. maintenance,repair
49308,Accusamus et natus. maintenance,decommissioned
11465,Perferendis temporibus ut quaerat optio fugiat. maintenance,decommissioned
90282,Id ea quasi hic numquam quam fugit quam. maintenance,decommissioned
61072,Sed accusamus iure ratione. maintenance,repair
4939,Officiis voluptate numquam consequatur quos rerum iure. maintenance,functional
85847,Itaque doloribus saepe minima laborum rem iste. maintenance,decommissioned
81383,Facere occaecati laboriosam. maintenance,decommissioned
70168,Dolores quos accusamus ullam dolore sed aut. maintenance,decommissioned
91474,Aut laudantium maiores voluptates ipsa magnam ea. maintenance,functional
59640,Nobis unde deserunt soluta aperiam mollitia sunt. maintenance,repair
26427,Fugit cum ducimus modi iusto neque laudantium. maintenance,decommissioned
59567,Asperiores placeat nostrum exercitationem amet autem minima. maintenance,decommissioned
39859,Minus accusantium dolorum recusandae. maintenance,functional
48097,Voluptatem sed mollitia dolorum placeat beatae at. maintenance,decommissioned
99717,Itaque libero eum laborum aliquam nam. maintenance,decommissioned
11790,Illo temporibus consequuntur quae nostrum quibusdam autem. maintenance,decommissioned
39851,Neque distinctio provident excepturi. maintenance,functional
29586,Vel ipsa vitae maxime error. maintenance,decommissioned
57249,Repudiandae iure pariatur nostrum sequi vel ducimus. maintenance,decommissioned
82632,Natus voluptatibus magni blanditiis earum. maintenance,decommissioned
73192,Quo a et ipsum hic incidunt. maintenance,functional
10654,Voluptatibus sed nostrum quaerat nam minus. maintenance,decommissioned
34780,Suscipit consequatur eius est mollitia. maintenance,repair
63356,Nihil repellendus ullam dignissimos non quis. maintenance,functional
26118,Quam quia quasi. maintenance,functional
46662,Sed deserunt magnam. maintenance,repair
3634,Fuga ratione nisi consequatur. maintenance,repair
70530,Maiores natus magni vero ipsam. maintenance,repair
93226,Recusandae itaque laboriosam quibusdam dolore possimus nam. maintenance,decommissioned
34183,Voluptatem mollitia non a eum quaerat inventore. maintenance,functional
42111,Quia ipsa possimus amet. maintenance,repair
17337,Voluptatem laboriosam nemo ipsum quis autem architecto dignissimos. maintenance,decommissioned
36036,Animi labore exercitationem deserunt fugiat tempora. maintenance,functional
46688,Ducimus occaecati eaque. maintenance,repair
73388,Ut maxime quasi suscipit incidunt. maintenance,decommissioned
64178,Rerum aperiam vitae. maintenance,repair
98971,Placeat natus fuga corporis reiciendis ut distinctio ipsum. maintenance,repair
44043,At delectus tempore quasi laudantium. maintenance,decommissioned
1919,Sapiente harum error earum quibusdam facilis optio commodi. maintenance,decommissioned
853,Expedita animi quisquam quis recusandae distinctio. maintenance,decommissioned
20103,Tempora error libero doloremque. maintenance,repair
9752,Vel maxime repudiandae. maintenance,decommissioned
10705,Repellat molestiae eligendi nemo ullam quos. maintenance,repair
47291,Esse itaque recusandae ex qui. maintenance,decommissioned
19074,Omnis aliquid iusto praesentium nulla. maintenance,decommissioned
96842,Ab ab asperiores tempora. maintenance,functional
16373,Vero libero sequi provident ut nisi. maintenance,decommissioned
47815,Dolorum distinctio numquam voluptates. maintenance,functional
32077,Molestiae provident suscipit vero sit laborum corporis velit. maintenance,decommissioned
16179,Vitae corrupti tenetur earum cum fugiat. maintenance,repair
81165,Vel dolor cum cupiditate officiis. maintenance,functional
23110,Similique magni quod aut veniam. maintenance,functional
22837,Modi odio saepe quo dolores possimus. maintenance,functional
79583,Id nisi praesentium reiciendis nam minus est voluptatum. maintenance,decommissioned
39765,Perspiciatis dolore commodi rem blanditiis adipisci voluptate. maintenance,repair
43584,Corrupti ullam voluptas magni quos. maintenance,repair
23325,Consequuntur commodi deleniti architecto saepe a repudiandae exercitationem. maintenance,decommissioned
63930,Nam assumenda doloribus voluptates culpa perspiciatis quaerat. maintenance,decommissioned
28425,Iste quas eius doloremque. maintenance,decommissioned
40017,Harum voluptates esse incidunt. maintenance,decommissioned
51127,Mollitia rem recusandae alias. maintenance,repair
88745,Enim ipsa suscipit laudantium doloremque. maintenance,functional
24729,Velit ab esse hic. maintenance,functional
73226,Saepe suscipit provident suscipit. maintenance,decommissioned
58164,Aliquid odio maiores eveniet aspernatur. maintenance,decommissioned
31416,Fugit hic explicabo voluptas. maintenance,repair
88163,Repellat eos velit consectetur. maintenance,decommissioned
98190,Ipsa repellendus delectus quibusdam assumenda. maintenance,functional
29241,Alias illum quos omnis maxime. maintenance,functional
81955,Voluptates quidem dignissimos saepe rerum. maintenance,functional
40155,Ullam ex magni voluptatibus. maintenance,functional
95780,Laudantium odit officia nisi quasi ducimus. maintenance,repair
21345,Dignissimos sit dolores tempore commodi beatae reprehenderit molestiae. maintenance,functional
49627,A adipisci id vitae. maintenance,functional
36959,Dolorem occaecati dolor quibusdam autem ipsam. maintenance,repair
48985,Rerum mollitia odit beatae. maintenance,repair
50019,Nulla amet labore eos eligendi. maintenance,repair
45821,Dolore cupiditate molestiae voluptas. maintenance,decommissioned
50538,Pariatur quibusdam commodi id maiores eaque consequuntur repudiandae. maintenance,functional
96179,Sapiente reprehenderit nostrum. maintenance,repair
8681,Dolorem et consectetur soluta aut earum. maintenance,functional
99926,Dignissimos facere sit repellendus quasi. maintenance,decommissioned
78677,Fugit assumenda harum dignissimos nisi. maintenance,repair
34692,Nesciunt provident nobis necessitatibus eius maxime. maintenance,repair
6871,Possimus fugiat natus. maintenance,functional
59877,Vero pariatur deleniti impedit adipisci consectetur provident. maintenance,functional
55300,Omnis vel consequatur reiciendis corporis. maintenance,functional
25744,Debitis quam magni repudiandae aperiam eveniet. maintenance,functional
93500,Accusantium quisquam consectetur itaque itaque. maintenance,functional
71788,Eligendi mollitia aspernatur eos. maintenance,decommissioned
29708,Qui atque saepe unde aspernatur eum. maintenance,decommissioned
31305,Dolor cupiditate facilis earum tempora cupiditate possimus laboriosam. maintenance,repair
53290,Sapiente vel quisquam aut. maintenance,repair
78304,Ipsum itaque itaque labore. maintenance,functional
15752,Corrupti reprehenderit officiis facilis corrupti nemo. maintenance,repair
31286,Est libero eaque ipsum exercitationem enim dolorem. maintenance,functional
2541,Odio ipsam at vero. maintenance,repair
94085,Cumque modi rerum ab ex mollitia occaecati. maintenance,decommissioned
67485,Ipsum itaque reiciendis unde velit. maintenance,functional
39001,Aspernatur laudantium veniam vitae. maintenance,decommissioned
48525,Fugiat quo nostrum nisi. maintenance,repair
95993,Eveniet nemo maiores odio odio distinctio explicabo. maintenance,functional
92841,Ratione laboriosam eligendi fuga dolore velit. maintenance,decommissioned
51486,Cumque corporis asperiores. maintenance,repair
29144,Sunt veniam enim distinctio. maintenance,repair
2533,Voluptatibus asperiores non praesentium. maintenance,repair
5462,Consequatur voluptates sint hic cumque optio vitae. maintenance,decommissioned
15485,Iusto aut quidem eveniet assumenda possimus. maintenance,decommissioned
82546,Cupiditate inventore totam maiores error. maintenance,repair
79728,Sapiente quas aliquid accusamus. maintenance,repair
43462,Eos earum totam minus inventore. maintenance,repair
42674,Neque aliquam nesciunt id est rerum asperiores. maintenance,functional
97421,Sequi illum sapiente dolorum hic delectus. maintenance,decommissioned
35383,Mollitia in repellat perferendis. maintenance,decommissioned
62199,Aut ut maxime. maintenance,decommissioned
16130,Doloremque aperiam numquam vel similique sequi veritatis blanditiis. maintenance,repair
12995,Consectetur repellat soluta natus. maintenance,functional
49684,Inventore corporis a labore illo. maintenance,repair
99268,Repellendus rerum aliquam reiciendis hic dicta. maintenance,functional
24148,Suscipit ad officia deserunt. maintenance,decommissioned
23928,Veniam ut odit placeat dolores. maintenance,repair
97947,Iure nisi itaque amet sint. maintenance,functional
30882,Fugiat nemo enim eveniet illo. maintenance,decommissioned
69568,Omnis quas nisi nobis. maintenance,functional
85715,Fugit velit repellendus doloribus provident facilis. maintenance,decommissioned
23141,Voluptatem aut enim velit exercitationem ducimus nemo. maintenance,functional
88381,Impedit dolore illo iusto amet autem sed. maintenance,functional
36843,Doloribus nostrum est a cupiditate. maintenance,decommissioned
73554,Doloremque aperiam occaecati exercitationem saepe enim est. maintenance,functional
73515,Distinctio et doloremque illo natus eum. maintenance,functional
41652,Cum voluptatem nostrum quas. maintenance,repair
3112,Excepturi placeat necessitatibus quis rerum nobis eius. maintenance,repair
92644,Ratione laudantium sequi est temporibus natus occaecati illo. maintenance,repair
28441,Illo accusantium deleniti quod id. maintenance,repair
43389,Consectetur natus cum voluptatem nisi. maintenance,functional
84772,Dicta esse quisquam velit laudantium aspernatur. maintenance,functional
89274,Consequatur corporis odit ex. maintenance,functional
83947,Consequatur explicabo possimus commodi facilis. maintenance,repair
89876,Aut dignissimos reprehenderit necessitatibus saepe quaerat. maintenance,functional
69700,A eius minima magni numquam tenetur. maintenance,decommissioned
46254,Eius consectetur omnis labore. maintenance,decommissioned
75305,Aspernatur nihil recusandae iste architecto eaque. maintenance,functional
15003,Asperiores voluptas ratione voluptatibus. maintenance,functional
62310,Ratione animi inventore amet maxime. maintenance,functional
74178,Temporibus reiciendis veritatis et maxime. maintenance,decommissioned
25399,Assumenda assumenda mollitia quas praesentium. maintenance,decommissioned
18866,Quia nulla expedita sed doloribus tempore. maintenance,repair
66100,Laudantium pariatur a nihil. maintenance,functional
37376,Libero fugit voluptatem magni. maintenance,functional
46930,Hic nesciunt excepturi quasi nobis excepturi eligendi. maintenance,decommissioned
98713,Unde suscipit aut dolorum. maintenance,functional
65555,Optio placeat eum doloremque. maintenance,functional
89692,Tenetur praesentium officiis quidem error. maintenance,functional
68638,Assumenda quibusdam perferendis quia iusto. maintenance,repair
77453,Libero iusto accusamus dolorem odit minima nemo quo. maintenance,decommissioned
7473,Laudantium blanditiis laudantium reprehenderit officiis corporis unde. maintenance,functional
51777,Consectetur voluptatem distinctio itaque nemo aperiam nesciunt. maintenance,repair
22570,Cumque dolorum minus magnam. maintenance,repair
32409,Nobis porro asperiores corporis sapiente eligendi eius. maintenance,repair
21279,Dolorem aperiam numquam eum odit. maintenance,decommissioned
53331,Consequuntur aliquam debitis molestiae doloribus magni. maintenance,decommissioned
32874,Qui eum delectus recusandae ipsam. maintenance,functional
47162,Quas enim facilis similique molestias magni. maintenance,repair
39585,Earum cum nihil. maintenance,decommissioned
14560,Quia similique quis. maintenance,decommissioned
90903,Iste commodi cumque alias magnam. maintenance,functional
14582,Aperiam labore tempore deleniti nemo hic occaecati. maintenance,decommissioned
94729,Aliquam voluptas unde. maintenance,decommissioned
9259,Est delectus voluptatem dolorem dicta. maintenance,decommissioned
80965,Alias hic voluptates blanditiis at. maintenance,repair
98049,Perferendis aut totam molestias. maintenance,functional
44889,Pariatur magnam corrupti autem. maintenance,decommissioned
4825,Fuga optio consectetur laudantium ab nemo impedit quis. maintenance,functional
99086,Quaerat maiores nostrum aliquid beatae. maintenance,functional
72419,Dicta magni recusandae ipsam consequatur ipsum. maintenance,repair
97140,Facere inventore iste accusantium ab expedita. maintenance,decommissioned
62452,Architecto non alias atque debitis. maintenance,repair
15855,Deleniti repellat illo nam. maintenance,decommissioned
75072,Est corporis consequuntur facere. maintenance,decommissioned
11483,Repellendus aliquam est quam dignissimos facere. maintenance,repair
90119,Aliquam cum aut eos cupiditate necessitatibus maxime. maintenance,decommissioned
61267,Similique facilis laudantium eligendi. maintenance,functional
70312,Blanditiis porro aperiam natus repellendus laudantium est inventore. maintenance,decommissioned
34003,Sed animi dolorum nobis culpa sunt. maintenance,functional
53807,Reiciendis rem nobis adipisci nemo. maintenance,functional
33663,Rem laborum expedita beatae. maintenance,repair
68124,Repudiandae pariatur quia quae facilis eligendi. maintenance,repair
48195,Labore odit quasi rerum eveniet eum. maintenance,functional
27747,Aspernatur quae asperiores quos hic. maintenance,repair
25670,Molestias dolore doloremque recusandae minima laboriosam. maintenance,functional
49638,Quibusdam quam harum quaerat earum nesciunt at. maintenance,repair
92666,Animi possimus omnis vitae officia deserunt. maintenance,functional
30562,Voluptatem debitis accusantium dolore. maintenance,functional
99839,Laborum officia totam at eum natus. maintenance,functional
76313,Explicabo ullam nesciunt exercitationem. maintenance,repair
1975,Dolor minima itaque voluptate magni tempore. maintenance,functional
3720,Quisquam dolores voluptate possimus. maintenance,repair
61523,Aliquid iste iusto quod. maintenance,repair
93913,Nemo accusamus vitae necessitatibus. maintenance,repair
78287,Non odit harum commodi assumenda inventore. maintenance,decommissioned
52015,Vel inventore occaecati odio. maintenance,decommissioned
27121,Qui nemo ratione dolores quod voluptate facilis. maintenance,decommissioned
6689,Quam ab voluptates doloremque odit. maintenance,decommissioned
19920,Impedit tempora veniam quos vel maxime dolorem. maintenance,functional
24255,Nemo quasi commodi veniam cupiditate laboriosam. maintenance,repair
57296,Assumenda alias qui veniam. maintenance,repair
88523,Qui deserunt voluptate esse rerum. maintenance,repair
40404,Corrupti eligendi quidem tenetur pariatur iusto assumenda. maintenance,decommissioned
64089,Officia autem tempore at excepturi quidem. maintenance,functional
64591,Pariatur consectetur laborum error adipisci dolores. maintenance,decommissioned
68169,Impedit occaecati error nemo eos. maintenance,functional
99751,Nesciunt vero est fugit ut. maintenance,repair
52362,Iste impedit deserunt natus voluptatem. maintenance,decommissioned
48600,Nisi autem porro consectetur. maintenance,decommissioned
33581,Praesentium mollitia unde quos ipsa fuga dignissimos. maintenance,repair
44937,Temporibus eaque eos tempore sint deserunt et odio. maintenance,repair
77375,Officia necessitatibus doloribus ratione ab. maintenance,repair
55326,Nulla repudiandae animi sunt a. maintenance,functional
20270,Nam omnis explicabo quod doloribus impedit. maintenance,functional
69276,Dolore minus quo dignissimos unde odit. maintenance,functional
40854,Possimus deleniti dolore sed ex praesentium consectetur in. maintenance,decommissioned
52289,Temporibus reprehenderit similique ab exercitationem. maintenance,decommissioned
30330,Exercitationem dolore minima necessitatibus. maintenance,decommissioned
45323,Minima repellat error quam. maintenance,functional
9369,Aperiam illum ab veniam ipsum. maintenance,decommissioned
10770,Debitis cumque veritatis voluptatum earum. maintenance,functional
10296,Pariatur ipsam sapiente quaerat. maintenance,repair
25445,Perferendis magni non excepturi repellendus nihil. maintenance,functional
21386,Eligendi commodi iusto nisi est aliquid laboriosam. maintenance,functional
47595,Quaerat dolor unde ad nemo recusandae eius. maintenance,decommissioned
60164,Itaque quisquam voluptas. maintenance,repair
87097,Sapiente veniam dolores aut. maintenance,decommissioned
38642,Ut consectetur quibusdam alias quam. maintenance,repair
26760,Voluptates commodi ea. maintenance,functional
17924,Sequi placeat debitis vel et consequatur doloribus. maintenance,functional
69382,Eaque animi modi alias odio. maintenance,functional
41209,Animi dolore quidem amet quam inventore veritatis. maintenance,decommissioned
51030,Odio consequatur fugit veritatis. maintenance,repair
76356,Voluptas voluptates natus saepe debitis voluptas quos. maintenance,functional
29476,Itaque minima rem ex quidem quaerat voluptatum. maintenance,functional
33913,Debitis deserunt expedita sunt cumque fuga molestiae sunt. maintenance,decommissioned
81908,Quae facere expedita quidem. maintenance,repair
46760,Molestias saepe odio voluptatibus voluptatibus eum. maintenance,repair
69485,Rem quod sint nisi ipsa inventore sint. maintenance,functional
78385,Beatae numquam in tenetur quia facilis facilis. maintenance,functional
19437,Officia laboriosam aut unde fugit maxime fugiat voluptates. maintenance,functional
15763,Suscipit repellendus officia earum. maintenance,repair
27319,Vel officiis sapiente numquam reiciendis sapiente nam. maintenance,functional
69661,Necessitatibus quia cum enim expedita nesciunt ab itaque. maintenance,decommissioned
55713,Eos sequi cumque molestias provident modi. maintenance,functional
29260,Sunt accusantium quidem ipsam cum nulla possimus. maintenance,decommissioned
46043,Dolorum modi molestias fuga assumenda autem molestias eveniet. maintenance,functional
13724,Harum quidem excepturi quo ad laudantium dolores voluptatibus. maintenance,repair
52293,Id necessitatibus cumque doloremque molestias. maintenance,repair
39635,Placeat itaque nobis tenetur velit recusandae eveniet. maintenance,functional
29851,Debitis reiciendis doloremque reiciendis qui. maintenance,decommissioned
62653,Tempore quasi amet minima deserunt accusamus. maintenance,repair
32171,Magni nobis rerum quis magni. maintenance,repair
30374,Recusandae ad veritatis sunt quae itaque ex. maintenance,repair
43645,Voluptatibus dolore error laborum nulla aperiam culpa. maintenance,functional
18636,A error repellendus occaecati veritatis rem. maintenance,functional
44493,Iste rerum praesentium tempora eveniet tenetur dolores. maintenance,functional
12020,Earum laudantium explicabo dolore corporis et excepturi cum. maintenance,repair
13785,Itaque at eos. maintenance,repair
48521,Sequi at hic doloremque molestiae. maintenance,functional
93997,Minima autem tenetur ex. maintenance,decommissioned
75156,Ullam necessitatibus sint deleniti ab. maintenance,functional
40703,Atque earum occaecati ratione voluptates ad. maintenance,decommissioned
53749,Placeat atque eos provident nostrum ipsum. maintenance,decommissioned
87338,Consequuntur ea error assumenda praesentium reprehenderit. maintenance,functional
8587,Quae hic repudiandae nulla debitis maiores aspernatur. maintenance,decommissioned
63366,Provident autem nihil expedita unde eligendi molestias. maintenance,repair
30104,Nihil non eligendi possimus repudiandae atque. maintenance,functional
22821,Voluptatem totam rem alias libero voluptatibus totam. maintenance,decommissioned
29966,Sed harum nisi omnis expedita laborum fugit. maintenance,decommissioned
89417,Adipisci omnis repudiandae dolorum nobis nesciunt. maintenance,decommissioned
48094,Nostrum sit deserunt. maintenance,repair
46685,Maxime asperiores maxime. maintenance,repair
45775,Saepe aperiam delectus dolore deleniti iure. maintenance,functional
93513,Mollitia recusandae quos laboriosam unde voluptate. maintenance,repair
46846,Ullam veniam ipsum. maintenance,functional
70522,Quidem labore minima nulla commodi. maintenance,repair
85249,Saepe minus quia quibusdam possimus nostrum nisi. maintenance,repair
15513,Iure cum blanditiis magnam praesentium minus omnis doloribus. maintenance,repair
15096,Optio doloribus temporibus dicta et iure. maintenance,repair
25528,Fuga maiores doloribus numquam vitae. maintenance,repair
16627,Illum assumenda vel harum. maintenance,repair
31491,Exercitationem in laborum quisquam rerum vitae beatae. maintenance,decommissioned
50343,Libero quibusdam veniam labore ipsum ratione nisi. maintenance,repair
2636,Eum aperiam assumenda harum ipsam cum suscipit. maintenance,functional
9757,Labore sed eligendi alias quas rerum. maintenance,repair
37318,Harum nemo alias consequuntur incidunt cupiditate. maintenance,repair
27713,Laborum consequatur quo optio alias. maintenance,decommissioned
74350,Saepe adipisci doloremque nulla aspernatur ipsam porro. maintenance,decommissioned
94526,Fuga adipisci quaerat recusandae inventore placeat similique quis. maintenance,decommissioned
47275,Distinctio praesentium at. maintenance,functional
49799,Quas quo dolor odit quod voluptas. maintenance,decommissioned
75513,Natus incidunt necessitatibus dignissimos. maintenance,functional
95513,Nam a exercitationem aspernatur doloremque aliquid. maintenance,functional
98067,Sint maxime eaque ipsum autem tempore voluptate repudiandae. maintenance,repair
73076,Delectus et sunt repellat tempora. maintenance,repair
77669,Porro dolorem at. maintenance,functional
32117,Id tempora beatae veritatis nemo perferendis non consequatur. maintenance,functional
50998,Illum accusamus tempore explicabo nesciunt aut. maintenance,decommissioned
25734,Quia voluptas aspernatur eveniet. maintenance,decommissioned
91563,Inventore itaque laudantium officia quis sit amet aut. maintenance,decommissioned
77110,Perferendis assumenda commodi perferendis odit voluptatibus. maintenance,repair
55517,Culpa alias non adipisci qui provident eum. maintenance,decommissioned
12292,Ullam assumenda numquam earum voluptas repellat ducimus. maintenance,repair
48649,Ab cupiditate fugiat necessitatibus. maintenance,decommissioned
33062,Exercitationem harum accusamus dolore soluta optio. maintenance,functional
79009,Animi similique fugit illum nostrum dolorum tenetur. maintenance,decommissioned
56778,Natus occaecati porro repudiandae necessitatibus. maintenance,functional
6840,Alias dolor at quae incidunt officiis placeat. maintenance,functional
11420,Magnam amet doloremque similique inventore illum quaerat aperiam. maintenance,decommissioned
87572,Iure cum placeat vel in illum. maintenance,repair
45329,Illo ducimus exercitationem dignissimos. maintenance,repair
63429,Ipsam perferendis dignissimos ab laudantium. maintenance,repair
51322,Aut error possimus rem a. maintenance,functional
97861,Beatae perferendis debitis tempora. maintenance,functional
74865,Ea reprehenderit perferendis dignissimos quos ipsa nam architecto. maintenance,repair
45097,Ab mollitia excepturi sunt expedita. maintenance,functional
55427,Ducimus ipsum blanditiis necessitatibus. maintenance,functional
23715,Natus facere ducimus. maintenance,functional
12068,Maxime occaecati ad sunt a ipsa ducimus. maintenance,functional
6254,Perferendis voluptas exercitationem quisquam dolores natus voluptatibus. maintenance,functional
14874,Sapiente natus error. maintenance,decommissioned
11007,Quaerat animi animi repudiandae vitae nemo atque. maintenance,decommissioned
17484,Quas vero incidunt. maintenance,decommissioned
1089,Eos perferendis repellat temporibus deserunt necessitatibus. maintenance,decommissioned
99837,Natus nesciunt atque deleniti. maintenance,repair
36219,Ea nesciunt esse occaecati corporis dolor. maintenance,decommissioned
62114,Voluptatem itaque atque enim eum itaque sunt. maintenance,decommissioned
37797,Ea exercitationem accusamus repellendus sed ipsum. maintenance,functional
9776,Mollitia vel facilis dicta. maintenance,repair
70759,Maxime hic non aut magni voluptatibus. maintenance,repair
71609,Labore distinctio assumenda eius. maintenance,functional
20628,Deleniti deserunt dolorum. maintenance,decommissioned
21401,Est quam eligendi tempora ad quod. maintenance,functional
40495,Minus eum optio aspernatur repellendus doloremque aliquid odit. maintenance,functional
72832,Voluptatibus esse perspiciatis a. maintenance,functional
69113,Non rerum vitae placeat placeat consequuntur. maintenance,repair
87693,Vero et et. maintenance,decommissioned
13750,Doloribus dignissimos magni ad. maintenance,decommissioned
29101,Aperiam eligendi cum aut. maintenance,repair
29731,Cupiditate nobis recusandae dolore libero fuga laboriosam. maintenance,repair
85453,Dolorum ex qui. maintenance,decommissioned
17554,Quaerat laboriosam facere maxime. maintenance,decommissioned
45021,Optio dolore nisi saepe. maintenance,decommissioned
43123,Architecto maiores quam a aspernatur earum deserunt. maintenance,decommissioned
14798,Voluptatem aliquid beatae facere doloremque. maintenance,repair
19849,Architecto aspernatur magnam odit repellendus excepturi sed. maintenance,functional
3045,Fugiat itaque commodi ea aspernatur. maintenance,decommissioned
84623,Eaque numquam atque ex sit aliquid odio. maintenance,functional
29921,Natus facere accusamus voluptatibus mollitia sequi soluta perferendis. maintenance,repair
41789,Ex provident deserunt quas rerum nesciunt. maintenance,functional
39471,Explicabo odio labore doloribus qui quam harum. maintenance,decommissioned
29793,Nulla ex libero ducimus illo exercitationem adipisci nisi. maintenance,decommissioned
13761,Alias facere vel hic veniam. maintenance,repair
72478,Libero quisquam ab cumque dolor quis debitis. maintenance,repair
75849,Minus necessitatibus ea iusto perferendis laudantium. maintenance,functional
35151,A beatae ipsam quidem repellendus blanditiis. maintenance,functional
5510,Expedita quos in harum quidem nihil. maintenance,repair
62032,Cupiditate blanditiis vitae reiciendis nobis architecto minus animi. maintenance,functional
13149,Autem quo cum corrupti accusantium aperiam vero. maintenance,repair
77134,Magnam nisi quo ullam. maintenance,repair
25458,Hic occaecati debitis delectus ratione voluptas. maintenance,decommissioned
46910,Nihil a sit. maintenance,decommissioned
66750,Natus quibusdam velit tenetur odio nihil. maintenance,decommissioned
48487,Cum nihil quaerat distinctio a repellat debitis. maintenance,decommissioned
33236,Nihil culpa impedit explicabo at sed neque. maintenance,functional
6530,Maiores sint alias. maintenance,decommissioned
13821,Molestias repellendus dicta ratione beatae nemo cum. maintenance,decommissioned
14784,Nesciunt praesentium veniam. maintenance,functional
36576,Ipsam vero quam nesciunt cupiditate cupiditate a. maintenance,functional
78882,Voluptatem nisi suscipit a quas commodi. maintenance,decommissioned
5498,Eligendi voluptas facilis. maintenance,repair
26666,Distinctio autem natus possimus eum tenetur porro. maintenance,decommissioned
44251,Suscipit saepe nam consequatur numquam. maintenance,decommissioned
31872,Id laboriosam animi autem porro alias laudantium sed. maintenance,repair
89516,Ipsam omnis quaerat soluta assumenda. maintenance,functional
29353,Omnis minus natus facilis fugiat corporis. maintenance,repair
73470,Consequatur nulla mollitia nam. maintenance,repair
76285,Illo est quos eius ut ullam quidem. maintenance,decommissioned
38836,Porro alias non maxime. maintenance,decommissioned
92882,Fugit consectetur dolor blanditiis asperiores. maintenance,repair
5879,Iste eos eum eius. maintenance,functional
34593,Cupiditate velit porro deserunt reprehenderit placeat veniam. maintenance,repair
38910,Voluptas in omnis quis. maintenance,repair
25221,Tempore dolorem eaque sequi quo deleniti eos. maintenance,repair
14002,Recusandae possimus aut. maintenance,decommissioned
32279,Quasi exercitationem voluptas fugiat aliquid corporis. maintenance,repair
55973,Repellendus non aperiam eaque error nesciunt harum aperiam. maintenance,functional
1135,Expedita sequi officiis enim beatae eveniet. maintenance,functional
72534,Unde cum numquam quisquam. maintenance,functional
36401,Itaque libero dignissimos assumenda quos corrupti quo. maintenance,decommissioned
95210,Soluta aspernatur vero laudantium eos. maintenance,repair
42541,Quo repellendus in quis excepturi consequuntur. maintenance,functional
85824,Porro est voluptates saepe. maintenance,repair
40112,Animi libero sequi odio fuga cum ea fugit. maintenance,decommissioned
60632,Fuga qui beatae doloribus cum. maintenance,functional
1126,Sint itaque perferendis ut modi voluptate. maintenance,decommissioned
16801,Facere enim necessitatibus inventore aut ab corrupti. maintenance,decommissioned
14781,Odit cumque alias saepe incidunt quis cumque temporibus. maintenance,repair
13058,Praesentium odit in tenetur est incidunt natus. maintenance,repair
21561,Repellat numquam repellat est iusto vero. maintenance,repair
26304,Dolorum corporis omnis. maintenance,functional
10735,Accusamus iusto illum ex molestiae ut reiciendis. maintenance,decommissioned
44669,Ipsam est accusantium eos voluptatum assumenda. maintenance,functional
28126,Ratione perspiciatis provident nesciunt. maintenance,decommissioned
42159,Dicta tempore quod quo magni culpa architecto. maintenance,repair
14722,Eius quam accusamus est nobis atque itaque. maintenance,repair
42790,Fugit eum esse quis repellendus ipsam repudiandae. maintenance,functional
69094,Unde explicabo esse. maintenance,repair
43167,Reprehenderit at facilis earum optio. maintenance,functional
55845,Eius quam quis velit. maintenance,decommissioned
22688,Molestiae perferendis minus recusandae dolores deserunt esse dolorum. maintenance,repair
4358,Porro eligendi libero itaque. maintenance,functional
64586,Quis odio quasi hic. maintenance,repair
32959,Magnam consectetur esse velit aliquam distinctio. maintenance,decommissioned
32661,Nostrum sint explicabo cum eligendi cum. maintenance,decommissioned
6588,Cupiditate in voluptates earum architecto similique. maintenance,functional
54524,Itaque recusandae atque itaque soluta sint. maintenance,repair
99129,Rerum quia sit illum suscipit rem. maintenance,repair
85629,Officiis pariatur velit dolore. maintenance,repair
6293,Veniam amet consequatur cum. maintenance,repair
41562,Ea magnam sequi illum repellat minima. maintenance,decommissioned
81033,Facilis nobis id molestias veniam tempore. maintenance,decommissioned
36778,Minima temporibus alias officiis ex voluptatum nisi. maintenance,repair
30807,Fugit aspernatur nostrum neque. maintenance,functional
71917,Et doloremque cum facilis harum quidem voluptatibus. maintenance,repair
62623,Hic itaque quia. maintenance,functional
20280,Optio corrupti atque. maintenance,functional
34169,Veniam quis inventore cupiditate. maintenance,repair
59413,Voluptatum ea repudiandae eius voluptates praesentium quod. maintenance,decommissioned
45804,Voluptate reprehenderit et similique incidunt minus corporis recusandae. maintenance,repair
26447,Maiores neque ullam consequatur exercitationem. maintenance,functional
51849,Ut asperiores occaecati nam. maintenance,functional
27244,Distinctio illum et dolores. maintenance,decommissioned
59483,Possimus facere sint occaecati consequuntur commodi. maintenance,repair
67127,Molestiae rerum iste enim eum magnam. maintenance,repair
3020,Vitae rem animi necessitatibus voluptate quos a. maintenance,functional
78932,Inventore deserunt tempora laboriosam. maintenance,functional
14333,Voluptatum delectus pariatur occaecati commodi. maintenance,repair
96492,Ut ipsum facere. maintenance,decommissioned
19747,Quibusdam vel error ipsam praesentium minus ipsum. maintenance,functional
62800,Illum unde ipsam asperiores placeat ea sequi. maintenance,repair
73445,Assumenda ab praesentium consequuntur quia minima. maintenance,decommissioned
99438,Tenetur odio voluptas eaque. maintenance,functional
75618,Illo nam laudantium temporibus alias voluptates consequatur. maintenance,decommissioned
62929,Deserunt sapiente nam nam aliquam. maintenance,decommissioned
9296,Ullam ad ducimus. maintenance,functional
63994,Dolorem deserunt aperiam nulla sed natus. maintenance,functional
20977,Earum cum optio sit quas natus. maintenance,functional
17344,Tempore consectetur numquam excepturi. maintenance,functional
76861,Quisquam porro doloremque vel tempora. maintenance,functional
73518,Quaerat repellendus numquam id. maintenance,repair
23033,Aut excepturi labore eos. maintenance,functional
56398,Quae minima sequi. maintenance,functional
50276,Adipisci consequuntur eligendi rerum beatae repudiandae. maintenance,repair
60495,Ipsa doloribus consequatur incidunt minus nam voluptate. maintenance,decommissioned
67495,Pariatur soluta totam ad reprehenderit sunt alias. maintenance,repair
72031,Nam et vero numquam atque nostrum. maintenance,functional
80377,Suscipit tempora saepe repellat molestias reprehenderit blanditiis. maintenance,functional
12661,Veniam eaque quasi dolores sapiente quaerat iusto. maintenance,functional
1166,Aut maiores maxime voluptas. maintenance,decommissioned
66297,Possimus repellat magnam consequatur. maintenance,repair
71194,Accusantium hic optio. maintenance,decommissioned
87807,Laudantium quod unde iusto fuga quo expedita. maintenance,functional
62483,Repellat enim ipsum commodi et ducimus voluptatem. maintenance,repair
70230,Magnam eveniet quod consequatur omnis sint ipsam earum. maintenance,functional
96192,Quisquam illum tempore nobis quasi. maintenance,functional
92188,Rerum ratione voluptates magni nostrum. maintenance,repair
15153,Quisquam repellat porro dolorem quaerat. maintenance,repair
99780,Fuga sequi doloremque rem ad. maintenance,functional
11670,Tenetur debitis culpa est rerum. maintenance,decommissioned
15145,Reprehenderit velit cupiditate exercitationem tempore. maintenance,functional
8606,Fuga delectus voluptas at rerum accusantium saepe aliquam. maintenance,repair
79788,Accusamus labore minima recusandae quas quasi fugiat. maintenance,repair
84638,Rem mollitia temporibus voluptatibus voluptatum corporis. maintenance,repair
59267,Expedita rerum at. maintenance,functional
57598,Dolore perferendis quae repudiandae quo voluptatum. maintenance,functional
22547,Fugit iusto vero id illum. maintenance,repair
84989,Tempora architecto harum enim eos unde itaque. maintenance,repair
21011,Fuga repellendus aspernatur non. maintenance,functional
47238,Et magni in facere nesciunt. maintenance,decommissioned
81452,Dolore facilis ullam voluptas. maintenance,repair
21996,Suscipit velit amet non quae aut. maintenance,functional
75556,Velit cum aut exercitationem ea. maintenance,functional
48476,Assumenda id itaque deleniti atque veniam. maintenance,repair
76055,Voluptate facere inventore adipisci laudantium. maintenance,repair
76907,Labore saepe id culpa consectetur vero similique. maintenance,repair
36920,Aut laboriosam hic sapiente animi accusantium odit adipisci. maintenance,repair
73038,Tenetur voluptates pariatur error. maintenance,functional
5895,Et cum delectus. maintenance,decommissioned
24848,Nisi tempore aliquid corporis fugit expedita exercitationem. maintenance,repair
68335,Iure consequuntur magnam ratione perspiciatis ex sunt molestiae. maintenance,decommissioned
71826,Voluptates sequi saepe delectus deserunt temporibus. maintenance,functional
5730,Optio quas fuga laudantium ratione. maintenance,decommissioned
40088,Molestias earum consequuntur. maintenance,repair
93820,Explicabo at nulla mollitia nisi necessitatibus reiciendis. maintenance,functional
12768,Recusandae assumenda accusamus ab. maintenance,repair
61539,Consequuntur consectetur natus laboriosam id. maintenance,repair
97155,Dicta debitis harum ullam harum explicabo. maintenance,decommissioned
90544,Voluptate quaerat laboriosam earum nam. maintenance,functional
63141,Qui dolorum fuga unde. maintenance,decommissioned
8140,Magni voluptates animi accusantium. maintenance,functional
77650,Dolores vitae laudantium officia. maintenance,functional
16762,Dignissimos voluptas praesentium cupiditate. maintenance,repair
53734,Reiciendis voluptatibus impedit inventore. maintenance,repair
59945,Eligendi soluta et quis. maintenance,repair
40317,Quas laborum voluptates id. maintenance,decommissioned
95068,Nesciunt porro aperiam facere. maintenance,repair
75308,Culpa error praesentium necessitatibus. maintenance,repair
30626,Ratione labore ut tenetur reiciendis maiores. maintenance,functional
81626,Accusamus ullam veritatis. maintenance,functional
30788,Assumenda aliquid quasi modi eaque inventore. maintenance,decommissioned
81753,Placeat tenetur asperiores quaerat asperiores minus omnis aliquam. maintenance,repair
47345,Natus alias in repudiandae unde iure quas. maintenance,functional
70400,Vel fuga facere saepe et nam maiores quos. maintenance,repair
37334,Nihil et eum. maintenance,functional
52771,Incidunt vitae reiciendis fugiat excepturi esse eligendi cum. maintenance,decommissioned
50864,Praesentium beatae natus odit recusandae. maintenance,decommissioned
22177,Nemo molestias voluptatem vitae nesciunt dolorum commodi. maintenance,repair
7218,Quibusdam porro qui nam rem id. maintenance,repair
63699,Nihil animi placeat deleniti omnis natus. maintenance,repair
42105,Maxime veritatis hic aut repudiandae. maintenance,functional
75681,Voluptate occaecati architecto fugiat unde ducimus. maintenance,repair
63497,Nisi dicta omnis consequuntur facilis recusandae. maintenance,decommissioned
22673,Optio sint vitae esse. maintenance,functional
2923,Ab molestiae ipsum quos enim. maintenance,decommissioned
42602,Maiores temporibus itaque minus ab quos. maintenance,decommissioned
55279,Fugiat laudantium ut sequi architecto necessitatibus veniam. maintenance,decommissioned
71400,Optio delectus natus qui recusandae quos vitae. maintenance,decommissioned
31928,Eius at quibusdam quidem culpa. maintenance,repair
11403,Rerum suscipit quas ratione. maintenance,decommissioned
82581,Perferendis ex delectus nihil molestias ullam necessitatibus ducimus. maintenance,repair
51876,Cupiditate maxime reprehenderit assumenda necessitatibus officiis. maintenance,functional
95024,Autem fuga cum impedit nemo. maintenance,repair
32685,Nam porro dolor. maintenance,decommissioned
8547,Ut quasi ullam. maintenance,decommissioned
65781,Suscipit nam voluptatibus debitis explicabo sit quisquam. maintenance,repair
5224,Laborum modi quo itaque quos. maintenance,functional
53846,Tempore suscipit aspernatur iste cumque. maintenance,functional
70728,Doloribus excepturi laborum at. maintenance,decommissioned
72547,Qui vel laborum ea. maintenance,repair
87374,Eum ab a excepturi eligendi ad corrupti. maintenance,functional
36368,Ab fugit quae sunt deserunt provident. maintenance,repair
80946,Officiis expedita soluta reiciendis. maintenance,repair
90472,Aspernatur optio nam nihil ipsa inventore. maintenance,decommissioned
34571,Fuga sed veniam aut saepe quos quisquam. maintenance,functional
37388,Cum repellendus consectetur optio cupiditate ipsam totam sint. maintenance,decommissioned
64322,Ducimus quibusdam maxime magnam placeat. maintenance,repair
28523,Laudantium asperiores occaecati. maintenance,decommissioned
36581,Dolor facilis facere cumque natus. maintenance,functional
15492,Totam tempora ducimus laborum officia. maintenance,functional
87842,Explicabo quidem omnis maiores. maintenance,repair
12239,Sapiente consequuntur fuga maxime iusto aperiam. maintenance,functional
35033,Perspiciatis minima accusantium occaecati laudantium. maintenance,functional
5332,Suscipit ea amet sed alias. maintenance,functional
36798,Veritatis est pariatur itaque hic. maintenance,repair
8127,Consectetur atque excepturi minima unde est magni. maintenance,functional
40974,Ab quae laudantium aspernatur sunt corporis fugit. maintenance,decommissioned
16887,Neque inventore alias voluptatem ut. maintenance,repair
92396,Numquam dignissimos aspernatur soluta a. maintenance,functional
22162,Labore quam quibusdam porro officiis sed. maintenance,repair
37634,Nisi exercitationem quos porro quasi nihil voluptates. maintenance,repair
64492,Quo incidunt est cumque molestiae vitae. maintenance,repair
69847,Rem debitis cupiditate neque quos delectus. maintenance,repair
39069,Eligendi totam reprehenderit rerum dignissimos. maintenance,repair
18927,Recusandae repudiandae error laudantium molestias et quibusdam sint. maintenance,functional
34991,Magni ducimus sunt nulla cumque quibusdam quibusdam ullam. maintenance,decommissioned
90004,Porro minus cum facilis. maintenance,functional
49852,Doloremque voluptates iste placeat. maintenance,repair
83989,Sequi aliquid laborum id ipsam veritatis neque. maintenance,repair
8398,Ea ut voluptatem asperiores. maintenance,functional
24305,Doloremque similique asperiores cumque ex. maintenance,decommissioned
11114,Voluptatem totam rem ratione. maintenance,decommissioned
86547,Itaque nam minus fugit perferendis aliquam nisi ab. maintenance,repair
46013,Incidunt natus consequatur laudantium. maintenance,decommissioned
82802,Soluta magnam nesciunt nulla. maintenance,functional
87088,Enim sunt vitae perferendis. maintenance,decommissioned
16912,Enim quam dolores est et blanditiis vero. maintenance,decommissioned
41391,Facere quam dolor voluptatibus. maintenance,decommissioned
76014,Cum delectus non quasi. maintenance,functional
54628,Assumenda quis possimus repellat aliquam. maintenance,repair
38882,Accusamus tempora enim iste id sed eos expedita. maintenance,repair
95566,Dolor veritatis possimus architecto commodi commodi. maintenance,functional
83248,Perspiciatis nulla amet architecto rerum necessitatibus ipsa totam. maintenance,repair
33987,Non corrupti quae tempore numquam eligendi veritatis. maintenance,repair
86444,Nesciunt ipsum impedit consequatur aut officia vel. maintenance,functional
43731,Possimus sapiente neque dicta reprehenderit. maintenance,functional
98087,Cupiditate ut eius nam minima. maintenance,functional
64534,Blanditiis neque ipsa nulla. maintenance,decommissioned
87983,Minima exercitationem unde veritatis cum adipisci officiis. maintenance,decommissioned
87261,Quasi sint saepe possimus odit. maintenance,functional
70694,Veritatis modi sed pariatur repellendus. maintenance,functional
89856,Officia nisi eveniet ab iusto. maintenance,repair
58744,Dicta corporis officiis. maintenance,functional
24260,Unde quae iusto. maintenance,decommissioned
97209,Corrupti a commodi ducimus. maintenance,functional
87435,Voluptatem odio corporis a. maintenance,decommissioned
67489,Excepturi ducimus dolore architecto iure quos. maintenance,repair
15167,Esse neque laboriosam voluptate aliquid. maintenance,repair
67666,Atque dolor velit optio voluptate. maintenance,decommissioned
14929,Rem cupiditate recusandae exercitationem. maintenance,repair
72745,Fugit distinctio et. maintenance,functional
14860,Modi iste unde rem architecto earum non ipsam. maintenance,decommissioned
77535,Expedita rem perferendis sint. maintenance,repair
69981,Provident rem delectus pariatur. maintenance,decommissioned
75705,Magnam maiores nostrum enim recusandae commodi rerum. maintenance,decommissioned
75434,Sit expedita delectus amet aliquid vel consectetur. maintenance,functional
44622,Ratione architecto facilis. maintenance,decommissioned
46455,Ipsa consequuntur saepe magnam quae dolor iure. maintenance,repair
98363,Rerum nisi accusamus nihil eaque. maintenance,repair
71245,Minus laudantium iusto cumque minus nobis mollitia. maintenance,decommissioned
25590,Accusamus dolores cupiditate harum quo eius. maintenance,functional
30357,Eum maxime laboriosam aut quisquam aliquid ullam. maintenance,repair
94127,Deserunt suscipit doloribus eum possimus accusamus. maintenance,functional
6163,Fugiat ipsam blanditiis sit fugit praesentium. maintenance,decommissioned
90035,In in dolore tenetur corrupti. maintenance,functional
2718,Cum itaque quo quaerat. maintenance,decommissioned
92692,Dicta animi veniam praesentium. maintenance,repair
97172,Modi nemo iste fugit tempora nesciunt eos. maintenance,decommissioned
32165,Minima recusandae perferendis ipsum possimus quaerat autem maiores. maintenance,decommissioned
51702,Fuga necessitatibus ipsum doloremque vitae. maintenance,functional
70460,Minus nemo libero explicabo expedita aliquam aperiam labore. maintenance,repair
7995,Adipisci dolorem laborum placeat ut temporibus. maintenance,functional
79415,Tempora nemo doloremque ab molestias dicta saepe. maintenance,repair
53295,Magni culpa pariatur nostrum. maintenance,repair
29276,In aspernatur iste quo officia consectetur. maintenance,decommissioned
63121,Sunt architecto ipsum at voluptates quam ea. maintenance,decommissioned
10816,Aperiam commodi debitis animi officia atque. maintenance,decommissioned
35098,Praesentium natus autem odit nostrum. maintenance,decommissioned
84302,Molestiae at blanditiis numquam deserunt et perferendis. maintenance,decommissioned
75097,Sint perspiciatis accusamus natus libero quia. maintenance,repair
18208,Soluta neque cupiditate excepturi ratione. maintenance,repair
58811,Ipsam similique vero ea corporis voluptatibus blanditiis. maintenance,decommissioned
996,Facere voluptates omnis ratione accusantium. maintenance,decommissioned
52082,Totam corrupti iste maxime sapiente. maintenance,decommissioned
77782,Beatae architecto sunt similique. maintenance,decommissioned
95855,Earum voluptate libero voluptate. maintenance,repair
80603,Minus commodi nostrum sequi. maintenance,repair
88140,Voluptatum placeat quae nobis. maintenance,decommissioned
30980,Enim totam ad quas. maintenance,functional
86635,Excepturi quis quae itaque ex iusto ipsum. maintenance,repair
91319,Voluptate at soluta sunt. maintenance,decommissioned
11769,Laudantium maxime ad. maintenance,decommissioned
80761,Dignissimos omnis dicta quam quisquam accusantium commodi. maintenance,functional
5212,Optio rem expedita expedita. maintenance,decommissioned
45916,Dolor a quisquam ex. maintenance,repair
60343,Iusto aliquam sint doloribus consequuntur consectetur. maintenance,functional
1530,Praesentium nobis vitae accusantium aliquam. maintenance,repair
19644,Rerum tempore reiciendis magnam quas occaecati tempore. maintenance,functional
95247,Vitae dignissimos distinctio harum sed. maintenance,repair
64496,Voluptates voluptas culpa facere eaque. maintenance,decommissioned
84054,Quasi recusandae atque repellendus. maintenance,repair
13313,Maiores aperiam corrupti sed hic nihil aliquam sunt. maintenance,repair
2932,Autem veritatis minima veniam temporibus. maintenance,functional
25265,Soluta atque laboriosam a quasi eligendi sint. maintenance,repair
97842,Labore fuga nobis porro. maintenance,repair
34552,Nihil odio enim odit provident iste assumenda. maintenance,functional
12305,Eos quibusdam dicta doloremque iure modi praesentium. maintenance,decommissioned
71901,Maxime dolor velit illo quisquam. maintenance,decommissioned
58622,Similique quidem illo maxime aliquam nam soluta ea. maintenance,decommissioned
33142,Quas nostrum iste necessitatibus. maintenance,functional
3478,Repellendus animi tempore. maintenance,decommissioned
44528,Consequatur eius magni repellendus. maintenance,functional
86029,Quasi molestias quaerat corrupti ad nihil iste. maintenance,functional
65460,Facere quo nulla neque. maintenance,functional
72705,Ut minima perspiciatis ipsum minima enim iure. maintenance,functional
70858,Quidem ab at maiores quia. maintenance,decommissioned
92008,Porro facere iure similique velit consectetur harum. maintenance,functional
87230,Magni assumenda odio voluptates repudiandae. maintenance,decommissioned
12147,Fuga iusto nemo. maintenance,repair
86114,Saepe iusto perferendis id ea beatae dolores. maintenance,repair
75857,Voluptatibus labore eum pariatur dolores. maintenance,repair
3529,Esse maxime in enim natus occaecati. maintenance,repair
42755,Nostrum itaque fugit laudantium. maintenance,repair
59089,Fugit repudiandae sint corrupti. maintenance,functional
78298,Consequatur porro alias soluta possimus. maintenance,repair
31527,Culpa est assumenda cum at. maintenance,decommissioned
95000,Blanditiis iusto molestiae nihil. maintenance,decommissioned
8117,Itaque ea rem nobis possimus ex aut. maintenance,functional
19284,Veritatis consequuntur sed mollitia. maintenance,decommissioned
20979,Illum odit sapiente necessitatibus impedit maiores nam. maintenance,repair
83276,Ullam ipsa unde quaerat necessitatibus modi sunt. maintenance,functional
18394,Ipsum impedit cumque soluta enim ratione. maintenance,repair
36096,Dolorum voluptatibus reiciendis odit modi. maintenance,repair
56528,Quasi eius quod mollitia. maintenance,functional
26127,Amet sed tempore quas illo vero explicabo. maintenance,repair
98905,Explicabo ipsam inventore nesciunt at maxime. maintenance,repair
45453,Qui nisi dicta. maintenance,functional
34053,Similique numquam aspernatur. maintenance,repair
75189,A voluptatum eum cumque labore. maintenance,decommissioned
11909,Aspernatur molestias nesciunt quam vero. maintenance,decommissioned
43948,Quo soluta maiores doloribus debitis. maintenance,repair
42363,Vero corporis sed fugit animi ut facilis. maintenance,repair
49421,Voluptatum ut suscipit. maintenance,functional
29555,Temporibus autem vel impedit repellat neque laboriosam. maintenance,decommissioned
19585,Exercitationem possimus consequatur accusantium maiores. maintenance,repair
22173,Architecto cupiditate delectus maiores nulla voluptate animi. maintenance,functional
31798,Laborum facilis culpa iure natus. maintenance,functional
31004,Possimus quidem quidem suscipit asperiores. maintenance,repair
20178,Illo asperiores aliquid magnam corporis facere. maintenance,repair
55946,Quia aspernatur porro. maintenance,decommissioned
78207,Assumenda suscipit enim. maintenance,decommissioned
74633,Ullam perferendis quas illum. maintenance,decommissioned
67377,Ipsa temporibus sit voluptates dicta quia illo. maintenance,decommissioned
46849,Sequi quidem itaque corporis rem occaecati fuga. maintenance,decommissioned
67540,Quis expedita eveniet voluptatem. maintenance,repair
78009,Quas esse illo accusantium molestias voluptatem sit quod. maintenance,repair
48189,Porro et quae sequi expedita vel. maintenance,decommissioned
14976,Fugit excepturi incidunt consequatur est. maintenance,functional
78688,Recusandae dolor expedita fuga et. maintenance,decommissioned
144,Hic voluptates magni architecto cumque adipisci itaque. maintenance,decommissioned
35546,Deserunt doloribus in incidunt. maintenance,functional
9833,Voluptatibus nihil distinctio. maintenance,functional
89976,Soluta incidunt cupiditate harum repellat officiis. maintenance,decommissioned
27023,Nihil eius sequi eveniet eaque tempora deleniti. maintenance,repair
40886,Sit ipsa beatae ex at consequuntur commodi. maintenance,repair
27281,Animi labore ea. maintenance,functional
71566,Voluptates cum cum ex. maintenance,decommissioned
76236,Deserunt consectetur fugit deserunt. maintenance,functional
87417,At praesentium in porro ipsum. maintenance,repair
8024,Corrupti quam iure officiis quia praesentium molestiae. maintenance,repair
41916,In est reprehenderit commodi incidunt. maintenance,repair
77559,Ab soluta architecto optio velit ipsa. maintenance,decommissioned
53683,Fugit aliquam dolores iste sed beatae. maintenance,repair
81061,Neque necessitatibus aspernatur impedit ut optio repellendus. maintenance,functional
45685,Dolores et tenetur ipsum. maintenance,repair
68753,Vero saepe nesciunt illo optio. maintenance,functional
16809,Necessitatibus deleniti perferendis. maintenance,functional
43370,Harum esse iusto dolorum modi error necessitatibus. maintenance,decommissioned
6236,Dolor impedit nobis fugit illo excepturi. maintenance,repair
51735,Recusandae delectus ab hic aliquid dolore possimus corrupti. maintenance,functional
24250,Error nemo nihil quis voluptas. maintenance,repair
20633,Quibusdam inventore optio ratione minus quo. maintenance,repair
27579,Atque accusamus minus corporis deserunt. maintenance,repair
97729,Soluta pariatur cupiditate assumenda. maintenance,functional
6882,Accusamus nesciunt corrupti accusantium beatae delectus quam. maintenance,repair
6189,Nostrum inventore minima doloribus. maintenance,repair
6674,Odit dolore fugit odit veritatis rerum. maintenance,repair
46578,Doloribus unde voluptatum impedit. maintenance,repair
92868,Delectus dolor odio quos doloribus laudantium incidunt recusandae. maintenance,repair
87540,A esse vel dignissimos omnis exercitationem laborum voluptates. maintenance,decommissioned
94775,Reprehenderit maxime vitae nostrum commodi. maintenance,repair
58625,Et accusantium fugiat eligendi nulla a iure. maintenance,decommissioned
90129,Officiis cumque voluptates voluptate vel tenetur a. maintenance,repair
63341,Inventore doloribus eos quidem mollitia. maintenance,repair
15175,Consequuntur molestiae ad omnis placeat voluptates incidunt praesentium. maintenance,functional
73031,Esse fugit fuga itaque corrupti nam. maintenance,decommissioned
71873,Ipsam repudiandae at nesciunt adipisci rerum. maintenance,decommissioned
65362,Fuga quo eos voluptatem beatae. maintenance,repair
48727,Error veritatis nam molestiae quos assumenda et. maintenance,repair
83113,Dignissimos libero beatae quam recusandae. maintenance,functional
12473,Est velit ab cupiditate ea. maintenance,repair
14413,Qui cupiditate qui totam hic. maintenance,decommissioned
79463,Ipsam nam non dignissimos nesciunt. maintenance,functional
20910,Facere voluptatem commodi amet. maintenance,decommissioned
80254,Animi doloribus temporibus totam architecto fuga vero. maintenance,decommissioned
44873,Eos pariatur eveniet quo. maintenance,repair
50054,Ipsam beatae expedita porro aut. maintenance,functional
12917,Dicta hic ipsum. maintenance,functional
79770,Vitae ullam blanditiis illum perferendis consectetur. maintenance,decommissioned
48282,Officiis quas beatae fuga aliquam aperiam inventore. maintenance,decommissioned
5311,Eveniet pariatur assumenda occaecati laudantium temporibus. maintenance,repair
12079,Exercitationem ullam ad asperiores ut. maintenance,decommissioned
41929,Voluptatem accusamus explicabo. maintenance,decommissioned
17082,Incidunt perferendis non accusamus corrupti. maintenance,functional
46772,Nisi est fugit necessitatibus cum. maintenance,functional
56543,Praesentium ea tempora maiores fugiat praesentium. maintenance,functional
72665,Maiores debitis rem tenetur ipsam. maintenance,decommissioned
53586,Commodi odio assumenda officiis delectus. maintenance,repair
73104,Fuga deleniti alias ducimus harum. maintenance,functional
34455,Deleniti sint quisquam perferendis voluptatem quos. maintenance,decommissioned
97334,Iusto possimus veritatis facere eligendi illo. maintenance,functional
67636,Delectus quibusdam accusamus at illo ut inventore. maintenance,decommissioned
34154,Nostrum accusamus asperiores pariatur repellendus facilis perferendis. maintenance,decommissioned
74479,Aut ratione voluptatibus eos consequatur. maintenance,repair
36147,Vel vel repudiandae quasi. maintenance,decommissioned
67015,Sit iste illo eligendi voluptate dolorem eius. maintenance,decommissioned
57401,Illo voluptatum veniam id incidunt necessitatibus. maintenance,decommissioned
69713,Praesentium quod fuga dolore. maintenance,decommissioned
91438,Similique deserunt nulla expedita maiores. maintenance,functional
10254,Excepturi nemo soluta consequuntur harum. maintenance,functional
1905,Distinctio esse amet vero. maintenance,functional
39424,Minus ex architecto vel excepturi enim. maintenance,functional
45853,Iusto tempore deleniti alias non. maintenance,repair
79333,Voluptates tempora reprehenderit ipsum doloremque quas. maintenance,repair
84569,Sint illo reprehenderit velit at. maintenance,repair
68218,Illum vel officia optio nam. maintenance,decommissioned
50426,Blanditiis quam magni dolore vero rem est. maintenance,decommissioned
14766,Corporis eaque qui. maintenance,decommissioned
41465,Amet quasi eveniet dolores. maintenance,decommissioned
42941,Molestiae accusantium illum officia. maintenance,decommissioned
89329,Veniam iste sint ex repudiandae quia. maintenance,functional
30159,Repellendus nam explicabo in tempore alias totam. maintenance,decommissioned
84116,Mollitia itaque itaque necessitatibus neque occaecati debitis. maintenance,repair
29627,At quo quae voluptate quo ipsa earum. maintenance,decommissioned
92872,Incidunt aut sed repellat tenetur minus id quod. maintenance,repair
8213,Provident distinctio architecto. maintenance,repair
75986,Iste nam at veritatis ad quo. maintenance,decommissioned
45405,Repellendus alias sequi exercitationem. maintenance,functional
65844,Nihil provident quos non voluptatum. maintenance,functional
4363,Quae veniam perspiciatis ex vitae fugiat repudiandae. maintenance,decommissioned
19669,Veniam eaque saepe quia sapiente. maintenance,repair
71487,Est blanditiis suscipit doloribus dolorem non. maintenance,functional
97201,Deserunt sit minus iste maiores. maintenance,repair
15401,Quidem eum exercitationem tenetur eius. maintenance,decommissioned
72842,Illo fugit facere omnis nisi harum. maintenance,decommissioned
14958,Voluptas impedit minima voluptate ipsum. maintenance,decommissioned
48403,Ipsam minima ducimus natus a voluptatum. maintenance,decommissioned
66565,Nam labore cum. maintenance,decommissioned
85227,Eveniet odio suscipit quas amet. maintenance,decommissioned
24370,Dolores eaque odio tempore officia. maintenance,decommissioned
2393,Nesciunt magni molestias quo veniam. maintenance,decommissioned
12012,Totam impedit id. maintenance,functional
31577,Doloribus eum aspernatur vitae beatae velit doloribus. maintenance,repair
96494,Quae optio voluptas deleniti aut minima nemo. maintenance,functional
25788,Voluptatem reiciendis error eligendi voluptatibus. maintenance,functional
57543,Ad at omnis neque autem iure. maintenance,decommissioned
73519,Molestias explicabo unde quam. maintenance,decommissioned
30352,Sit maiores labore tempore porro. maintenance,functional
11311,Cum quia explicabo illo. maintenance,repair
49495,Illo nemo maxime cupiditate eligendi quae. maintenance,functional
77575,Rerum enim atque laboriosam exercitationem. maintenance,functional
27712,Deleniti vel harum eius maxime ea. maintenance,repair
8152,Dolores ratione voluptatum ratione earum quaerat error deleniti. maintenance,functional
86240,Ad nemo tenetur facere. maintenance,functional
34077,Quia cumque explicabo eos suscipit ipsa tempore. maintenance,decommissioned
82263,Nesciunt numquam corrupti. maintenance,repair
24222,Ducimus consequuntur cumque similique. maintenance,functional
44643,Ipsa eligendi odit adipisci ut vero. maintenance,decommissioned
98957,Atque error vel aspernatur placeat aperiam sed debitis. maintenance,decommissioned
78863,Accusantium nemo amet non illum cumque. maintenance,repair
43856,Eius voluptatibus ad iure velit repudiandae. maintenance,functional
42978,Ex amet repellendus ut iste commodi nostrum. maintenance,repair
75266,Expedita vel cupiditate. maintenance,decommissioned
24054,Vero dicta nihil consequuntur dolore facere tenetur. maintenance,decommissioned
61136,Voluptatibus consequatur culpa consequatur alias quia temporibus. maintenance,decommissioned
46010,Repellendus temporibus repudiandae odio. maintenance,decommissioned
64633,Ratione sint maiores ipsa. maintenance,functional
72066,Consectetur culpa perspiciatis magnam exercitationem. maintenance,repair
85784,Culpa perferendis optio delectus dolore pariatur. maintenance,functional
99164,Omnis exercitationem deserunt quo quis. maintenance,repair
38711,Eaque modi omnis perferendis. maintenance,repair
96666,Quas ab fugiat soluta maiores saepe dicta. maintenance,repair
26188,Quia tempora dolor reprehenderit aut facilis esse. maintenance,decommissioned
48913,Eum ipsa deleniti quae aut iusto temporibus. maintenance,functional
95987,Autem accusamus alias repellendus. maintenance,functional
92537,Ea aliquam autem autem maxime. maintenance,decommissioned
38220,Dignissimos quas excepturi. maintenance,repair
98675,Tempore recusandae blanditiis corrupti. maintenance,decommissioned
58121,Fugiat mollitia ipsum itaque aliquid. maintenance,decommissioned
82647,Eveniet reprehenderit eos quia veritatis consectetur blanditiis. maintenance,functional
73140,Vero vero impedit sapiente eligendi vel. maintenance,repair
85360,Magni distinctio doloremque voluptatibus sed possimus nam. maintenance,repair
76414,Possimus fuga velit minus nulla. maintenance,repair
20372,Nisi totam alias minima. maintenance,functional
49840,Dolor quisquam facilis. maintenance,functional
23671,Magni soluta vero quae maxime temporibus. maintenance,decommissioned
1640,Nulla odio nesciunt minima sapiente doloribus. maintenance,repair
77261,Asperiores molestias consequatur aut quis eaque perspiciatis. maintenance,decommissioned
98371,Natus a assumenda excepturi rem sit distinctio. maintenance,decommissioned
46407,Corporis magnam distinctio. maintenance,functional
98770,Quidem illo voluptates quisquam. maintenance,repair
82101,Excepturi modi repudiandae sapiente. maintenance,repair
92745,Ducimus facere eos deserunt enim. maintenance,repair
43547,A qui porro voluptatem exercitationem expedita occaecati. maintenance,decommissioned
34464,Consequuntur dicta quibusdam odit rerum sunt est. maintenance,decommissioned
82542,Asperiores veritatis sapiente eius necessitatibus. maintenance,repair
2396,Veniam a vel nostrum quisquam. maintenance,decommissioned
63613,Dolor rem a sit minus quae consequatur. maintenance,repair
50954,Similique ipsum distinctio amet atque distinctio. maintenance,repair
97494,Porro nam tempore aspernatur laudantium alias. maintenance,repair
17185,Ducimus ipsam et. maintenance,functional
6552,Inventore eos cum nostrum nihil neque aut nostrum. maintenance,decommissioned
38041,Saepe pariatur maxime perferendis maxime. maintenance,functional
67578,Et nesciunt excepturi quas commodi ullam natus. maintenance,functional
62765,Aliquid aliquid voluptas eligendi sequi. maintenance,decommissioned
46432,Ex aliquid at distinctio eaque expedita doloribus quidem. maintenance,repair
98023,Exercitationem aliquam voluptates aut aspernatur. maintenance,repair
46272,Ad porro autem corrupti quae et facilis. maintenance,functional
16641,Quae cum adipisci facilis. maintenance,repair
140,Officia ipsa at quo eius recusandae corrupti dolor. maintenance,decommissioned
16185,Laborum vero voluptas quaerat minima voluptatibus. maintenance,repair
8522,Commodi voluptatibus eum quos. maintenance,repair
50001,Nesciunt repellendus ipsa voluptas. maintenance,repair
69304,Officia distinctio illo dolorum saepe. maintenance,functional
63563,Est nihil molestias. maintenance,decommissioned
24803,Ducimus natus dolore consectetur aut voluptate voluptatem nostrum. maintenance,functional
81842,Quaerat ab quaerat esse eveniet rem veritatis sint. maintenance,functional
49585,Facilis adipisci veniam rerum. maintenance,repair
11751,Tempora aperiam nobis rerum excepturi nemo necessitatibus. maintenance,decommissioned
36552,Est ratione libero sit natus quas libero. maintenance,functional
12848,Temporibus excepturi quia nam odio officiis quis. maintenance,functional
73195,Animi quos facilis eius at nulla repellendus. maintenance,decommissioned
47858,Vitae occaecati praesentium id sequi. maintenance,repair
52654,Repellendus voluptatum quae expedita ducimus laborum reiciendis. maintenance,decommissioned
59281,Modi quos iusto iste. maintenance,decommissioned
13429,Nulla saepe neque nam labore quas. maintenance,functional
73187,Accusantium et accusamus atque nihil at deserunt. maintenance,repair
66143,Occaecati doloribus dignissimos voluptatem repudiandae. maintenance,functional
87407,At quibusdam vel eligendi harum odio totam. maintenance,repair
85316,Inventore odio fugiat illo repudiandae nulla. maintenance,decommissioned
47462,Ullam explicabo qui. maintenance,decommissioned
87619,Molestias facere eveniet modi ratione laboriosam. maintenance,functional
83885,Repellendus vitae quaerat eveniet. maintenance,functional
59808,Beatae quia consequatur aspernatur unde. maintenance,functional
4271,Quod voluptatum est ipsam. maintenance,repair
83101,Deserunt sapiente sed quae veritatis commodi. maintenance,decommissioned
93925,Accusantium nostrum qui adipisci saepe. maintenance,decommissioned
67289,Repellat ab veniam temporibus culpa magni natus. maintenance,functional
60389,Suscipit inventore fuga. maintenance,functional
80865,Saepe facilis eius pariatur repellat. maintenance,repair
15453,Nostrum quasi placeat ipsa laborum consectetur. maintenance,decommissioned
62710,Molestiae deserunt possimus iste eveniet provident. maintenance,functional
70074,Aliquid asperiores quis illum architecto amet tempora. maintenance,decommissioned
63887,Iusto sit perspiciatis repellendus quae soluta. maintenance,repair
58386,Molestiae eveniet nihil sunt. maintenance,decommissioned
43803,Necessitatibus voluptatum sit accusamus. maintenance,decommissioned
85922,Quibusdam nihil voluptatem aliquid est error neque vel. maintenance,functional
83534,Natus quisquam impedit nam adipisci rerum temporibus. maintenance,repair
64802,Similique laboriosam omnis culpa doloribus dolore adipisci. maintenance,functional
49151,Quasi vero magni assumenda dolores sequi culpa. maintenance,functional
42519,Esse ratione autem amet. maintenance,functional
72100,Veritatis commodi maiores laudantium tenetur sit minus expedita. maintenance,functional
56362,Cumque velit distinctio magnam aperiam culpa eveniet natus. maintenance,functional
97755,Mollitia perspiciatis animi enim. maintenance,functional
53741,Maxime quasi accusantium quod facere. maintenance,functional
9515,Autem ipsum doloribus sint similique quae eligendi quisquam. maintenance,repair
33286,Eius eos officiis neque accusantium voluptatibus dolorum. maintenance,repair
4705,Aut nemo ab inventore. maintenance,repair
25134,Soluta iste deserunt pariatur quisquam a. maintenance,decommissioned
69659,Voluptate quo aliquam. maintenance,functional
67259,Praesentium veniam sunt unde omnis aliquid. maintenance,repair
51269,Sunt autem eos harum quis accusantium. maintenance,repair
28366,Labore consequatur accusantium esse magnam odio quasi similique. maintenance,decommissioned
33793,Illum aut magni nisi alias excepturi beatae id. maintenance,functional
65116,Magni reiciendis quaerat laboriosam cupiditate quod beatae dolore. maintenance,decommissioned
50623,Pariatur numquam eos corrupti atque asperiores consectetur. maintenance,functional
29427,Aut cum nulla reiciendis. maintenance,decommissioned
32351,Iusto natus at totam. maintenance,repair
35204,Labore repellendus optio molestiae molestias. maintenance,functional
63449,Mollitia cum sequi repellendus porro expedita. maintenance,decommissioned
14005,Earum molestiae quae aliquid saepe. maintenance,repair
32216,Hic quas iste impedit cupiditate. maintenance,repair
93844,Quisquam dolorum necessitatibus est quibusdam voluptas soluta. maintenance,functional
32397,Dolorum id voluptatibus velit nemo tenetur quibusdam. maintenance,decommissioned
50794,Possimus doloremque doloribus numquam. maintenance,repair
51755,Perferendis corporis asperiores molestias saepe aspernatur. maintenance,decommissioned
37933,Rerum neque accusantium. maintenance,functional
76193,Quas similique quas sapiente aut dolorum. maintenance,functional
43467,Possimus natus a doloremque enim distinctio. maintenance,repair
80770,Voluptates iusto impedit debitis esse non incidunt dicta. maintenance,decommissioned
81928,Autem placeat impedit vero. maintenance,decommissioned
20214,Possimus alias dolorem eligendi debitis nihil. maintenance,functional
10499,Accusamus iste quas perspiciatis optio consequatur sequi voluptate. maintenance,functional
73883,In hic reiciendis officiis culpa. maintenance,repair
82364,Porro maxime omnis beatae fugit id. maintenance,repair
87143,Similique alias molestias occaecati exercitationem quisquam ad ea. maintenance,decommissioned
66358,Magni reiciendis aperiam dolorem. maintenance,functional
72102,Natus ex nisi laboriosam. maintenance,functional
67131,Eligendi culpa ut excepturi. maintenance,functional
32843,Ipsum asperiores repellat provident sequi modi. maintenance,repair
6730,Cum numquam exercitationem fugit eius eveniet. maintenance,decommissioned
80300,Deleniti voluptatem eligendi. maintenance,repair
6139,Est officia illo placeat dolor. maintenance,decommissioned
98304,Facere omnis reprehenderit modi. maintenance,decommissioned
2519,Facere placeat tenetur nemo sequi dolorem sunt magnam. maintenance,functional
82954,Provident asperiores repudiandae fugit molestiae fugit alias. maintenance,functional
82106,Dolor animi occaecati saepe. maintenance,functional
70095,Ducimus dolorem aperiam suscipit facilis fuga quos. maintenance,repair
62503,Consequatur reiciendis nihil minus numquam. maintenance,repair
60809,Itaque quis esse iure recusandae quidem perferendis. maintenance,repair
46142,Necessitatibus recusandae rem totam. maintenance,decommissioned
71169,Laudantium consequatur odit quod fugit nesciunt. maintenance,functional
90317,Ducimus earum assumenda cupiditate. maintenance,decommissioned
84957,Dignissimos provident fugiat eveniet sequi ad. maintenance,decommissioned
12431,Sunt omnis similique. maintenance,functional
16157,Voluptatem recusandae optio voluptas ratione alias quia. maintenance,functional
74447,Saepe veniam autem commodi animi. maintenance,functional
39857,Aperiam neque ducimus veniam culpa libero. maintenance,repair
76943,Veniam deserunt architecto harum corporis nihil earum repellat. maintenance,repair
14555,Similique exercitationem quod provident omnis. maintenance,decommissioned
96541,Tenetur saepe tenetur voluptatibus reiciendis omnis accusantium possimus. maintenance,functional
93626,Perspiciatis rem ab est. maintenance,functional
86748,Omnis est aliquam ducimus. maintenance,functional
99324,Optio ipsa labore maxime nihil. maintenance,decommissioned
6649,Dolorem illo qui veritatis aliquam doloremque maiores. maintenance,functional
10850,Sapiente at dolore numquam. maintenance,decommissioned
38222,Ex voluptates hic fugiat quasi esse. maintenance,repair
35277,Repudiandae delectus incidunt omnis. maintenance,decommissioned
95128,Aspernatur voluptatibus quas. maintenance,functional
7882,Iusto pariatur repudiandae libero provident laboriosam eligendi. maintenance,decommissioned
33902,Inventore architecto molestiae veritatis nam. maintenance,decommissioned
49909,Dolore laudantium placeat sunt. maintenance,functional
87287,At autem quisquam ipsum minima consequatur ipsum. maintenance,functional
93107,Eaque atque possimus dignissimos voluptas voluptas fuga. maintenance,repair
39446,Porro praesentium quibusdam enim molestias aliquam. maintenance,repair
33084,Veritatis soluta sint. maintenance,functional
97173,Vero quo incidunt ipsam. maintenance,repair
48087,Animi deleniti quia officiis inventore fugit. maintenance,functional
48172,Laboriosam beatae reiciendis atque. maintenance,repair
79650,Veniam deleniti qui ipsa totam illo eum. maintenance,functional
80317,Itaque mollitia quod omnis voluptatum praesentium. maintenance,repair
77273,Facere suscipit ducimus. maintenance,functional
36966,Ex quisquam tempora sit eaque ipsam expedita. maintenance,functional
99317,Velit ratione rem cum facilis beatae culpa. maintenance,functional
78534,Minima cumque ratione. maintenance,functional
44036,Esse tempore rem libero corrupti vero. maintenance,functional
81256,Suscipit quos nam minus nam. maintenance,functional
9167,Hic voluptas maiores magnam asperiores dolores. maintenance,repair
94745,Amet alias consequuntur quasi quaerat odit. maintenance,repair
4258,Quam totam amet blanditiis dolor iusto neque. maintenance,decommissioned
7309,Animi nulla quidem officia eaque a repellat. maintenance,decommissioned
21928,Ipsam totam nostrum optio optio reiciendis ullam. maintenance,functional
55786,Id iste pariatur explicabo dolorem ipsum. maintenance,decommissioned
2832,Nihil excepturi necessitatibus. maintenance,decommissioned
90894,Blanditiis commodi accusamus cupiditate facilis molestiae corporis. maintenance,decommissioned
65294,Soluta dolorem explicabo quasi maiores. maintenance,decommissioned
41976,Fuga magni culpa deleniti mollitia. maintenance,decommissioned
3821,Culpa beatae deleniti cupiditate. maintenance,functional
49061,Id recusandae atque quam. maintenance,functional
82025,Nesciunt quibusdam ducimus recusandae. maintenance,functional
64694,Laudantium exercitationem molestias fuga. maintenance,repair
14391,Voluptas accusamus iusto et autem. maintenance,decommissioned
98590,Corporis aperiam sunt vero repellendus maiores officiis magni. maintenance,repair
71061,Enim quos rem itaque nesciunt laudantium voluptatem. maintenance,decommissioned
87529,Nemo quod praesentium voluptas voluptate quas ex. maintenance,decommissioned
28775,In aliquam labore vitae porro veniam. maintenance,decommissioned
978,Quae neque hic esse ducimus labore mollitia. maintenance,decommissioned
13164,Rerum occaecati inventore possimus nisi. maintenance,functional
84020,Quibusdam numquam ipsa nostrum culpa. maintenance,functional
71065,Sed porro numquam dolor et commodi. maintenance,functional
71597,Fuga occaecati possimus voluptatum assumenda. maintenance,decommissioned
71606,Adipisci possimus pariatur similique earum distinctio a quidem. maintenance,repair
64629,Ut nam quisquam a. maintenance,decommissioned
71727,Sequi fugiat doloribus ipsa. maintenance,functional
9246,Facere illum consequatur distinctio beatae alias. maintenance,functional
90788,Neque praesentium sequi culpa et. maintenance,repair
75037,Quae qui accusantium illo officiis porro eligendi nisi. maintenance,decommissioned
20384,Nulla iusto ad eius quae. maintenance,decommissioned
11249,Voluptas ut distinctio fugiat molestiae perferendis repellendus. maintenance,functional
69757,Nemo laudantium quasi reprehenderit alias quidem. maintenance,decommissioned
53840,Dolor perferendis modi. maintenance,functional
51484,Consequatur eos dolore distinctio ducimus amet pariatur fuga. maintenance,decommissioned
16665,Architecto quas dolore pariatur ex. maintenance,functional
78853,Aut officia laboriosam. maintenance,decommissioned
49583,Debitis eveniet voluptatem vero. maintenance,decommissioned
23496,Tempora repudiandae quos minima ut nobis. maintenance,functional
30641,Eos ipsum nisi necessitatibus ad aperiam qui. maintenance,decommissioned
32036,Qui nemo repellat illum iure ipsum. maintenance,functional
86962,Neque dignissimos dolor nostrum consectetur excepturi ex. maintenance,decommissioned
13316,Asperiores molestias quod earum inventore. maintenance,decommissioned
80753,Omnis nulla excepturi ab consectetur molestiae nisi. maintenance,decommissioned
32799,Deserunt aut at atque. maintenance,decommissioned
52517,Iusto libero asperiores ea nihil cupiditate. maintenance,functional
98382,Rerum esse maxime magnam illum minus. maintenance,decommissioned
49643,Asperiores fugit nostrum molestiae dolore pariatur quibusdam quam. maintenance,repair
61640,Porro non enim quis facere. maintenance,decommissioned
18127,Nisi modi aliquam et consequuntur deserunt odit blanditiis. maintenance,repair
15058,Distinctio officiis dolorem doloribus magni esse recusandae. maintenance,repair
47946,Nesciunt soluta a. maintenance,functional
78046,Amet tenetur voluptates magnam facilis. maintenance,repair
94454,Similique consectetur eos necessitatibus quidem. maintenance,repair
99951,Illo ipsam quisquam ipsum fugiat deleniti. maintenance,repair
42449,Et officiis unde ullam itaque. maintenance,decommissioned
6951,Quas beatae nam quaerat. maintenance,decommissioned
97169,Dignissimos impedit iure dolor deserunt aliquam fugiat. maintenance,decommissioned
4223,Tempore nostrum corrupti quaerat dolore a non. maintenance,repair
26832,Voluptas aut earum voluptatibus. maintenance,functional
1685,Ipsa vel ut quae ipsa. maintenance,decommissioned
25313,Odio autem necessitatibus placeat. maintenance,decommissioned
22917,Optio veritatis quaerat ea consectetur suscipit. maintenance,repair
95432,Nulla et optio nemo doloribus. maintenance,repair
38763,Impedit eum dolorem quaerat hic aliquid optio. maintenance,decommissioned
25249,Atque beatae ad inventore sequi. maintenance,functional
26688,Nostrum mollitia voluptatibus distinctio quam. maintenance,functional
40184,Aliquam earum dolores accusantium saepe exercitationem. maintenance,decommissioned
32718,Dolorum inventore reiciendis atque ipsum suscipit. maintenance,functional
8455,Nesciunt accusamus perferendis expedita tenetur. maintenance,functional
43448,Dolorum occaecati aut nostrum officia. maintenance,functional
17423,Fuga vero molestiae. maintenance,functional
92428,Minus sapiente numquam ut veniam. maintenance,functional
65066,Fuga fuga porro tempore illo soluta commodi. maintenance,repair
8243,Mollitia quaerat dolore tenetur ex. maintenance,repair
10133,Animi suscipit magni saepe eveniet. maintenance,functional
3125,Sequi odio esse assumenda ipsum ab. maintenance,functional
37657,Impedit adipisci accusamus quidem in. maintenance,repair
19651,Animi optio quam natus molestias omnis. maintenance,repair
35249,Inventore culpa voluptatem voluptate sed qui. maintenance,repair
57062,Cumque porro aspernatur natus. maintenance,decommissioned
45283,Laboriosam ea asperiores consectetur dolorem. maintenance,functional
931,Laudantium quibusdam alias itaque. maintenance,functional
34735,Soluta eligendi neque rerum nostrum. maintenance,repair
4085,Error occaecati maxime dolor tempore in officia esse. maintenance,functional
62891,Soluta temporibus rem molestiae adipisci. maintenance,repair
14912,Voluptatum rerum labore quod error earum. maintenance,functional
20960,Nobis dolores aliquid magnam similique. maintenance,repair
4467,Nulla sequi illo. maintenance,decommissioned
82697,Nihil accusantium repellendus mollitia quia porro tenetur. maintenance,functional
67814,Quas et ut sit rem labore praesentium quibusdam. maintenance,functional
3942,Recusandae animi quia. maintenance,functional
38243,Ipsam voluptate ratione pariatur. maintenance,decommissioned
63672,Aut dignissimos aliquid aut ipsa eaque ipsa. maintenance,repair
51857,Modi sapiente nam atque fugit similique labore vitae. maintenance,decommissioned
54153,Ipsum sed explicabo facilis. maintenance,decommissioned
5714,Repellat facere ipsum hic nihil. maintenance,decommissioned
13970,Voluptates ipsam quos distinctio cum ipsa consequatur. maintenance,repair
97633,Quis quae numquam aliquid facere molestias accusamus. maintenance,decommissioned
77518,Tempora harum iste ipsum numquam quas alias. maintenance,repair
15137,Tempore officia earum deserunt unde repellendus. maintenance,functional
23836,Assumenda ullam voluptatibus sequi magnam voluptates dolorem dicta. maintenance,decommissioned
75950,Facere totam possimus unde. maintenance,decommissioned
39803,Debitis ratione iste provident dignissimos architecto quod. maintenance,functional
61498,In qui ipsum. maintenance,decommissioned
98341,Incidunt iusto maiores minus iste adipisci. maintenance,decommissioned
25501,Facere excepturi consequuntur qui accusamus explicabo non. maintenance,repair
54353,Omnis vitae doloremque. maintenance,repair
70951,Explicabo asperiores fugiat possimus soluta eveniet ad quibusdam. maintenance,functional
93391,Ratione beatae sit fuga inventore ducimus. maintenance,decommissioned
27736,Assumenda repellat perspiciatis nemo eveniet voluptates modi. maintenance,repair
57904,Quisquam ullam provident dolorum numquam voluptatem alias. maintenance,functional
19555,Esse voluptatem dignissimos quod porro minima sapiente. maintenance,repair
58109,Provident modi ad nemo omnis quia maxime quidem. maintenance,decommissioned
6650,Dicta quia tenetur aut. maintenance,functional
30737,Enim consequuntur soluta eveniet at corrupti error. maintenance,functional
17422,Pariatur voluptates quas assumenda fugit repellat. maintenance,decommissioned
92378,Reiciendis voluptatem accusantium est. maintenance,functional
15702,Aut quae rem saepe quidem fugiat accusamus. maintenance,functional
40585,Ab hic molestiae enim temporibus nemo quis. maintenance,functional
796,Neque quas quasi eligendi. maintenance,decommissioned
1915,Atque quae architecto ipsa. maintenance,repair
91727,Omnis tempore soluta commodi. maintenance,repair
88808,Sequi reiciendis ab tenetur eveniet. maintenance,functional
67232,Animi quisquam enim nesciunt blanditiis. maintenance,functional
71445,Enim quibusdam quos. maintenance,functional
48146,Distinctio tempora deleniti expedita qui earum iure dolorum. maintenance,decommissioned
25714,Unde deserunt neque asperiores similique quia tenetur. maintenance,functional
18363,Aperiam iste ratione amet non nulla. maintenance,repair
