record_ID,date_Requested,date_Completed
88467,2025-07-04,\N
30264,2024-06-28,2024-06-29
39015,2025-01-25,2025-01-31
98957,2025-04-16,\N
53007,2025-03-31,\N
76063,2024-01-09,\N
8031,2025-11-10,2025-11-17
42970,2025-03-16,\N
58845,2021-04-06,\N
79323,2025-05-15,\N
70951,2023-09-21,2023-09-22
46725,2021-10-23,2021-10-23
69476,2023-11-10,2023-11-11
70913,2021-02-11,2021-02-18
56778,2024-01-24,\N
90063,2022-03-13,2022-03-19
36798,2022-11-14,2022-11-16
16179,2023-02-02,\N
52938,2023-03-23,2023-03-29
76161,2021-02-20,2021-02-25
97828,2023-08-03,2023-08-03
29076,2020-03-25,\N
67440,2025-09-04,2025-09-04
52177,2024-06-26,\N
35151,2024-07-09,\N
39956,2020-10-09,\N
77988,2025-03-07,2025-03-12
33582,2024-03-11,2024-03-12
32380,2022-06-25,2022-06-29
50853,2020-08-14,2020-08-17
68080,2022-06-16,2022-06-23
29793,2025-05-16,2025-05-18
3074,2021-01-21,\N
89953,2020-10-12,\N
63559,2025-11-19,2025-11-21
44483,2023-09-28,2023-09-28
47345,2022-02-20,2022-02-20
74965,2020-06-12,2020-06-17
55068,2020-05-12,2020-05-15
15261,2020-12-10,2020-12-15
14795,2025-09-29,\N
10555,2021-06-25,\N
19641,2022-06-15,2022-06-22
6037,2022-01-28,\N
8456,2020-05-17,\N
86444,2024-03-13,\N
19669,2021-08-11,\N
24142,2020-09-03,2020-09-03
2221,2020-02-08,\N
27619,2024-02-28,2024-03-05
2187,2024-06-29,2024-07-02
68508,2024-06-29,2024-07-04
40066,2020-11-15,2020-11-19
87219,2023-09-12,\N
52565,2023-11-21,2023-11-27
60397,2024-11-03,2024-11-08
39932,2022-09-03,\N
10751,2021-07-13,2021-07-16
92390,2022-01-27,2022-02-01
81383,2021-01-09,2021-01-16
53771,2021-07-12,\N
2016,2024-12-15,2024-12-22
81712,2025-05-09,2025-05-15
84887,2025-10-27,\N
14294,2025-04-25,\N
62292,2021-11-03,\N
3328,2022-01-03,\N
33062,2022-11-16,\N
16215,2025-03-14,2025-03-19
72607,2022-05-02,\N
72201,2020-09-05,2020-09-05
98983,2022-05-20,\N
21670,2024-03-23,\N
76216,2023-12-18,\N
49018,2022-12-15,2022-12-22
24375,2025-08-03,\N
65961,2023-11-01,2023-11-01
73241,2022-11-17,\N
95210,2025-03-24,2025-03-29
7473,2025-11-21,2025-11-21
16170,2020-01-05,\N
91617,2022-05-18,2022-05-22
87540,2024-07-24,2024-07-30
14533,2020-09-12,2020-09-17
96507,2023-11-25,2023-11-25
95800,2021-06-20,2021-06-25
39431,2024-05-25,\N
21918,2025-02-04,\N
36868,2023-03-15,\N
73519,2024-10-21,\N
11472,2024-11-17,\N
109,2024-07-27,2024-08-01
80655,2020-12-23,2020-12-24
85818,2021-01-01,2021-01-07
65362,2023-02-17,2023-02-22
54153,2020-07-13,\N
25945,2025-09-20,2025-09-27
54167,2021-11-01,2021-11-01
94934,2021-11-10,2021-11-13
22756,2025-02-16,2025-02-23
19748,2023-07-11,2023-07-16
3935,2020-08-03,\N
68722,2020-08-28,\N
98432,2023-12-15,2023-12-21
80168,2021-11-15,2021-11-20
47861,2020-12-18,\N
48600,2023-08-20,\N
83516,2024-03-23,\N
59267,2022-04-29,2022-05-03
10850,2022-04-15,\N
84054,2022-08-23,2022-08-29
317,2020-10-12,\N
14551,2024-01-24,2024-01-31
21386,2022-12-28,2022-12-31
86029,2025-09-26,2025-10-02
72705,2024-05-20,2024-05-26
24848,2022-02-19,2022-02-25
28765,2020-07-01,2020-07-05
68053,2025-09-12,2025-09-12
49909,2024-05-07,\N
29276,2020-10-05,\N
34821,2022-02-13,2022-02-19
35722,2022-05-04,\N
48968,2025-03-07,2025-03-11
2393,2023-11-13,2023-11-18
18866,2023-03-01,2023-03-06
22322,2021-10-10,2021-10-13
82062,2025-08-26,2025-08-29
6530,2022-02-04,\N
75681,2021-07-10,\N
92428,2021-04-15,2021-04-19
37494,2022-11-01,2022-11-05
8399,2021-11-13,\N
76613,2020-12-10,\N
77415,2022-11-06,2022-11-09
48189,2022-08-28,\N
64694,2020-01-14,\N
95855,2020-04-03,\N
63497,2020-07-31,2020-08-05
20544,2024-10-06,2024-10-08
42404,2025-02-28,\N
27302,2023-07-10,2023-07-11
60809,2025-06-20,2025-06-24
87377,2022-12-11,\N
95934,2024-01-12,\N
62620,2024-01-28,\N
30827,2020-07-29,\N
31642,2024-02-02,\N
98190,2024-11-19,2024-11-24
91072,2023-05-02,\N
59623,2023-07-18,2023-07-20
15051,2021-03-21,2021-03-21
74512,2022-10-10,2022-10-14
6736,2025-01-03,\N
5563,2021-11-17,2021-11-23
44043,2022-12-21,2022-12-23
57351,2021-03-04,\N
45923,2025-01-06,\N
14521,2025-05-28,2025-06-04
44474,2024-10-22,2024-10-24
93513,2023-10-21,2023-10-24
98345,2021-05-21,2021-05-22
11420,2021-04-16,\N
83113,2021-05-24,\N
63097,2020-06-18,2020-06-25
43572,2020-05-25,2020-06-01
64309,2021-12-01,2021-12-08
62653,2024-03-07,2024-03-08
63100,2024-05-28,\N
82581,2024-05-08,\N
65482,2023-08-27,2023-08-29
55755,2024-11-05,\N
20633,2022-08-21,2022-08-21
51037,2020-12-06,2020-12-08
86347,2024-12-21,\N
2433,2022-12-16,2022-12-23
78298,2022-12-31,\N
64954,2025-09-28,\N
9752,2021-12-30,\N
51014,2023-09-07,\N
54165,2022-01-26,\N
447,2020-05-06,2020-05-10
52794,2023-11-28,2023-12-02
1725,2023-06-27,\N
74103,2021-09-11,\N
10967,2022-07-02,\N
13202,2021-08-02,\N
49643,2020-10-19,2020-10-23
80770,2022-01-05,\N
9695,2021-10-27,\N
88719,2021-06-29,\N
84991,2023-12-02,2023-12-05
59877,2021-07-04,\N
11572,2023-05-15,\N
64098,2025-10-09,2025-10-10
90477,2023-07-08,\N
67228,2020-05-11,2020-05-16
30920,2023-05-05,2023-05-07
33088,2025-01-07,\N
77057,2022-11-12,2022-11-18
17811,2024-06-15,2024-06-19
30641,2021-07-04,\N
30032,2023-06-26,2023-07-01
83254,2023-03-29,\N
34552,2022-09-01,\N
77503,2020-08-26,\N
26643,2024-03-22,\N
62310,2020-08-19,\N
94955,2020-10-23,\N
29442,2021-06-29,2021-07-05
26045,2021-08-11,2021-08-17
43547,2023-09-24,2023-09-27
63449,2020-12-28,2020-12-29
17378,2025-05-22,\N
15096,2021-08-17,\N
21310,2020-04-20,2020-04-27
75658,2024-11-23,\N
3552,2024-04-14,\N
39803,2022-12-07,\N
72269,2020-02-01,2020-02-07
53203,2020-09-13,2020-09-16
17048,2023-08-20,\N
37490,2020-01-05,\N
47372,2025-06-20,\N
37625,2023-06-29,\N
87619,2023-05-31,2023-06-05
15702,2020-05-23,2020-05-25
69981,2020-06-03,\N
2994,2025-11-02,\N
92183,2021-12-13,\N
58399,2025-07-22,\N
50245,2020-06-14,\N
52459,2022-05-26,\N
83747,2021-09-26,2021-09-28
65439,2022-12-05,2022-12-11
19920,2022-01-04,\N
71788,2025-09-22,2025-09-25
43803,2022-01-19,\N
67232,2020-11-19,2020-11-21
97729,2025-11-05,2025-11-08
84327,2020-05-28,2020-06-02
26579,2023-10-03,\N
93298,2024-12-08,2024-12-15
96914,2023-12-10,2023-12-10
6366,2022-11-25,\N
62221,2024-04-28,\N
52289,2024-11-06,2024-11-08
72286,2020-05-02,\N
9757,2021-03-18,2021-03-23
99717,2025-11-06,2025-11-08
30626,2025-04-13,2025-04-19
3071,2025-11-06,\N
25788,2024-10-15,2024-10-21
34169,2023-05-01,2023-05-08
91414,2020-07-17,2020-07-20
16762,2021-06-21,\N
45368,2024-08-02,2024-08-08
43424,2025-08-28,2025-09-03
55227,2020-02-01,2020-02-04
79859,2023-11-04,2023-11-10
19849,2022-03-26,\N
25445,2021-01-10,2021-01-17
2608,2021-04-30,\N
11970,2023-01-15,\N
90035,2020-08-15,2020-08-22
62452,2021-10-24,2021-10-24
8547,2022-06-10,2022-06-16
59567,2022-07-25,2022-07-31
68455,2022-07-05,2022-07-08
3095,2020-04-27,2020-05-01
97173,2020-03-05,2020-03-08
51381,2025-03-24,2025-03-27
57821,2022-10-05,\N
95674,2021-07-24,2021-07-29
67335,2023-10-06,2023-10-07
36721,2021-09-11,2021-09-17
92109,2022-12-03,2022-12-07
69094,2022-07-23,2022-07-29
6883,2020-08-13,2020-08-20
91305,2022-12-23,\N
51857,2021-12-18,2021-12-22
5905,2020-09-05,\N
70400,2024-03-22,\N
28558,2022-05-17,2022-05-20
28784,2023-02-10,\N
6990,2024-04-16,2024-04-22
23776,2022-02-09,2022-02-12
87552,2025-01-10,\N
1392,2024-11-01,\N
91498,2021-06-11,\N
85249,2021-12-15,\N
21055,2022-02-20,\N
44243,2025-03-07,\N
709,2024-10-28,\N
16676,2020-10-23,2020-10-23
74765,2023-04-12,\N
23652,2021-07-05,\N
2748,2022-12-16,2022-12-23
89575,2021-07-18,2021-07-25
64203,2021-07-31,\N
19521,2021-08-24,\N
18070,2022-01-06,\N
64260,2025-10-19,\N
67107,2022-02-11,\N
63526,2022-06-16,2022-06-21
40046,2021-01-04,2021-01-04
43856,2023-06-10,\N
59354,2020-11-30,2020-11-30
78179,2020-09-28,2020-10-03
30717,2025-09-04,2025-09-06
2883,2020-01-23,\N
3112,2025-08-15,\N
93309,2022-03-25,\N
99512,2025-07-05,\N
679,2024-01-16,\N
3974,2022-12-31,2023-01-02
30374,2020-11-20,\N
23634,2024-11-05,\N
50343,2020-04-07,\N
48410,2020-05-07,2020-05-07
11627,2025-01-26,\N
37769,2021-06-25,2021-06-25
42791,2020-09-10,2020-09-17
99268,2023-03-21,2023-03-23
47462,2023-02-22,2023-03-01
72940,2021-12-01,2021-12-05
18885,2025-05-05,\N
71061,2021-07-01,2021-07-01
32534,2024-12-19,2024-12-20
93981,2021-01-30,2021-02-04
70534,2023-08-07,2023-08-11
17885,2025-09-15,2025-09-17
35765,2024-05-16,2024-05-19
51384,2025-10-12,2025-10-18
38639,2020-06-27,\N
14996,2020-01-17,\N
89808,2022-05-14,\N
35864,2021-06-09,2021-06-14
96290,2023-11-11,\N
58531,2023-09-22,2023-09-28
36189,2023-07-13,2023-07-18
84734,2025-01-04,\N
58106,2024-01-12,2024-01-19
46487,2020-06-14,2020-06-21
52561,2022-07-31,\N
77555,2020-02-02,\N
73132,2025-07-09,\N
48403,2024-09-19,2024-09-24
56256,2021-07-22,\N
71103,2020-02-08,2020-02-09
1658,2023-10-15,2023-10-17
24085,2025-10-19,\N
56374,2025-10-14,2025-10-21
9065,2021-07-02,\N
76382,2024-04-29,\N
61471,2025-02-17,\N
12812,2023-11-02,2023-11-02
76236,2020-08-28,\N
31781,2024-09-09,2024-09-09
8522,2023-12-25,\N
65650,2020-01-23,\N
33466,2022-02-22,2022-02-26
40075,2025-10-13,2025-10-14
63905,2021-11-27,2021-12-02
82510,2022-04-14,2022-04-15
98076,2021-12-31,2022-01-07
1530,2022-03-09,\N
21071,2020-04-20,2020-04-21
27352,2024-09-14,\N
77650,2024-03-08,\N
60758,2021-09-11,\N
14750,2021-12-31,\N
63632,2023-09-16,2023-09-17
44136,2023-09-09,2023-09-11
91980,2022-12-04,2022-12-05
90159,2025-05-12,2025-05-12
43421,2025-09-13,2025-09-17
90286,2023-06-28,\N
81393,2022-12-29,2022-12-31
83551,2020-10-16,\N
4421,2022-07-08,\N
45395,2020-10-03,2020-10-07
69107,2020-08-13,2020-08-17
15137,2024-05-10,2024-05-15
44094,2025-02-28,2025-03-01
6650,2023-10-07,2023-10-08
13253,2020-04-07,2020-04-14
3888,2021-09-25,\N
88084,2021-10-19,2021-10-26
91830,2023-05-27,2023-05-29
41151,2020-07-03,2020-07-03
2653,2020-10-04,2020-10-06
82878,2024-10-13,2024-10-19
27930,2020-10-05,\N
50829,2021-08-23,\N
71487,2024-02-04,2024-02-04
63568,2021-09-07,2021-09-14
85664,2024-04-10,\N
74702,2024-10-01,\N
12219,2024-05-17,2024-05-19
88166,2021-08-22,\N
29198,2025-09-20,2025-09-27
86748,2021-01-14,2021-01-21
10009,2020-01-23,\N
10277,2023-05-07,2023-05-14
83432,2021-11-27,\N
46685,2020-09-14,2020-09-14
62710,2024-02-28,\N
87374,2024-06-01,\N
25399,2021-07-26,\N
55703,2025-04-04,\N
33045,2021-07-01,\N
69304,2021-01-29,2021-01-31
14930,2025-05-15,\N
76467,2021-05-10,\N
44626,2023-10-04,\N
64916,2020-10-20,2020-10-24
47964,2024-09-09,2024-09-10
60779,2025-01-24,2025-01-31
39542,2024-11-17,2024-11-20
71901,2021-12-05,2021-12-06
97957,2023-05-28,2023-05-29
75337,2023-07-31,2023-08-01
48172,2020-08-21,\N
77535,2021-12-05,\N
38579,2024-01-06,2024-01-06
62651,2022-02-17,2022-02-20
18797,2024-07-01,2024-07-07
7163,2025-06-23,2025-06-24
25000,2022-12-15,\N
71531,2020-08-22,2020-08-22
80794,2020-05-15,\N
82448,2024-04-27,2024-04-29
12995,2022-09-25,2022-10-01
58525,2023-06-02,2023-06-02
37707,2021-10-08,\N
42676,2021-06-19,\N
33840,2022-03-15,2022-03-19
99780,2021-09-17,\N
30686,2022-08-05,\N
52625,2024-09-18,\N
750,2020-12-06,\N
36843,2025-09-26,\N
73737,2021-06-24,2021-06-27
91547,2020-05-04,2020-05-06
77559,2020-01-01,2020-01-01
94127,2021-04-04,2021-04-07
77743,2021-01-28,\N
5332,2025-07-10,\N
41177,2022-09-04,\N
72243,2021-06-14,\N
72443,2022-06-29,\N
30323,2023-04-19,\N
10705,2025-06-07,\N
75990,2022-05-31,\N
87417,2023-07-15,2023-07-18
10130,2021-05-25,2021-05-29
8590,2023-08-05,2023-08-08
35394,2024-11-27,2024-12-01
1293,2022-09-26,\N
20044,2021-01-12,2021-01-15
36581,2024-05-30,2024-06-06
17554,2022-03-23,\N
46849,2024-10-07,2024-10-09
90744,2023-11-20,\N
85011,2022-04-30,2022-04-30
68162,2020-04-03,2020-04-03
12703,2024-03-11,2024-03-17
76732,2024-10-26,\N
40506,2021-10-10,\N
5510,2024-01-26,2024-01-27
12276,2025-06-07,2025-06-10
68623,2020-02-25,2020-02-25
92904,2024-04-04,2024-04-10
3871,2021-05-09,2021-05-13
37932,2020-01-27,\N
79250,2024-09-28,\N
50075,2021-04-18,2021-04-22
33228,2025-09-05,\N
15027,2022-07-21,\N
72984,2022-07-02,\N
61565,2022-11-29,\N
83669,2022-10-25,2022-10-25
42541,2020-11-09,\N
55720,2021-03-15,\N
51724,2021-12-06,\N
10030,2025-05-12,\N
96402,2022-06-27,\N
96109,2022-04-06,\N
28168,2021-12-19,2021-12-24
46952,2023-05-20,\N
12348,2025-05-24,\N
93626,2020-01-27,2020-02-02
66031,2025-01-14,\N
69297,2024-01-22,2024-01-25
60475,2021-05-07,2021-05-10
47858,2022-09-03,\N
64851,2024-12-25,\N
83248,2025-08-17,\N
81367,2020-02-18,2020-02-24
89716,2024-01-17,2024-01-21
95861,2021-11-07,2021-11-12
71802,2021-11-15,\N
92951,2020-08-31,\N
92872,2020-06-29,\N
38243,2023-11-04,\N
5212,2025-06-11,\N
15929,2025-03-18,\N
37202,2023-10-26,2023-10-26
77593,2025-05-31,\N
40854,2020-09-30,\N
88674,2025-05-23,2025-05-27
95895,2024-12-31,2025-01-01
76666,2020-09-23,2020-09-24
60736,2025-04-04,2025-04-06
37034,2020-07-22,2020-07-24
8324,2020-08-03,2020-08-10
62569,2024-10-16,\N
90406,2022-07-30,2022-08-02
42782,2023-12-01,\N
9549,2021-06-04,\N
63930,2025-10-28,2025-10-29
38220,2020-06-04,\N
52494,2025-06-04,2025-06-05
65199,2021-02-02,\N
89417,2022-06-15,\N
46407,2025-09-25,\N
52915,2021-09-03,2021-09-03
79993,2025-09-19,\N
17209,2025-11-09,\N
21810,2022-02-27,2022-03-03
36899,2021-03-02,2021-03-08
76055,2021-11-04,\N
23041,2021-10-06,2021-10-12
17082,2024-01-02,\N
41871,2022-04-01,\N
86081,2024-03-08,2024-03-08
4825,2024-09-11,2024-09-18
66523,2025-09-08,\N
67739,2021-02-28,\N
11871,2021-11-03,2021-11-09
92165,2024-06-26,\N
35905,2024-10-27,\N
53393,2023-05-20,\N
86776,2023-12-30,\N
39934,2025-02-10,2025-02-10
39773,2021-06-23,\N
94015,2023-07-16,\N
36494,2021-01-21,2021-01-28
14061,2025-04-02,\N
61714,2023-09-18,2023-09-22
4473,2023-11-13,2023-11-20
65914,2023-04-15,\N
15145,2021-02-02,\N
25967,2022-01-08,2022-01-15
48811,2025-11-05,2025-11-05
70522,2020-01-01,2020-01-04
89482,2020-04-26,\N
30679,2024-04-01,2024-04-06
46942,2024-03-08,2024-03-11
54757,2020-07-21,\N
78372,2024-01-18,\N
48985,2020-03-24,2020-03-24
26694,2020-12-01,2020-12-07
6951,2021-01-07,2021-01-14
69382,2022-09-01,\N
78680,2023-02-08,2023-02-15
37989,2024-10-30,2024-11-05
98690,2025-08-28,\N
45214,2025-03-08,\N
2045,2020-10-30,\N
75189,2023-04-04,\N
43462,2024-06-26,\N
78509,2025-10-17,2025-10-23
51314,2024-12-11,\N
2097,2021-07-08,2021-07-15
92969,2025-01-12,\N
12661,2025-05-13,\N
67193,2020-09-19,\N
77669,2024-12-16,\N
34854,2025-04-07,\N
25367,2023-12-29,\N
23071,2023-11-12,2023-11-12
96624,2022-09-22,2022-09-25
17864,2021-11-28,\N
87693,2021-10-05,\N
86114,2023-06-17,\N
25245,2023-05-16,2023-05-16
8411,2020-07-22,\N
93051,2024-04-17,\N
35253,2020-10-21,2020-10-21
42577,2023-03-24,\N
81407,2023-10-29,\N
36368,2025-07-30,\N
16807,2024-03-27,2024-03-27
91642,2021-02-03,2021-02-06
24502,2020-07-16,2020-07-17
98531,2020-01-01,\N
98430,2020-06-23,\N
52517,2021-08-29,2021-09-04
51876,2025-08-11,\N
55131,2022-12-22,2022-12-23
10114,2024-04-08,\N
82697,2023-07-11,2023-07-12
17344,2025-03-05,\N
49916,2024-03-07,2024-03-12
6311,2023-01-19,\N
8057,2023-04-27,2023-05-02
1627,2024-07-26,\N
32761,2022-08-28,2022-09-01
19500,2025-04-30,\N
91205,2020-07-05,\N
23534,2023-10-27,2023-10-28
51702,2021-04-17,2021-04-17
23398,2020-03-13,2020-03-16
47803,2025-02-09,2025-02-12
29444,2021-02-27,\N
61539,2023-08-13,2023-08-17
47779,2023-04-26,2023-04-29
55242,2024-09-10,\N
14324,2022-06-06,\N
18753,2020-09-01,2020-09-04
58772,2021-03-12,2021-03-17
75678,2021-12-25,\N
46611,2020-08-31,\N
97241,2025-01-12,2025-01-14
86285,2020-12-04,\N
5518,2023-04-30,\N
23671,2023-12-20,\N
5224,2023-05-06,\N
53290,2021-02-08,\N
65762,2025-06-09,\N
63068,2023-11-02,\N
15175,2023-10-04,\N
38882,2023-07-30,\N
27027,2025-07-13,\N
94737,2023-11-21,2023-11-28
40425,2023-01-16,\N
79415,2023-10-30,\N
32860,2025-09-24,2025-10-01
25671,2020-09-13,2020-09-20
27609,2025-10-03,2025-10-09
41792,2023-11-02,2023-11-05
82870,2024-06-17,2024-06-19
65856,2020-01-02,\N
47009,2020-03-23,\N
42421,2022-04-14,\N
91319,2022-10-25,\N
27064,2023-10-07,\N
79383,2023-04-28,\N
18363,2023-08-19,\N
78853,2021-12-16,2021-12-16
86262,2023-04-01,\N
22706,2021-03-26,2021-03-28
63273,2022-03-22,\N
12558,2025-02-17,2025-02-19
89472,2021-07-03,\N
57062,2024-10-06,\N
22355,2025-04-29,\N
24699,2020-06-07,2020-06-10
62050,2025-07-12,\N
31255,2024-05-03,\N
38864,2020-05-16,2020-05-23
27121,2020-05-28,2020-06-04
59123,2020-06-21,2020-06-22
74400,2025-02-23,\N
97494,2021-12-10,2021-12-13
95669,2022-03-08,\N
57777,2021-04-26,2021-04-26
3192,2020-09-30,\N
42444,2025-05-21,\N
12000,2023-01-28,\N
46910,2023-12-15,\N
52015,2024-07-16,\N
19228,2023-08-11,2023-08-18
85360,2023-09-05,\N
91455,2023-10-07,2023-10-07
43645,2024-07-29,2024-08-05
58350,2025-07-31,2025-07-31
15371,2024-08-08,\N
13407,2023-07-04,2023-07-05
27177,2021-07-12,2021-07-19
97641,2024-07-17,\N
99256,2021-11-04,2021-11-08
34497,2025-01-31,\N
34422,2020-04-02,2020-04-07
92575,2022-12-30,\N
32077,2021-07-09,2021-07-15
4085,2021-02-10,\N
92063,2024-05-10,2024-05-15
85832,2023-05-23,\N
25598,2023-05-05,\N
47275,2021-03-11,\N
17484,2020-07-05,2020-07-10
42899,2024-07-26,2024-07-28
1787,2020-06-07,2020-06-07
10278,2025-10-03,2025-10-10
62655,2021-09-14,2021-09-21
32827,2025-10-04,\N
59431,2021-04-15,2021-04-19
76070,2020-04-02,\N
6610,2021-01-12,2021-01-13
73182,2023-07-09,\N
14662,2024-04-16,2024-04-18
9604,2024-12-13,\N
17356,2021-10-30,\N
67594,2021-08-19,\N
43493,2024-01-07,\N
82135,2023-06-24,2023-06-24
82101,2022-12-20,2022-12-25
98735,2022-07-30,2022-07-30
85485,2023-12-20,\N
96243,2024-10-09,\N
4199,2021-03-09,2021-03-15
57778,2022-07-18,2022-07-19
94972,2023-06-24,\N
25092,2021-05-30,\N
51818,2022-12-26,2023-01-02
8117,2023-06-30,2023-07-02
24791,2025-02-21,\N
63640,2022-06-28,\N
48027,2024-02-04,\N
96567,2024-03-27,\N
88514,2025-04-06,\N
94844,2025-07-17,\N
11329,2024-05-21,2024-05-22
47771,2025-10-01,\N
33479,2022-02-04,2022-02-08
52258,2021-04-09,2021-04-11
88140,2021-11-29,2021-11-30
20644,2020-12-22,2020-12-28
71765,2021-09-29,2021-10-02
59380,2020-11-23,\N
24236,2024-10-24,2024-10-26
55905,2023-09-30,2023-10-01
63777,2021-07-17,2021-07-23
74540,2023-03-18,\N
62352,2020-01-14,\N
15639,2025-06-04,2025-06-10
5714,2023-05-31,2023-06-06
27325,2022-05-29,2022-06-03
95132,2020-12-20,\N
52354,2022-08-17,2022-08-19
21874,2022-07-23,\N
67799,2021-06-04,\N
41309,2024-04-20,2024-04-26
26909,2021-05-29,2021-06-01
83345,2022-05-25,\N
40571,2020-06-13,2020-06-20
59249,2020-01-03,2020-01-03
77518,2021-08-01,2021-08-06
38531,2025-09-24,\N
9167,2021-09-16,\N
30520,2021-07-31,\N
57464,2023-12-15,2023-12-15
59809,2021-09-10,\N
22389,2020-02-21,2020-02-25
17068,2021-05-02,\N
17010,2024-06-08,\N
10680,2024-12-26,\N
18509,2023-09-25,2023-09-27
66157,2021-08-10,2021-08-12
2856,2025-03-31,\N
20214,2022-12-14,2022-12-16
96494,2023-11-20,2023-11-24
93967,2021-08-07,\N
92719,2025-04-16,2025-04-18
52437,2023-10-22,\N
41522,2025-03-03,2025-03-05
33867,2023-09-18,2023-09-18
31872,2021-09-27,\N
50235,2024-05-06,\N
44961,2025-01-06,2025-01-12
80491,2020-10-03,2020-10-07
42090,2023-10-20,2023-10-25
73031,2020-10-31,\N
74016,2025-07-23,\N
43208,2024-12-26,\N
33792,2025-01-21,\N
55427,2020-06-23,2020-06-24
95448,2023-03-17,\N
59928,2020-07-06,\N
19563,2021-11-11,\N
29330,2025-10-10,\N
35215,2020-10-16,\N
33157,2021-04-20,\N
46010,2021-05-10,\N
51744,2020-11-22,2020-11-23
90046,2020-11-10,\N
28366,2020-08-19,\N
39176,2021-11-06,\N
39991,2023-05-31,2023-06-04
4443,2021-11-06,\N
59633,2021-10-19,2021-10-25
71609,2020-01-22,2020-01-25
39069,2021-10-13,2021-10-17
99086,2020-08-16,2020-08-22
76302,2022-12-19,\N
41713,2022-03-25,\N
71169,2025-11-06,\N
12147,2023-07-07,\N
86345,2025-01-21,\N
36428,2024-12-19,\N
5730,2022-06-29,\N
38478,2022-09-25,2022-09-28
12921,2022-01-26,\N
31001,2021-10-10,\N
72428,2022-01-20,2022-01-23
77575,2020-09-01,2020-09-04
48463,2023-11-10,2023-11-12
52335,2020-02-29,2020-02-29
74152,2024-12-09,\N
69881,2022-11-21,2022-11-24
51241,2024-03-12,\N
13985,2024-09-03,2024-09-09
92868,2020-02-13,2020-02-19
77549,2024-01-31,2024-02-02
72880,2023-12-17,2023-12-24
56880,2022-12-06,\N
30987,2025-01-10,2025-01-12
80636,2021-01-04,\N
42925,2021-06-30,\N
66595,2022-02-14,\N
52370,2022-03-13,\N
80203,2021-08-02,2021-08-06
4870,2021-03-06,\N
65122,2021-07-18,\N
14848,2021-05-20,\N
68541,2024-02-26,2024-02-29
46401,2022-04-16,\N
11076,2025-05-31,2025-05-31
13746,2025-08-29,\N
68124,2020-03-06,\N
70167,2020-05-07,2020-05-08
70985,2023-12-16,2023-12-16
10662,2025-08-30,\N
34672,2021-06-04,\N
62187,2020-10-22,\N
2952,2020-06-23,\N
56114,2021-01-10,2021-01-12
64133,2024-12-03,\N
67066,2020-10-31,2020-11-04
25161,2022-11-14,\N
74331,2021-08-15,2021-08-18
73188,2024-01-28,\N
22892,2022-02-04,2022-02-08
36122,2022-09-12,\N
92230,2021-07-23,\N
99969,2022-07-29,\N
53855,2021-10-26,\N
4330,2022-06-05,2022-06-09
72344,2025-06-28,2025-07-04
15764,2024-02-08,2024-02-09
3781,2021-07-09,\N
74063,2020-12-09,\N
26847,2024-06-05,2024-06-10
86429,2023-08-24,2023-08-27
54353,2025-03-26,2025-03-27
51269,2021-01-17,\N
37741,2022-07-03,\N
23863,2022-03-03,2022-03-05
2932,2024-08-22,2024-08-22
61165,2021-08-21,2021-08-21
33938,2022-11-24,\N
12292,2025-06-23,2025-06-24
62549,2021-12-12,2021-12-12
26407,2021-12-10,2021-12-12
39120,2025-03-01,\N
29266,2020-08-06,2020-08-07
93124,2020-07-03,\N
89339,2020-06-17,\N
67636,2024-09-02,\N
59938,2021-12-10,2021-12-14
50876,2022-02-13,\N
61640,2023-04-18,2023-04-22
98024,2020-04-07,\N
60018,2021-09-25,\N
48146,2023-01-14,2023-01-15
10101,2025-02-14,2025-02-15
56398,2022-11-24,2022-11-24
86982,2024-07-17,2024-07-20
27021,2021-05-28,2021-05-29
34179,2024-11-14,2024-11-19
37272,2024-02-06,\N
35098,2024-09-26,\N
54382,2025-03-04,2025-03-11
9455,2024-06-06,\N
67613,2023-12-04,2023-12-09
45262,2022-10-31,\N
23477,2021-01-26,\N
28940,2025-10-25,2025-11-01
80958,2024-02-06,2024-02-13
78882,2020-10-05,2020-10-10
88523,2022-08-12,2022-08-19
97040,2020-08-17,2020-08-18
11041,2021-04-01,2021-04-01
56369,2020-01-21,\N
39585,2024-07-16,\N
49804,2025-07-08,\N
31407,2024-04-17,2024-04-22
44484,2022-06-23,\N
53397,2020-06-20,2020-06-26
73518,2024-06-07,\N
99324,2025-02-11,\N
51665,2021-04-16,2021-04-21
79046,2021-01-18,\N
77853,2020-12-23,2020-12-29
76768,2025-10-06,2025-10-10
54524,2025-09-05,\N
8521,2021-06-17,2021-06-24
76679,2021-10-14,2021-10-17
80152,2021-11-07,\N
80562,2021-12-30,2021-12-31
32729,2021-10-22,\N
31416,2021-04-22,2021-04-26
80603,2022-03-04,\N
93161,2025-05-05,\N
93747,2025-02-21,2025-02-21
46014,2021-07-11,2021-07-11
46,2025-02-04,2025-02-04
45771,2024-10-22,2024-10-29
11465,2023-02-21,\N
22062,2020-10-19,\N
39757,2020-02-27,\N
98918,2020-04-29,\N
93847,2023-08-05,2023-08-06
37334,2024-08-09,\N
73961,2021-01-29,\N
66187,2023-10-15,2023-10-15
68753,2025-09-14,\N
76399,2025-04-11,\N
12985,2024-10-07,\N
54422,2023-08-29,2023-08-29
47216,2023-04-22,\N
6840,2020-01-07,\N
11751,2023-06-11,2023-06-12
20124,2020-08-29,\N
6869,2020-06-02,\N
46136,2021-09-07,2021-09-11
36390,2022-06-11,2022-06-17
55399,2022-06-18,\N
71873,2024-12-19,\N
57303,2021-07-07,\N
72547,2021-03-31,\N
6460,2021-09-17,\N
70561,2023-11-08,\N
40825,2020-08-25,\N
123,2020-04-09,2020-04-10
52332,2023-02-07,2023-02-09
85316,2020-08-19,2020-08-23
91520,2020-11-26,\N
31482,2024-07-19,\N
19091,2022-04-04,2022-04-11
19381,2020-06-17,2020-06-23
29986,2025-01-13,2025-01-19
11786,2023-01-30,2023-02-03
55255,2021-11-11,\N
5130,2023-01-07,\N
66186,2020-06-07,2020-06-11
25798,2020-10-31,2020-11-05
16373,2021-10-17,\N
14289,2023-06-14,\N
66557,2025-02-13,2025-02-15
79843,2020-07-01,\N
18308,2024-10-28,2024-11-03
14682,2025-03-26,2025-04-01
57474,2022-11-07,\N
90544,2020-06-04,\N
10469,2021-09-17,\N
83464,2020-08-16,2020-08-16
1089,2025-05-10,\N
4100,2023-11-28,\N
30745,2022-11-08,\N
75898,2023-11-24,\N
82546,2020-04-11,\N
60036,2023-03-15,\N
37703,2023-07-11,\N
74579,2022-05-10,\N
14910,2023-01-08,2023-01-14
4745,2021-10-10,2021-10-10
14362,2025-07-01,2025-07-08
39471,2020-04-20,\N
45908,2024-01-04,\N
32063,2025-05-05,\N
31191,2024-08-18,\N
55389,2024-05-27,\N
65922,2021-03-29,2021-03-29
96101,2020-06-12,\N
85072,2021-11-21,\N
80054,2021-11-24,\N
90903,2024-06-04,2024-06-09
14766,2023-11-05,\N
95793,2020-10-21,2020-10-23
996,2024-09-10,2024-09-12
96403,2020-08-18,2020-08-22
11659,2024-09-15,\N
75924,2024-07-27,2024-08-02
50775,2021-10-22,\N
97228,2024-04-17,\N
30724,2022-08-12,\N
98701,2022-01-31,2022-02-02
94763,2021-05-03,2021-05-04
1426,2021-06-02,2021-06-08
43294,2020-09-17,2020-09-19
20578,2024-11-11,2024-11-12
44713,2023-08-13,2023-08-19
18927,2020-04-06,2020-04-06
85715,2023-03-17,\N
2274,2022-12-29,2023-01-04
71769,2025-06-17,2025-06-23
1154,2022-12-12,2022-12-16
90920,2023-10-09,2023-10-11
75111,2020-09-23,2020-09-23
33587,2023-05-28,\N
13568,2024-07-10,2024-07-16
94137,2021-10-05,\N
92188,2020-07-11,2020-07-15
65040,2022-03-02,2022-03-06
28591,2024-01-06,2024-01-08
79047,2022-05-08,2022-05-09
39087,2021-03-18,2021-03-24
46301,2021-05-02,\N
27381,2021-07-29,2021-08-03
57622,2025-04-10,2025-04-10
2460,2025-03-03,\N
68394,2021-03-30,\N
13718,2025-11-09,\N
99223,2023-05-04,2023-05-09
92008,2020-08-17,2020-08-18
89336,2020-09-26,2020-09-26
41898,2020-01-09,\N
98231,2025-01-23,2025-01-25
30234,2021-07-05,2021-07-12
15167,2024-04-22,\N
24213,2020-10-14,2020-10-16
44917,2021-11-28,2021-11-28
3707,2021-03-13,\N
51901,2025-09-26,2025-09-30
87908,2024-04-18,\N
74864,2023-08-07,2023-08-12
41559,2023-08-10,\N
70413,2020-09-07,\N
72755,2025-03-10,\N
80701,2023-11-02,\N
58361,2024-02-25,\N
50910,2021-03-04,2021-03-04
38910,2020-02-18,\N
55786,2025-04-22,2025-04-25
91090,2020-01-08,\N
47755,2023-06-05,\N
57216,2022-06-09,\N
22549,2022-08-30,\N
3659,2023-04-17,\N
65171,2020-01-28,2020-02-03
44068,2021-07-13,2021-07-14
99736,2025-06-17,\N
5682,2024-12-15,2024-12-20
144,2021-05-03,2021-05-07
22933,2024-11-30,2024-12-06
4546,2020-08-06,\N
64586,2021-01-21,2021-01-24
57299,2020-06-07,2020-06-13
34452,2024-08-05,2024-08-07
73104,2025-03-18,\N
86737,2022-09-21,2022-09-27
6218,2022-05-13,\N
77936,2024-08-16,2024-08-16
5703,2023-09-04,\N
24957,2020-04-14,\N
6261,2021-10-19,\N
64005,2025-02-26,2025-03-02
17230,2021-03-02,\N
16912,2022-01-12,\N
63887,2022-02-26,2022-03-03
79819,2025-06-16,\N
48094,2024-09-26,\N
15471,2023-04-02,\N
78863,2022-04-29,\N
12212,2020-04-02,\N
64495,2024-08-07,2024-08-08
57921,2022-11-30,\N
47162,2021-06-06,2021-06-10
52790,2024-03-18,\N
53969,2023-07-28,2023-08-03
32372,2023-02-18,2023-02-24
44718,2024-04-22,2024-04-29
75398,2025-03-06,2025-03-12
55993,2022-09-28,\N
51697,2023-08-16,\N
80865,2023-02-15,2023-02-20
16513,2020-12-18,2020-12-21
1792,2024-04-07,\N
77661,2021-04-14,\N
82862,2025-05-24,\N
41015,2022-07-07,\N
66358,2020-12-04,\N
28523,2024-03-10,\N
36025,2025-08-31,2025-09-04
26498,2021-09-01,2021-09-03
45323,2024-12-21,\N
58226,2021-01-02,2021-01-06
34485,2020-10-20,\N
20178,2020-03-08,2020-03-14
21607,2023-05-09,\N
83847,2024-12-25,2024-12-27
33231,2025-07-11,2025-07-18
32584,2020-08-28,2020-09-04
92427,2022-10-23,2022-10-28
40886,2020-12-21,2020-12-23
40428,2023-11-29,2023-11-29
18444,2025-08-20,2025-08-27
64036,2021-04-12,2021-04-19
48976,2022-09-09,2022-09-13
75899,2025-08-03,\N
20857,2020-09-30,2020-10-01
15586,2024-08-16,\N
67568,2025-03-02,\N
88669,2021-04-19,\N
83814,2022-01-14,2022-01-15
82854,2021-12-08,2021-12-14
44105,2024-01-27,\N
19651,2023-05-27,\N
86595,2022-05-02,2022-05-07
74981,2022-02-12,\N
44562,2020-10-10,2020-10-15
32042,2022-03-09,2022-03-11
56151,2020-12-27,\N
46818,2021-05-10,2021-05-17
13111,2023-02-04,2023-02-08
90498,2020-12-27,2021-01-03
36298,2020-11-18,2020-11-24
98803,2023-03-16,\N
89433,2025-08-29,2025-08-30
84071,2022-03-12,2022-03-19
34750,2023-09-26,\N
24516,2021-05-09,2021-05-09
60840,2025-03-19,2025-03-24
57065,2024-01-21,2024-01-23
11436,2024-03-21,2024-03-28
93151,2024-10-19,\N
98363,2025-07-11,\N
96927,2021-03-03,\N
42002,2020-07-07,\N
78385,2025-04-07,\N
62929,2020-07-15,2020-07-15
78362,2020-12-01,\N
64503,2023-12-09,2023-12-10
10204,2024-11-28,2024-11-30
74056,2024-10-31,2024-11-01
80447,2020-04-15,\N
47385,2022-01-16,2022-01-18
41681,2024-09-14,2024-09-16
900,2024-05-17,2024-05-20
87483,2025-06-05,\N
34571,2022-04-18,\N
34735,2025-01-13,2025-01-13
241,2023-12-24,2023-12-24
95993,2021-01-10,2021-01-14
65294,2023-01-02,\N
76167,2023-10-14,2023-10-15
14005,2025-03-03,2025-03-07
29921,2024-11-19,2024-11-19
63840,2022-03-15,\N
20510,2020-11-28,\N
22821,2023-08-05,2023-08-06
69866,2022-01-05,2022-01-06
48426,2025-05-15,\N
29831,2025-07-06,2025-07-13
77782,2024-05-05,2024-05-10
37657,2024-07-01,\N
2885,2022-11-08,\N
18370,2021-11-01,\N
89516,2023-05-22,\N
16956,2023-06-22,2023-06-25
99847,2023-08-12,\N
3350,2024-07-06,2024-07-12
98917,2025-05-21,2025-05-23
36542,2023-04-24,2023-04-29
74350,2023-01-21,\N
84116,2020-01-01,2020-01-06
72871,2021-08-06,2021-08-09
47238,2020-12-10,2020-12-14
86814,2021-01-25,2021-01-29
69287,2023-08-04,2023-08-09
62614,2021-04-18,\N
87194,2020-10-15,2020-10-20
14560,2022-09-21,2022-09-27
81061,2021-05-20,2021-05-22
54371,2020-03-10,2020-03-13
26056,2021-01-15,\N
44889,2024-06-30,2024-07-06
38836,2023-04-23,\N
46389,2023-12-26,2024-01-01
68480,2024-12-09,\N
40405,2025-02-18,2025-02-24
81354,2021-06-04,2021-06-08
99709,2023-04-10,2023-04-11
42674,2025-07-30,\N
50403,2020-03-05,2020-03-10
57694,2022-09-23,2022-09-27
1777,2024-09-12,2024-09-18
69568,2021-08-05,\N
90317,2020-08-03,\N
42241,2023-01-17,\N
79862,2024-10-09,\N
63112,2023-08-09,2023-08-15
4533,2025-02-14,\N
82156,2024-09-10,\N
21062,2022-07-12,2022-07-19
1754,2024-03-31,2024-04-06
14491,2021-05-28,2021-05-31
22794,2022-07-03,2022-07-04
14754,2022-09-17,2022-09-21
3720,2023-05-13,\N
78229,2023-07-07,\N
66863,2023-12-16,\N
38706,2024-11-07,\N
50629,2025-06-23,\N
13149,2020-07-04,\N
28348,2022-07-18,2022-07-20
83565,2025-10-11,2025-10-11
3953,2021-01-12,\N
91413,2021-09-17,2021-09-20
46765,2023-07-11,\N
80118,2024-12-20,\N
16185,2020-02-11,2020-02-14
12127,2024-09-23,\N
26248,2025-03-24,\N
52717,2020-02-29,\N
83742,2022-09-25,\N
44564,2022-08-08,2022-08-10
61716,2025-10-14,\N
62478,2023-10-31,\N
54399,2025-03-15,\N
64802,2022-08-08,\N
13973,2022-10-11,2022-10-14
97275,2021-09-17,2021-09-17
35033,2021-02-19,\N
47618,2023-07-26,2023-07-31
86138,2025-02-08,\N
11909,2022-04-03,\N
49627,2023-12-31,\N
39841,2020-12-16,2020-12-18
93246,2024-09-21,2024-09-21
48817,2022-05-09,2022-05-12
51747,2020-08-08,2020-08-08
82801,2020-01-26,2020-01-27
76285,2020-12-12,\N
83885,2023-06-22,\N
64737,2020-10-17,\N
1333,2023-03-01,\N
96792,2022-08-09,\N
15566,2023-05-19,\N
931,2024-06-05,2024-06-07
53083,2021-06-16,\N
93192,2022-07-21,\N
25313,2020-07-07,2020-07-07
73430,2023-06-14,\N
40003,2025-07-31,2025-08-04
48097,2024-06-07,\N
69757,2023-09-06,2023-09-11
3802,2023-03-16,\N
64295,2021-07-30,2021-07-31
72246,2024-10-27,2024-10-30
49100,2025-01-08,2025-01-15
65175,2021-08-19,2021-08-20
41052,2021-06-12,\N
29654,2022-12-12,\N
32243,2022-12-15,2022-12-15
81825,2020-06-07,2020-06-11
13019,2022-07-11,2022-07-17
53834,2025-06-11,2025-06-13
63672,2023-10-03,\N
19086,2025-04-04,\N
46104,2021-07-02,2021-07-08
91474,2024-02-15,2024-02-18
22837,2021-07-04,2021-07-05
22061,2023-12-29,\N
49495,2020-08-20,\N
24518,2022-10-12,\N
28068,2025-01-30,2025-01-31
93844,2022-07-17,2022-07-24
74450,2024-02-05,\N
36966,2025-10-19,2025-10-26
47032,2024-06-11,\N
22162,2021-02-20,2021-02-27
59759,2022-10-31,\N
93352,2021-09-21,2021-09-25
48316,2020-06-14,2020-06-14
78022,2022-07-12,\N
48738,2024-07-22,2024-07-23
37388,2024-06-21,\N
88204,2020-11-30,2020-12-02
19275,2024-04-27,\N
89996,2025-09-26,2025-09-29
7616,2023-06-11,2023-06-16
73187,2025-03-15,\N
11881,2022-03-01,2022-03-02
891,2023-11-18,\N
7309,2023-04-22,\N
82532,2023-05-13,2023-05-20
43510,2020-02-21,\N
3136,2020-01-29,\N
32525,2025-07-13,\N
24228,2023-04-25,\N
8286,2023-08-24,2023-08-30
21064,2024-03-21,2024-03-24
48464,2022-10-30,\N
48788,2023-05-19,\N
3634,2025-10-05,2025-10-06
47401,2025-01-29,2025-01-30
65051,2022-11-25,\N
62455,2022-05-14,\N
12187,2024-11-02,\N
74640,2022-12-03,2022-12-05
58242,2025-04-21,2025-04-21
38101,2022-12-20,2022-12-24
66615,2020-06-11,2020-06-11
96354,2021-03-10,\N
26706,2023-05-04,\N
20067,2023-10-26,\N
94889,2024-01-19,2024-01-19
37634,2023-09-04,2023-09-11
83927,2025-04-27,2025-04-30
12210,2024-11-27,\N
55279,2024-06-27,2024-07-02
55361,2025-03-26,\N
47534,2024-12-14,\N
83947,2025-10-08,\N
88734,2021-07-10,\N
88218,2023-10-04,\N
44200,2024-07-10,\N
90282,2020-10-18,2020-10-18
42694,2024-11-18,\N
39084,2021-07-09,\N
49061,2025-01-29,2025-01-31
30029,2024-03-27,\N
94237,2020-01-18,\N
53554,2022-07-07,2022-07-09
12239,2022-06-08,2022-06-08
27235,2022-06-05,\N
94229,2021-11-06,\N
77273,2024-04-30,\N
65421,2021-06-09,\N
25750,2023-09-09,2023-09-14
45775,2022-08-06,2022-08-13
4767,2022-12-04,2022-12-05
68100,2020-11-26,2020-12-02
79770,2021-05-25,\N
15272,2024-09-20,2024-09-23
37460,2025-08-14,2025-08-15
73799,2020-08-18,\N
72682,2021-08-06,2021-08-12
24472,2021-04-08,2021-04-13
38789,2020-03-03,2020-03-05
57705,2025-10-19,\N
57463,2025-01-08,2025-01-13
64633,2020-11-13,2020-11-15
32036,2021-11-13,\N
62822,2022-03-07,\N
41018,2022-01-30,\N
1617,2024-07-29,2024-07-30
96469,2024-10-25,\N
21917,2024-04-08,\N
61137,2020-04-02,\N
78227,2020-05-21,2020-05-26
49853,2022-09-19,\N
20977,2020-02-27,\N
46701,2023-02-03,\N
68592,2025-07-12,2025-07-16
36063,2023-03-24,\N
12229,2023-12-13,\N
20487,2021-10-03,\N
65781,2021-10-08,2021-10-13
46590,2023-12-21,2023-12-26
46231,2025-08-07,\N
42700,2021-05-20,2021-05-20
32661,2020-11-24,\N
24678,2022-12-14,2022-12-15
59571,2021-09-06,2021-09-10
19074,2021-11-03,\N
1155,2021-03-07,2021-03-07
13785,2023-09-17,\N
63812,2024-11-16,\N
82025,2022-12-17,2022-12-20
63482,2022-04-09,\N
65723,2020-05-28,\N
62106,2020-04-24,2020-04-30
8844,2024-02-04,\N
50906,2024-08-27,\N
66343,2022-08-13,2022-08-15
56985,2020-05-29,2020-06-05
38190,2022-06-27,\N
37744,2023-12-21,\N
20272,2023-05-04,\N
95366,2020-05-07,2020-05-12
18068,2023-06-06,2023-06-13
83548,2022-03-06,\N
6397,2022-01-03,\N
74874,2023-06-03,\N
17941,2022-01-09,2022-01-09
90173,2023-01-06,\N
47642,2023-05-25,2023-05-26
12480,2020-01-01,2020-01-05
37754,2020-12-28,2021-01-02
34770,2020-05-30,\N
74115,2020-03-02,2020-03-09
1919,2024-11-06,2024-11-08
54412,2021-08-04,2021-08-07
5789,2021-08-29,2021-08-29
99352,2023-05-15,\N
49517,2020-05-26,2020-06-01
92375,2024-04-25,2024-04-25
76432,2025-06-14,\N
40317,2025-10-04,2025-10-04
31344,2025-05-16,\N
84160,2025-03-08,2025-03-15
38146,2021-01-27,\N
91469,2025-08-20,\N
31305,2023-02-21,2023-02-24
75465,2020-03-17,2020-03-18
98838,2021-12-19,2021-12-24
15609,2023-04-14,\N
76907,2025-05-03,2025-05-04
72418,2022-06-19,2022-06-19
35249,2020-10-24,2020-10-26
43246,2025-09-21,2025-09-27
7397,2020-02-15,\N
81596,2020-05-10,2020-05-14
33266,2024-07-09,2024-07-16
54215,2020-08-05,\N
24729,2024-08-24,\N
70933,2020-01-09,\N
68321,2022-02-24,2022-03-01
28073,2025-05-24,\N
24037,2024-03-22,2024-03-24
83534,2025-05-08,2025-05-13
68218,2025-05-03,2025-05-09
21727,2025-05-03,2025-05-10
60960,2025-01-29,2025-02-04
4258,2021-04-24,\N
45853,2023-07-03,\N
32256,2023-12-02,\N
60818,2022-11-09,\N
90273,2022-03-04,2022-03-06
72097,2022-07-09,\N
21561,2020-11-12,\N
60887,2020-05-22,\N
13522,2020-11-01,2020-11-03
90120,2021-03-06,\N
25191,2023-06-11,2023-06-13
45904,2020-05-02,\N
58744,2024-07-19,2024-07-19
44937,2021-12-09,2021-12-11
29427,2023-04-30,\N
37874,2025-03-22,\N
95655,2024-06-30,2024-07-02
2688,2025-06-21,\N
30236,2020-09-05,2020-09-12
35209,2024-05-26,2024-05-28
71376,2022-10-05,\N
39728,2022-11-20,2022-11-22
12404,2020-02-08,\N
62756,2022-05-24,2022-05-26
74977,2023-08-26,\N
35361,2021-08-22,2021-08-23
26227,2020-12-11,2020-12-14
389,2020-08-27,\N
51542,2023-02-12,2023-02-13
32125,2021-03-22,\N
66927,2024-05-03,2024-05-06
80351,2021-02-15,\N
59281,2020-09-24,\N
39205,2022-06-18,2022-06-21
94013,2023-06-20,2023-06-26
33236,2022-09-15,2022-09-15
37326,2025-02-26,\N
58157,2024-02-26,\N
5848,2024-06-08,\N
72660,2020-09-15,\N
87807,2021-04-27,\N
92515,2023-07-04,\N
75986,2021-10-20,\N
93838,2024-08-20,\N
80063,2021-03-04,\N
75545,2021-12-19,\N
91174,2025-06-22,\N
592,2021-08-17,\N
42697,2025-03-18,\N
6124,2020-08-19,2020-08-23
68368,2021-12-26,2021-12-30
44765,2022-09-24,\N
3976,2020-08-15,\N
94729,2025-05-26,2025-05-30
89148,2023-06-19,\N
74329,2024-01-09,\N
49826,2022-07-31,2022-08-02
10281,2022-02-25,2022-02-27
4951,2020-07-09,2020-07-12
61443,2024-05-06,2024-05-11
53296,2024-04-11,\N
69739,2023-01-23,2023-01-30
67302,2022-07-01,\N
65372,2023-07-11,\N
53555,2023-04-18,\N
85010,2023-02-09,2023-02-13
95404,2022-08-24,2022-08-31
6552,2021-06-26,2021-07-03
9588,2022-03-13,2022-03-15
48289,2024-10-17,\N
89063,2023-11-25,2023-11-28
73119,2021-04-23,\N
49034,2023-12-05,\N
67015,2023-08-11,2023-08-13
21132,2020-02-12,\N
16823,2023-07-08,\N
60254,2020-08-12,\N
13753,2020-11-05,\N
8479,2020-11-02,\N
36717,2020-01-05,2020-01-09
20235,2023-12-12,2023-12-19
46688,2020-09-21,2020-09-21
51101,2024-08-25,\N
68371,2024-12-04,2024-12-05
34791,2024-12-08,\N
78965,2022-01-29,2022-02-01
87122,2025-03-30,2025-04-03
77913,2023-04-29,\N
89466,2022-09-13,\N
70858,2022-09-10,2022-09-11
81330,2025-02-21,2025-02-27
36567,2022-11-08,\N
79167,2022-07-20,\N
89048,2022-04-08,\N
1448,2022-06-29,\N
85873,2023-04-18,\N
8062,2021-08-07,2021-08-11
97947,2021-11-30,\N
23141,2021-01-20,2021-01-22
32718,2024-05-01,2024-05-01
21093,2024-03-19,\N
36104,2025-03-19,\N
43833,2024-04-29,\N
51662,2020-10-07,2020-10-10
44379,2025-08-10,2025-08-16
25360,2021-01-26,2021-02-02
61540,2025-07-08,\N
43353,2022-01-04,\N
90129,2025-02-06,2025-02-06
45329,2023-12-12,2023-12-17
51128,2023-05-07,\N
26290,2020-03-20,\N
22038,2022-10-31,\N
6678,2021-05-19,2021-05-20
978,2025-05-16,2025-05-22
47946,2024-09-08,2024-09-14
88440,2021-09-30,\N
77425,2020-09-05,2020-09-10
1257,2025-07-15,\N
1538,2023-11-06,\N
79728,2024-07-05,\N
18807,2023-01-13,2023-01-20
78396,2025-08-09,2025-08-13
8127,2025-04-22,\N
8243,2023-09-14,2023-09-20
6254,2024-01-28,2024-01-30
24255,2023-06-02,2023-06-03
14357,2021-01-12,\N
54502,2023-08-14,2023-08-16
51371,2022-03-28,\N
35636,2022-05-11,2022-05-11
55972,2023-04-25,2023-04-30
8003,2022-01-11,\N
98713,2020-06-18,\N
10879,2020-07-01,\N
85453,2021-06-11,\N
28911,2020-10-04,\N
4794,2022-11-14,\N
49281,2021-04-15,2021-04-16
88541,2022-05-10,\N
34928,2024-07-08,2024-07-10
66226,2022-08-17,\N
96453,2025-07-17,\N
79093,2024-08-03,\N
39322,2021-09-18,\N
63848,2023-08-24,2023-08-30
59649,2025-04-02,\N
93116,2024-10-29,2024-11-02
44636,2022-10-31,2022-10-31
10697,2020-11-03,\N
65844,2024-06-13,2024-06-15
43635,2023-05-22,2023-05-29
26917,2021-01-08,\N
36345,2020-08-19,2020-08-24
62765,2024-11-23,\N
71718,2025-01-10,2025-01-12
58685,2020-06-25,\N
37113,2025-09-22,\N
70986,2025-10-09,\N
79137,2020-04-13,2020-04-17
13058,2022-11-16,\N
4705,2021-09-07,\N
83188,2022-12-20,\N
52974,2023-12-02,\N
91481,2021-09-18,2021-09-18
29353,2023-06-25,2023-07-01
82626,2022-10-12,2022-10-17
31225,2024-08-13,2024-08-17
53825,2020-07-25,\N
48525,2020-01-08,2020-01-14
25590,2020-07-21,\N
35956,2022-05-28,2022-06-02
70535,2021-01-20,\N
13821,2023-06-06,\N
25432,2025-02-19,\N
17320,2023-08-24,\N
32165,2023-07-04,\N
71917,2020-04-27,\N
64629,2020-09-04,\N
30807,2020-12-16,2020-12-22
27579,2024-06-04,2024-06-08
8216,2023-02-28,\N
30882,2022-07-06,2022-07-12
94010,2025-10-31,2025-11-06
60848,2025-06-30,\N
30190,2021-06-22,2021-06-27
85102,2025-07-11,2025-07-17
33015,2021-03-21,\N
72693,2025-02-18,2025-02-21
13429,2025-10-14,2025-10-20
10955,2021-12-17,\N
48195,2021-05-23,2021-05-23
81765,2021-09-24,2021-09-27
39468,2021-11-08,\N
19179,2021-07-08,\N
87529,2025-10-19,2025-10-24
9683,2021-05-27,2021-05-30
39284,2020-04-29,\N
26741,2020-06-29,2020-07-01
52180,2024-03-26,\N
38217,2020-01-08,\N
25832,2022-10-10,2022-10-15
61903,2021-04-23,2021-04-23
65670,2023-10-23,\N
38611,2024-03-31,\N
86983,2024-05-28,\N
80300,2024-12-07,\N
99751,2023-09-15,\N
57936,2023-11-05,2023-11-11
66467,2022-10-28,\N
67259,2022-02-07,\N
31385,2024-01-09,\N
35493,2020-05-16,\N
89592,2023-06-30,2023-06-30
90161,2022-09-27,2022-10-01
8606,2022-06-22,2022-06-24
89721,2022-08-16,\N
21781,2020-01-05,2020-01-09
42105,2022-12-13,\N
93527,2025-08-09,\N
88950,2021-12-01,2021-12-06
96432,2023-04-24,2023-04-24
35257,2025-10-22,2025-10-24
39859,2023-02-02,\N
13441,2022-07-25,2022-07-26
55408,2023-04-17,2023-04-22
5884,2024-10-17,\N
23836,2025-04-25,\N
93290,2022-09-29,\N
4881,2020-05-17,\N
94500,2023-01-28,\N
97047,2025-02-12,\N
49573,2025-05-06,\N
83714,2022-11-18,\N
39881,2024-09-18,\N
55922,2021-06-18,\N
17231,2021-02-11,2021-02-16
47826,2020-09-26,\N
20765,2023-01-29,2023-02-03
9515,2021-03-25,\N
27319,2021-08-13,\N
4642,2020-01-03,\N
98382,2021-02-09,\N
67540,2021-07-09,2021-07-14
36652,2025-11-06,2025-11-13
73470,2020-03-25,\N
45628,2025-11-21,\N
23052,2025-11-06,\N
97842,2024-07-11,2024-07-18
30473,2020-12-17,2020-12-19
96945,2024-11-24,\N
59319,2024-07-06,\N
34606,2023-09-08,2023-09-08
35118,2021-01-07,2021-01-10
42519,2022-01-23,\N
25221,2023-02-28,\N
1084,2022-06-22,\N
99138,2024-01-26,\N
17093,2024-02-06,2024-02-09
19987,2022-01-20,2022-01-20
76289,2023-02-03,\N
39680,2020-06-26,\N
50602,2022-11-02,2022-11-02
48637,2020-09-02,\N
88458,2025-05-14,2025-05-19
56657,2022-08-19,\N
61707,2025-10-01,2025-10-03
96492,2020-03-30,\N
20372,2024-03-02,\N
67485,2025-03-04,2025-03-10
13227,2025-10-30,\N
90496,2025-01-13,\N
58625,2020-11-22,\N
85372,2022-05-03,\N
38726,2020-09-12,2020-09-12
13086,2023-02-11,2023-02-18
1533,2020-05-24,2020-05-26
84218,2020-03-05,\N
75092,2024-01-18,\N
2013,2020-04-21,\N
80539,2025-06-18,\N
34455,2022-08-07,2022-08-12
89303,2023-02-03,\N
26278,2025-02-24,\N
43057,2022-11-08,\N
47927,2025-09-07,2025-09-09
92537,2020-10-16,2020-10-17
65399,2025-05-10,\N
70759,2024-03-16,2024-03-21
90693,2023-06-18,2023-06-24
79741,2021-02-02,2021-02-05
79536,2021-05-24,\N
41913,2023-08-01,\N
78056,2021-10-06,2021-10-08
72103,2023-09-23,2023-09-27
20960,2023-10-15,2023-10-20
33599,2020-01-15,\N
55370,2023-08-16,\N
76553,2023-10-26,\N
9602,2024-10-15,2024-10-17
52351,2022-04-22,\N
75886,2022-01-27,\N
95789,2020-07-22,2020-07-28
29949,2022-03-25,2022-03-27
15153,2024-12-01,2024-12-02
49852,2025-11-05,\N
60625,2020-12-08,\N
93691,2024-03-17,2024-03-23
36157,2024-12-17,\N
70632,2023-12-25,2023-12-30
6189,2024-06-19,2024-06-22
33700,2021-11-06,\N
61947,2022-05-16,\N
84772,2022-04-23,\N
33447,2025-02-06,\N
24644,2025-03-22,\N
82542,2022-12-05,\N
14798,2025-09-13,2025-09-17
78382,2024-02-19,\N
65574,2024-03-23,2024-03-29
94904,2024-08-19,2024-08-23
13761,2023-11-16,2023-11-20
94989,2023-02-01,\N
78230,2021-08-03,\N
54962,2025-04-20,\N
51690,2020-07-29,\N
57654,2024-10-11,\N
40538,2021-08-01,2021-08-06
50049,2020-09-07,2020-09-08
23175,2023-08-22,\N
48253,2020-04-19,\N
3557,2023-11-09,2023-11-13
13350,2020-02-27,\N
85211,2021-03-15,\N
60723,2022-03-02,2022-03-08
36887,2025-04-01,\N
28506,2020-01-30,\N
27402,2022-01-26,2022-01-28
98150,2021-11-23,2021-11-24
38783,2022-04-12,2022-04-14
10641,2023-03-04,2023-03-08
30125,2020-02-08,2020-02-09
32211,2023-03-06,\N
74143,2023-11-26,2023-12-01
41652,2024-10-10,2024-10-11
82754,2023-10-26,\N
10882,2020-07-09,2020-07-15
60382,2025-01-18,2025-01-25
32252,2021-11-09,2021-11-16
20693,2023-09-13,2023-09-16
72189,2022-01-13,2022-01-15
38185,2021-06-21,2021-06-21
46520,2025-08-03,2025-08-04
1403,2020-03-12,\N
14306,2024-11-24,2024-11-25
48476,2025-08-26,\N
57118,2021-03-05,\N
54952,2024-11-17,2024-11-24
37311,2020-07-29,\N
53418,2023-11-28,\N
11038,2025-10-11,\N
18714,2023-03-13,\N
44825,2021-07-13,\N
19991,2022-11-20,2022-11-20
50426,2022-03-12,\N
85629,2021-04-04,2021-04-08
7995,2025-06-17,2025-06-20
73554,2021-07-12,\N
87407,2024-06-10,2024-06-10
25698,2021-05-31,\N
65984,2021-05-05,\N
17337,2021-08-10,2021-08-10
47506,2020-08-24,2020-08-28
5560,2023-05-02,\N
42185,2022-01-18,\N
6597,2020-04-29,2020-05-06
85140,2021-08-31,\N
1905,2021-12-28,2022-01-03
71597,2023-09-08,2023-09-08
39128,2022-11-26,2022-11-29
89594,2024-02-16,\N
140,2021-09-06,2021-09-13
56494,2023-09-23,\N
36008,2020-06-27,2020-06-27
6809,2020-12-10,2020-12-11
45046,2020-02-15,2020-02-21
44785,2020-10-16,2020-10-16
58461,2025-03-20,2025-03-25
4380,2024-02-14,\N
33286,2024-05-29,2024-06-04
61864,2024-11-01,\N
87261,2021-07-15,\N
41697,2025-09-11,\N
36951,2024-02-21,2024-02-25
86325,2025-10-27,\N
75857,2022-08-29,2022-09-03
76631,2022-01-09,\N
19582,2021-04-23,\N
22033,2024-07-06,2024-07-12
46772,2023-02-23,\N
61311,2022-02-13,\N
57401,2022-10-31,\N
74751,2023-10-26,2023-10-30
40851,2025-01-02,2025-01-08
58486,2022-02-20,\N
77702,2020-01-03,2020-01-06
30220,2024-09-11,2024-09-14
4775,2025-01-30,\N
42153,2023-11-25,\N
85126,2023-10-01,\N
632,2021-10-02,\N
38711,2021-06-11,2021-06-18
14327,2025-02-25,2025-02-27
91348,2025-10-11,\N
2636,2021-05-19,2021-05-19
4002,2020-12-20,\N
89270,2023-01-13,\N
62199,2021-07-29,\N
2858,2022-05-23,2022-05-25
99947,2023-03-13,2023-03-20
43364,2025-04-11,2025-04-14
20798,2024-02-28,2024-03-06
38222,2021-07-11,\N
73957,2022-02-22,2022-02-27
81889,2020-11-23,\N
37466,2024-10-30,2024-11-02
47239,2023-09-08,\N
69713,2025-10-11,\N
31823,2023-08-02,2023-08-08
68283,2023-04-22,\N
31978,2024-11-08,\N
26424,2021-08-06,\N
70168,2020-01-06,2020-01-11
19109,2024-11-19,\N
99837,2025-03-21,\N
24069,2023-06-26,2023-06-27
16665,2024-07-30,\N
67489,2021-01-07,\N
53846,2021-12-27,2022-01-01
25501,2023-12-11,2023-12-17
13963,2020-05-04,2020-05-04
12460,2024-03-15,2024-03-17
64496,2021-06-14,2021-06-21
29837,2021-06-26,2021-06-26
60147,2024-10-24,\N
44221,2023-01-07,\N
39008,2024-02-18,2024-02-22
64346,2023-04-03,2023-04-07
93997,2023-05-16,\N
3349,2025-02-22,2025-02-25
98603,2022-10-19,\N
76961,2020-06-12,2020-06-12
26462,2020-01-06,2020-01-12
31380,2025-05-01,\N
33704,2025-07-12,2025-07-16
98844,2021-08-07,\N
82992,2021-05-15,\N
27544,2021-01-22,\N
26842,2024-10-11,2024-10-14
70955,2023-11-09,2023-11-09
61310,2025-03-18,\N
21825,2025-06-22,\N
49548,2020-01-19,2020-01-22
65084,2022-06-14,\N
25091,2021-06-13,2021-06-19
23501,2021-11-29,2021-12-01
56157,2023-04-06,\N
14391,2024-01-12,\N
94760,2022-07-15,2022-07-17
27440,2024-02-16,\N
4751,2020-03-27,\N
86219,2020-03-27,\N
86240,2024-01-10,\N
45049,2025-09-21,\N
66919,2020-11-09,\N
98657,2022-10-14,2022-10-20
48913,2021-04-12,\N
61837,2024-03-09,\N
56528,2024-09-13,2024-09-17
82831,2023-02-24,\N
2396,2023-04-04,2023-04-10
53089,2020-03-21,2020-03-23
59265,2024-10-15,\N
77446,2025-05-31,2025-06-07
46142,2024-01-13,2024-01-15
43370,2025-10-20,2025-10-20
95750,2022-11-08,\N
43948,2023-10-08,\N
56382,2020-10-18,2020-10-18
25402,2021-05-30,\N
84681,2022-03-08,\N
41571,2021-06-27,2021-07-02
9050,2022-09-30,2022-09-30
57163,2023-06-17,2023-06-22
60733,2023-07-10,\N
71939,2022-05-08,\N
1128,2020-06-27,2020-07-01
27633,2021-04-11,2021-04-12
36608,2020-06-29,\N
34457,2023-06-27,\N
97083,2025-09-06,\N
31292,2023-03-20,2023-03-26
71194,2021-08-17,\N
89329,2023-06-04,2023-06-07
9259,2025-02-18,2025-02-19
32401,2025-02-15,\N
8849,2024-02-18,\N
63141,2022-07-31,2022-07-31
30908,2025-11-21,2025-11-21
96666,2024-10-30,\N
43235,2025-04-23,2025-04-28
16627,2022-10-12,\N
20936,2025-02-14,2025-02-14
19745,2025-01-22,2025-01-27
21159,2025-07-04,2025-07-07
35277,2021-12-10,\N
15421,2022-09-14,2022-09-21
39467,2022-07-25,\N
6082,2025-01-31,2025-02-05
95493,2023-01-23,\N
63994,2021-08-20,\N
67931,2024-12-21,\N
60750,2021-12-19,2021-12-22
31564,2025-09-08,\N
99061,2025-03-25,\N
16130,2025-01-30,2025-02-02
36512,2022-09-19,\N
73515,2025-08-22,2025-08-27
42665,2025-03-24,\N
46154,2024-12-25,\N
13318,2024-04-06,2024-04-06
30104,2024-12-01,\N
82042,2024-11-03,2024-11-08
11145,2025-05-08,\N
57296,2022-02-22,\N
18810,2020-09-07,2020-09-09
28388,2021-06-06,\N
56301,2021-08-29,2021-08-29
6191,2020-01-07,\N
30384,2021-01-18,2021-01-18
86715,2025-11-08,2025-11-10
94056,2022-07-29,\N
52042,2022-03-22,2022-03-28
78207,2023-04-20,2023-04-27
38840,2023-07-24,2023-07-30
3320,2023-01-10,\N
48479,2023-11-02,2023-11-03
19607,2024-02-20,2024-02-21
47901,2025-09-22,2025-09-24
15892,2020-10-10,2020-10-14
26971,2021-06-20,\N
63341,2024-01-26,\N
92745,2025-04-16,2025-04-21
65635,2024-11-26,2024-12-01
42684,2024-08-06,\N
83477,2025-04-20,2025-04-25
54894,2025-02-09,\N
21799,2024-02-19,\N
39538,2021-06-22,\N
3718,2023-10-15,\N
50971,2025-10-27,\N
48728,2021-05-20,\N
72832,2020-03-28,2020-04-04
87959,2021-01-03,\N
96337,2023-05-15,\N
81857,2023-03-13,\N
74707,2020-12-23,2020-12-27
54335,2024-04-04,\N
82946,2024-08-27,\N
32843,2022-02-13,\N
1579,2025-05-04,2025-05-11
10023,2021-01-26,2021-01-27
43731,2025-06-03,\N
78932,2020-07-29,\N
62159,2025-03-18,2025-03-19
79057,2024-04-16,2024-04-18
51893,2024-03-21,\N
72842,2020-01-31,2020-02-07
83960,2025-11-16,2025-11-16
19153,2022-05-11,2022-05-11
84431,2023-10-06,2023-10-06
87613,2022-04-25,\N
47892,2022-05-23,2022-05-28
6208,2023-10-19,\N
73499,2024-12-27,\N
7704,2020-02-07,2020-02-09
8936,2025-05-03,\N
449,2024-11-19,\N
75247,2023-08-27,2023-08-28
45321,2021-07-02,\N
44535,2022-07-14,\N
796,2023-06-20,2023-06-22
65575,2024-11-13,\N
82067,2021-06-01,2021-06-01
94497,2022-01-02,2022-01-05
51867,2024-04-25,2024-04-29
46013,2021-11-07,2021-11-14
73076,2022-07-09,\N
59626,2023-12-13,2023-12-14
73965,2022-04-01,\N
9174,2025-01-17,2025-01-17
49684,2021-08-31,\N
39635,2021-12-29,\N
75849,2022-12-26,2022-12-31
51735,2023-04-10,\N
85481,2022-09-17,2022-09-18
80667,2024-11-21,2024-11-22
32468,2020-08-19,\N
14484,2023-12-12,2023-12-13
61041,2020-01-02,2020-01-08
40279,2020-09-01,\N
89786,2023-07-06,2023-07-09
1135,2023-01-25,2023-01-30
64884,2024-10-09,\N
51737,2024-12-24,\N
2373,2024-06-07,\N
79333,2025-08-01,2025-08-03
46760,2022-02-24,\N
26641,2023-08-17,2023-08-22
14413,2022-04-16,\N
95000,2022-08-29,\N
92177,2025-03-06,\N
5464,2025-10-02,\N
47012,2020-12-10,\N
35894,2021-03-29,\N
17020,2025-08-29,2025-08-29
10267,2025-04-03,2025-04-06
32875,2021-09-16,2021-09-19
2894,2023-02-24,\N
26004,2020-05-10,2020-05-10
15422,2020-10-01,2020-10-06
83978,2021-02-16,\N
32205,2020-04-07,\N
99806,2024-04-10,\N
39765,2024-07-17,\N
47623,2025-04-22,\N
86304,2020-09-18,\N
50538,2021-04-23,2021-04-29
93109,2022-06-10,2022-06-10
42030,2021-11-12,\N
35412,2024-12-30,2024-12-31
72031,2023-10-30,\N
81608,2025-06-27,\N
81232,2023-05-02,2023-05-08
58175,2020-07-11,2020-07-14
86626,2022-09-12,2022-09-13
71612,2023-06-18,\N
40216,2021-03-25,\N
21401,2025-11-18,\N
39918,2020-05-26,2020-05-26
93808,2020-06-14,2020-06-19
76314,2023-03-21,2023-03-21
95843,2020-11-26,\N
78009,2020-03-22,\N
8455,2024-05-31,2024-06-06
9750,2024-01-10,2024-01-12
99908,2023-10-10,2023-10-11
37339,2025-09-01,\N
5385,2022-04-03,2022-04-06
72833,2022-07-12,\N
23437,2025-07-11,2025-07-16
14002,2021-01-26,2021-01-27
50054,2021-05-29,\N
43159,2022-10-20,\N
84196,2021-12-09,\N
63563,2020-08-18,\N
65985,2020-05-01,\N
43639,2021-11-07,2021-11-09
66472,2025-11-06,\N
35185,2023-05-11,\N
93730,2023-09-30,\N
10499,2024-06-29,2024-07-01
59089,2020-08-27,2020-09-02
42608,2023-04-24,\N
2663,2020-07-04,2020-07-04
51316,2023-11-21,\N
52903,2022-04-06,2022-04-13
20324,2023-07-10,\N
90476,2021-11-11,2021-11-15
62503,2021-12-31,\N
59498,2021-04-14,2021-04-14
43911,2020-09-15,2020-09-21
95337,2022-03-23,2022-03-24
50285,2025-03-24,\N
53749,2025-01-27,2025-01-28
12941,2025-06-18,2025-06-22
59640,2024-09-21,\N
45264,2022-02-24,\N
25927,2020-08-31,2020-09-02
12440,2022-03-15,2022-03-20
28469,2023-12-15,2023-12-21
76125,2021-11-27,\N
12125,2023-02-04,\N
54339,2024-04-21,2024-04-21
53531,2025-05-03,2025-05-05
6453,2020-01-25,\N
79919,2021-10-19,\N
10654,2021-06-18,2021-06-18
10593,2022-09-12,\N
59537,2020-05-13,2020-05-17
24364,2024-08-20,\N
26343,2022-09-21,2022-09-25
20262,2021-04-06,2021-04-08
55042,2024-07-26,2024-07-29
6478,2021-01-23,\N
82821,2022-05-02,2022-05-09
21742,2025-05-24,2025-05-28
6558,2022-05-10,\N
98729,2025-08-12,2025-08-18
8295,2025-06-12,\N
31888,2023-04-15,\N
37797,2022-02-09,2022-02-10
11075,2022-01-16,2022-01-21
38055,2024-04-29,2024-05-03
43020,2020-12-27,2020-12-30
92487,2021-06-25,\N
49218,2025-03-17,2025-03-19
51030,2025-02-28,\N
6139,2023-06-12,\N
39425,2024-01-03,2024-01-04
21377,2022-05-30,2022-06-03
77223,2023-10-10,2023-10-10
96529,2023-10-05,\N
26339,2021-07-30,\N
92776,2021-04-17,2021-04-23
97355,2025-05-10,\N
12456,2023-11-24,2023-11-29
13970,2020-07-11,\N
24735,2024-01-08,2024-01-11
82866,2025-03-21,2025-03-25
91069,2021-05-17,\N
44493,2025-08-19,2025-08-22
53923,2024-10-24,\N
30422,2020-01-25,\N
91727,2023-05-02,\N
72249,2022-10-22,2022-10-28
69421,2021-07-19,\N
5879,2021-08-21,\N
58688,2025-02-16,\N
13457,2025-06-04,2025-06-05
13885,2024-07-04,2024-07-07
29773,2021-03-29,\N
55973,2021-03-21,2021-03-23
71241,2020-05-23,2020-05-25
73980,2022-09-21,2022-09-26
99309,2020-01-09,2020-01-15
34421,2021-12-05,2021-12-06
37560,2020-02-10,2020-02-17
40513,2021-07-10,\N
47593,2024-06-29,\N
77629,2022-09-05,2022-09-12
52769,2022-07-10,2022-07-13
76971,2020-01-15,\N
97953,2025-11-17,2025-11-23
98195,2023-06-22,2023-06-28
52809,2025-07-25,2025-07-31
52671,2020-05-27,\N
8213,2023-01-08,\N
85589,2021-12-20,2021-12-26
6712,2020-04-06,2020-04-09
80566,2024-03-26,2024-03-26
64,2024-10-16,2024-10-18
27514,2024-07-28,\N
77857,2022-07-17,\N
38707,2022-10-06,2022-10-09
49638,2025-06-17,\N
22507,2024-01-23,\N
89989,2023-10-20,2023-10-23
6932,2022-10-04,2022-10-10
32874,2022-12-23,2022-12-23
37201,2021-08-23,2021-08-29
79309,2023-10-06,\N
14929,2023-04-21,2023-04-28
89011,2020-03-20,2020-03-23
77574,2022-05-09,\N
27712,2020-03-11,2020-03-14
44871,2025-06-28,2025-07-04
22896,2020-12-24,2020-12-28
75157,2025-10-10,\N
83184,2023-01-11,\N
22482,2020-03-03,\N
29676,2022-04-19,2022-04-25
95868,2024-01-16,2024-01-23
37141,2020-03-15,\N
38085,2025-04-29,2025-05-05
8141,2020-08-01,2020-08-03
47922,2022-04-24,\N
1144,2023-08-26,2023-08-28
63613,2025-04-14,\N
34929,2025-10-25,\N
71556,2021-11-05,\N
94474,2021-11-25,2021-11-30
1529,2022-02-03,2022-02-06
60343,2025-07-22,\N
76414,2024-12-18,\N
33347,2023-06-03,2023-06-10
29260,2024-05-09,2024-05-16
99802,2020-10-18,\N
20008,2022-02-09,2022-02-11
9759,2023-04-22,2023-04-24
52979,2021-01-24,2021-01-29
66953,2025-08-23,\N
42755,2021-01-13,\N
60014,2021-09-11,\N
34006,2021-06-05,2021-06-07
17766,2025-08-01,\N
21345,2025-03-23,2025-03-26
7512,2025-10-27,\N
81946,2023-05-01,2023-05-06
96665,2021-08-15,\N
26567,2022-02-06,2022-02-11
26659,2025-01-21,\N
42449,2024-06-30,2024-06-30
97554,2022-10-16,\N
66554,2021-06-18,2021-06-20
33695,2023-06-07,\N
20883,2020-05-04,\N
74508,2023-10-09,\N
86949,2022-02-23,2022-02-23
44463,2021-12-21,2021-12-25
65066,2023-06-02,\N
20579,2024-09-08,2024-09-11
70659,2022-12-28,2023-01-03
3122,2025-10-17,2025-10-21
44622,2025-07-31,\N
42471,2021-02-14,\N
67666,2022-03-09,\N
63484,2021-04-28,2021-05-04
39617,2024-05-09,\N
6588,2020-01-08,2020-01-08
58121,2023-12-24,2023-12-31
8024,2020-04-27,2020-04-28
82654,2024-05-05,\N
18127,2024-02-14,2024-02-21
32279,2020-09-10,\N
75715,2024-09-20,\N
99955,2024-03-31,\N
78658,2024-07-14,\N
72922,2020-06-20,2020-06-23
75257,2025-10-26,2025-10-31
72192,2020-01-29,2020-01-30
82233,2020-03-08,\N
76347,2024-09-22,2024-09-27
81856,2022-06-23,2022-06-28
58622,2025-11-02,2025-11-07
55026,2022-12-02,\N
47880,2021-12-15,2021-12-15
8516,2022-09-16,2022-09-21
26951,2020-04-28,\N
43167,2023-07-05,\N
49260,2025-05-04,2025-05-07
68742,2022-08-03,2022-08-07
91463,2020-08-01,\N
96814,2020-08-17,\N
10770,2024-11-15,2024-11-22
37658,2024-02-20,\N
21193,2025-01-26,\N
4366,2025-09-29,\N
19976,2021-12-13,\N
28347,2022-05-14,2022-05-19
14976,2023-05-11,2023-05-17
29850,2025-01-06,2025-01-13
79730,2021-08-17,\N
97861,2021-07-06,\N
73445,2020-11-13,2020-11-13
95485,2021-06-20,\N
29106,2021-06-30,\N
79749,2020-06-20,2020-06-24
84097,2023-02-07,\N
72276,2022-10-29,\N
30855,2025-05-29,\N
76829,2021-06-11,\N
79463,2025-02-01,2025-02-02
87867,2025-08-06,\N
37927,2024-02-18,\N
42941,2025-05-20,\N
98341,2024-09-21,\N
31898,2025-08-05,\N
33378,2022-02-25,\N
73846,2021-03-13,2021-03-18
77332,2023-12-21,2023-12-24
19989,2021-01-19,\N
61635,2021-07-10,\N
25479,2021-06-09,2021-06-15
41789,2023-06-18,\N
36959,2021-01-13,2021-01-16
69485,2023-03-02,2023-03-03
46831,2020-06-26,2020-06-30
30434,2022-01-28,2022-01-30
52812,2024-07-28,2024-07-29
9413,2025-11-05,\N
89391,2020-06-11,2020-06-18
58150,2024-03-25,2024-03-30
52911,2025-02-26,\N
13961,2020-01-15,2020-01-21
14016,2025-10-11,2025-10-11
18367,2020-08-12,\N
4772,2022-06-06,2022-06-10
51389,2022-08-31,2022-09-05
72368,2022-02-27,2022-03-03
77790,2023-12-06,\N
31004,2023-12-12,2023-12-12
93913,2020-10-07,\N
81033,2024-05-06,2024-05-13
77313,2020-04-09,2020-04-10
72379,2023-09-18,2023-09-23
3584,2025-07-02,2025-07-05
87138,2022-04-01,2022-04-05
7757,2020-05-26,2020-05-29
17202,2025-02-11,\N
79835,2025-07-11,\N
24054,2020-12-18,2020-12-20
21638,2025-04-03,2025-04-09
95778,2023-04-24,2023-05-01
16981,2024-05-04,2024-05-06
44403,2022-04-22,2022-04-22
50309,2022-05-28,2022-06-04
2869,2021-01-10,2021-01-15
64929,2020-03-29,2020-03-31
43647,2021-08-31,\N
18533,2020-11-05,\N
51365,2022-03-09,\N
10169,2021-12-18,2021-12-24
10427,2024-10-01,2024-10-01
87414,2020-04-20,2020-04-24
44895,2020-10-20,\N
62898,2025-06-26,2025-06-30
36489,2021-06-12,2021-06-14
85120,2023-11-21,\N
15752,2022-08-08,\N
30289,2024-11-18,2024-11-24
5331,2024-08-13,2024-08-13
63993,2024-06-11,2024-06-16
46657,2021-03-01,2021-03-02
85472,2025-03-06,2025-03-08
73936,2025-07-25,2025-07-30
32685,2021-05-09,\N
10133,2021-06-23,\N
97539,2025-08-08,2025-08-15
93957,2022-12-18,\N
31448,2024-10-02,\N
75838,2021-09-09,2021-09-12
38659,2024-12-10,2024-12-11
85234,2022-03-23,\N
33793,2024-03-27,\N
52090,2021-04-25,2021-04-29
95128,2021-08-14,\N
57524,2022-04-10,\N
11365,2020-03-23,\N
69215,2023-07-22,\N
86712,2023-05-02,\N
78425,2021-09-21,2021-09-24
11200,2021-10-31,2021-11-04
31788,2025-07-07,2025-07-12
85060,2021-06-04,\N
78292,2023-04-30,2023-05-05
60035,2022-01-06,\N
48101,2025-02-24,2025-02-24
70285,2022-06-14,\N
53615,2023-12-03,\N
12687,2024-05-13,\N
59087,2021-08-29,\N
35853,2021-03-09,\N
71065,2020-05-09,2020-05-16
77950,2025-08-20,2025-08-20
53170,2020-10-24,2020-10-28
26660,2022-02-01,\N
99311,2024-11-02,2024-11-03
57952,2022-09-25,\N
64078,2023-04-01,\N
9748,2024-11-01,2024-11-01
36876,2022-12-14,\N
36624,2024-01-20,\N
27488,2023-09-19,\N
8020,2022-06-19,2022-06-25
48541,2021-04-24,2021-05-01
36552,2023-04-03,\N
60495,2021-08-18,2021-08-25
20889,2022-04-13,\N
10725,2025-08-26,2025-09-02
84302,2024-12-29,\N
44558,2023-06-25,\N
22173,2025-03-17,2025-03-23
86584,2022-05-24,2022-05-30
58943,2025-04-04,\N
82954,2024-06-09,2024-06-13
32117,2024-11-25,\N
19922,2024-12-13,2024-12-14
39059,2020-08-09,\N
68405,2022-07-05,2022-07-10
28547,2021-01-08,2021-01-08
77029,2022-07-13,2022-07-20
25555,2024-07-28,\N
96104,2023-02-25,\N
16270,2024-02-23,2024-02-24
64178,2021-08-13,2021-08-20
26280,2025-11-08,\N
90820,2024-01-11,\N
99839,2022-09-01,\N
62095,2024-09-04,2024-09-05
33049,2025-06-20,\N
99982,2021-09-07,2021-09-14
81908,2021-12-26,2022-01-01
49417,2020-02-24,2020-02-28
48462,2025-11-20,2025-11-24
48521,2024-10-31,2024-11-07
39966,2024-08-11,2024-08-13
93672,2025-07-03,2025-07-10
7581,2022-10-22,\N
6882,2021-09-24,2021-09-27
14722,2020-04-09,2020-04-10
83203,2025-07-20,\N
54741,2023-09-22,2023-09-28
62978,2022-11-11,\N
13396,2020-03-18,\N
39851,2024-09-04,\N
69847,2023-09-24,2023-09-24
65,2022-01-01,\N
90010,2022-04-26,2022-04-28
71389,2025-04-11,2025-04-16
51484,2025-07-13,2025-07-14
66750,2022-08-20,2022-08-21
42926,2023-10-11,2023-10-13
29854,2022-10-08,\N
51489,2025-08-11,\N
76333,2024-09-04,2024-09-10
12788,2023-08-25,\N
25865,2023-03-07,\N
95159,2025-09-05,2025-09-11
38140,2021-04-10,\N
17141,2025-07-21,2025-07-28
21250,2023-08-30,2023-09-05
8140,2025-04-25,2025-05-02
33785,2021-07-09,2021-07-15
85995,2022-06-24,2022-06-24
69491,2023-11-18,\N
27542,2020-09-12,\N
25265,2020-08-19,\N
98371,2025-04-13,\N
75156,2021-06-29,2021-07-05
17185,2021-06-01,\N
26817,2024-01-13,2024-01-16
22687,2025-08-27,2025-08-27
24718,2022-04-25,\N
97174,2024-12-11,\N
61812,2021-07-29,\N
58793,2024-01-03,2024-01-03
50019,2023-03-05,2023-03-10
15424,2021-11-07,\N
6689,2020-08-22,\N
87983,2020-09-12,\N
26304,2024-06-12,\N
75940,2023-03-09,2023-03-16
17901,2024-10-16,2024-10-20
44642,2023-02-04,\N
80914,2024-01-15,2024-01-20
74865,2024-09-27,\N
75874,2021-08-16,\N
50954,2025-09-23,2025-09-29
12068,2022-10-30,2022-11-05
6738,2021-05-31,\N
893,2024-07-03,\N
73388,2020-07-01,2020-07-03
24959,2022-12-07,2022-12-11
73391,2020-07-02,2020-07-07
63016,2024-10-18,\N
85743,2021-08-13,2021-08-20
72913,2020-01-02,2020-01-08
40010,2024-09-28,\N
30788,2023-10-24,\N
63600,2021-09-07,\N
95432,2022-04-24,2022-04-26
23344,2025-08-27,\N
82472,2023-12-20,2023-12-22
59831,2024-03-11,\N
94871,2021-05-17,2021-05-23
66179,2025-10-20,\N
41744,2024-10-05,\N
33336,2021-09-02,\N
40072,2024-01-18,\N
19099,2024-03-05,\N
48282,2020-10-15,2020-10-19
62972,2022-06-03,2022-06-09
65765,2024-05-30,\N
99880,2020-04-22,2020-04-28
85141,2022-06-17,\N
6730,2021-10-06,2021-10-06
43389,2022-04-12,\N
60742,2024-07-07,2024-07-10
87287,2020-10-15,\N
37318,2021-04-28,2021-05-04
88643,2020-05-05,\N
6649,2022-10-07,2022-10-11
69532,2022-02-13,\N
30352,2022-08-17,2022-08-19
22177,2024-02-06,\N
40049,2022-03-06,2022-03-09
10474,2022-04-05,\N
13035,2022-05-18,2022-05-22
95024,2022-08-31,2022-09-04
33113,2023-07-10,2023-07-17
51325,2023-04-21,\N
24148,2023-04-04,\N
89124,2025-03-11,\N
95240,2021-05-21,\N
917,2023-10-10,2023-10-11
64813,2025-08-22,2025-08-29
92376,2022-04-18,2022-04-25
39669,2022-08-17,2022-08-23
69664,2024-07-03,\N
53915,2021-06-19,2021-06-23
10906,2025-06-27,\N
21446,2023-11-07,\N
34719,2025-01-16,\N
21011,2024-01-26,2024-01-30
25249,2021-06-15,2021-06-15
59127,2023-08-02,2023-08-08
52035,2021-05-30,\N
19378,2022-06-14,2022-06-21
69419,2020-02-28,\N
91600,2022-04-18,\N
86542,2020-04-22,\N
3243,2023-02-03,\N
75618,2021-02-15,2021-02-17
41903,2020-05-25,\N
29101,2021-08-11,2021-08-17
40849,2023-05-12,2023-05-18
26122,2021-08-15,2021-08-22
41662,2020-09-23,2020-09-24
50001,2024-03-28,\N
33240,2022-07-03,2022-07-08
67954,2023-05-07,\N
86547,2023-03-14,\N
77176,2024-07-27,2024-07-30
5462,2022-08-13,2022-08-16
98241,2023-09-06,2023-09-12
35445,2021-01-14,2021-01-18
30322,2022-02-03,\N
68622,2024-04-28,\N
33570,2025-09-10,2025-09-13
63699,2020-10-25,2020-10-25
7487,2022-03-11,2022-03-17
95987,2025-01-20,2025-01-26
81520,2021-05-05,\N
96870,2025-08-04,\N
65460,2021-08-24,\N
66155,2024-08-05,\N
41929,2022-04-17,\N
90169,2024-07-03,\N
46473,2020-02-10,\N
34252,2024-08-10,2024-08-16
76051,2020-10-05,2020-10-08
62428,2020-07-16,2020-07-17
87140,2020-07-22,2020-07-29
98049,2022-12-12,2022-12-16
31394,2022-03-10,\N
78513,2023-08-10,2023-08-17
62891,2022-11-22,2022-11-22
90452,2020-11-14,2020-11-18
95221,2022-12-18,\N
99151,2024-02-03,\N
97796,2024-06-08,2024-06-14
23479,2022-08-15,2022-08-15
46272,2021-02-07,\N
20918,2023-03-30,2023-04-03
99129,2023-11-06,2023-11-12
24565,2023-12-30,2024-01-02
68167,2022-05-31,2022-05-31
94627,2020-05-13,2020-05-16
28746,2024-02-24,2024-02-25
98056,2021-06-14,2021-06-15
66100,2025-01-06,2025-01-11
92580,2020-02-14,\N
76728,2020-12-31,2020-12-31
34077,2021-05-26,\N
26556,2024-08-07,\N
83409,2020-11-03,\N
9143,2020-07-23,2020-07-23
12090,2020-05-30,2020-06-04
15991,2023-02-26,\N
38041,2024-07-22,2024-07-29
98087,2022-03-21,\N
17645,2023-06-07,2023-06-09
25126,2023-08-15,2023-08-18
82364,2024-10-26,2024-10-30
32441,2023-10-22,2023-10-26
13631,2020-09-16,\N
82715,2024-03-06,2024-03-13
15571,2025-01-14,\N
61664,2022-02-27,2022-02-27
2832,2024-05-29,\N
35259,2023-07-29,2023-07-30
30357,2023-12-30,\N
56021,2025-05-03,2025-05-03
70309,2023-01-14,\N
81842,2022-02-06,2022-02-08
58909,2024-08-09,\N
23904,2025-10-30,2025-11-06
55424,2023-12-15,\N
81955,2020-12-29,2021-01-02
36496,2022-03-17,\N
85227,2020-06-05,\N
9758,2023-05-29,\N
26427,2025-06-27,\N
76943,2022-06-22,\N
97633,2025-01-31,2025-01-31
24098,2020-04-02,2020-04-09
50276,2024-08-27,\N
24250,2023-06-22,2023-06-25
55114,2025-07-28,2025-07-31
25911,2022-11-25,\N
47713,2021-08-09,\N
78728,2020-12-17,2020-12-17
48627,2025-01-20,2025-01-24
96411,2022-03-15,\N
30366,2022-12-29,\N
92387,2023-06-03,2023-06-09
65342,2023-12-14,\N
92627,2023-07-22,2023-07-22
75868,2022-04-11,2022-04-14
90004,2024-11-28,\N
75143,2023-05-22,\N
44027,2020-11-12,2020-11-17
9369,2022-12-15,\N
78166,2020-03-01,\N
45635,2021-06-06,2021-06-09
18623,2022-02-20,\N
32409,2023-01-17,\N
53541,2020-01-03,2020-01-10
19170,2020-11-22,2020-11-28
4223,2024-12-24,2024-12-26
60045,2020-11-15,\N
26760,2021-03-27,2021-04-03
1059,2021-08-31,2021-09-04
16535,2022-06-28,2022-06-30
55850,2020-06-11,2020-06-15
77823,2022-05-31,2022-06-02
20151,2021-06-13,2021-06-19
72665,2020-05-14,2020-05-20
97169,2024-09-27,\N
13934,2024-03-04,2024-03-10
29586,2023-07-27,\N
53464,2024-06-30,2024-07-06
84395,2023-03-09,\N
11780,2025-02-18,\N
60892,2024-09-25,2024-10-02
87088,2025-11-19,\N
35204,2023-08-28,\N
50998,2022-09-02,2022-09-03
33188,2021-07-31,2021-08-04
6653,2023-12-06,\N
31905,2021-10-30,\N
95963,2022-07-02,2022-07-07
81698,2022-11-29,2022-11-30
9094,2022-08-12,2022-08-13
91837,2023-10-26,\N
12079,2023-04-25,\N
55199,2024-01-18,\N
34794,2021-05-19,\N
93111,2022-06-12,2022-06-15
79650,2021-06-12,2021-06-15
76854,2020-12-16,\N
88364,2023-05-01,2023-05-02
90472,2025-08-21,\N
56620,2022-07-08,2022-07-14
36459,2023-10-18,\N
87230,2024-01-11,2024-01-13
3125,2020-10-09,\N
82802,2021-07-07,2021-07-09
53970,2020-11-06,2020-11-11
84625,2022-02-28,\N
82699,2023-06-27,2023-06-28
88929,2021-05-28,\N
57747,2023-08-15,\N
93346,2023-01-23,2023-01-23
93216,2024-02-09,2024-02-12
80838,2023-08-15,2023-08-20
85404,2021-09-20,2021-09-22
4630,2023-04-11,2023-04-13
21469,2025-08-31,2025-09-03
63929,2022-11-12,\N
58203,2025-09-11,\N
84569,2020-02-20,\N
17489,2024-04-28,2024-05-01
70990,2023-01-27,2023-01-27
87279,2022-01-11,\N
41881,2024-07-23,\N
15058,2025-03-13,\N
76861,2024-01-29,\N
54421,2022-02-04,2022-02-07
57598,2023-02-22,2023-02-27
2208,2022-08-30,\N
73134,2021-09-22,\N
15633,2023-03-12,2023-03-12
51842,2024-06-22,2024-06-22
61355,2025-03-08,\N
95620,2021-03-10,\N
64481,2023-11-27,\N
83739,2025-03-19,\N
62080,2024-08-30,\N
15726,2023-08-09,2023-08-14
53589,2020-07-26,2020-07-26
19555,2021-04-28,2021-05-05
21964,2020-08-25,2020-09-01
63616,2020-11-13,\N
32159,2023-10-29,\N
32632,2022-04-02,2022-04-07
12431,2025-06-12,\N
66090,2024-06-08,2024-06-13
60635,2023-01-09,\N
71501,2022-08-29,\N
41305,2024-12-26,\N
26245,2024-04-02,2024-04-04
15492,2024-02-21,2024-02-28
31156,2025-10-10,2025-10-11
51632,2023-03-30,2023-04-05
61547,2022-04-18,\N
66483,2022-11-28,2022-11-30
9305,2022-05-03,2022-05-09
72419,2024-06-08,\N
5108,2021-09-29,2021-10-03
35054,2024-10-14,2024-10-15
15513,2020-02-16,2020-02-18
59757,2020-06-27,\N
37210,2021-11-07,2021-11-11
97403,2022-01-10,\N
7189,2023-06-23,\N
31286,2022-11-30,2022-12-02
32884,2022-07-07,2022-07-07
19644,2024-10-03,\N
33260,2022-05-05,2022-05-10
5656,2025-05-27,\N
6147,2021-08-24,\N
62207,2020-10-09,2020-10-11
3821,2020-03-16,2020-03-17
26386,2022-04-04,2022-04-07
46432,2020-03-18,\N
79576,2023-06-19,\N
2218,2020-09-27,\N
29998,2025-03-21,\N
3174,2024-08-24,\N
58036,2024-12-31,2025-01-03
68875,2022-08-17,\N
85525,2024-01-21,2024-01-25
11949,2023-12-03,2023-12-05
47977,2025-10-08,2025-10-12
84700,2024-03-09,\N
13080,2021-03-27,2021-04-02
97421,2022-01-26,\N
31137,2020-12-02,2020-12-05
30051,2021-06-27,\N
60911,2021-06-27,\N
80122,2022-06-11,2022-06-13
23053,2022-09-22,\N
30048,2022-09-05,2022-09-08
84280,2023-05-14,2023-05-17
29851,2025-02-26,\N
99171,2023-06-02,2023-06-02
95910,2022-10-18,2022-10-24
84182,2020-05-03,\N
40265,2022-03-09,2022-03-12
29056,2025-09-19,2025-09-23
85081,2025-04-29,\N
78304,2023-05-26,2023-06-02
52983,2025-08-19,2025-08-22
95305,2022-07-02,2022-07-08
19301,2021-03-19,\N
312,2024-06-08,\N
29091,2020-01-21,2020-01-25
16138,2023-11-21,2023-11-24
92224,2022-03-25,\N
53549,2020-02-07,2020-02-13
11738,2021-03-28,2021-03-29
69560,2024-03-12,\N
33645,2023-11-11,2023-11-18
87152,2025-04-16,2025-04-18
93760,2022-09-26,2022-09-30
11207,2025-11-08,2025-11-08
14333,2023-02-17,2023-02-20
47146,2021-08-04,2021-08-04
7974,2022-11-06,\N
39699,2021-08-19,2021-08-23
69112,2022-03-30,\N
6432,2025-05-10,2025-05-10
83147,2020-07-25,2020-07-27
27127,2021-07-19,\N
32302,2023-07-07,2023-07-07
26194,2021-06-10,\N
159,2022-08-29,2022-09-03
99641,2025-01-06,2025-01-12
44452,2025-10-22,2025-10-25
51919,2020-01-23,\N
18584,2020-11-07,2020-11-10
34003,2021-09-25,2021-09-29
7882,2025-03-17,2025-03-24
35476,2024-04-21,2024-04-26
34154,2021-08-08,\N
52160,2022-06-22,2022-06-23
18394,2022-10-17,2022-10-19
6871,2020-10-12,2020-10-19
89432,2023-12-18,2023-12-22
92155,2021-06-16,2021-06-16
18208,2023-11-04,2023-11-09
67261,2020-03-21,2020-03-26
18636,2021-10-28,2021-10-30
19106,2020-01-14,2020-01-18
46365,2024-02-17,\N
10902,2024-05-15,\N
21029,2024-09-04,2024-09-09
58828,2021-10-10,2021-10-16
29324,2024-04-11,2024-04-12
38322,2020-11-11,\N
80254,2022-11-29,\N
46874,2025-09-20,2025-09-27
50546,2020-11-14,\N
83180,2020-07-13,\N
2974,2022-02-16,2022-02-20
53305,2025-10-10,2025-10-10
16453,2021-11-28,\N
2533,2021-11-19,\N
37527,2020-11-02,2020-11-07
55326,2021-12-07,\N
70943,2025-05-11,\N
72100,2023-11-24,2023-12-01
93377,2025-02-11,2025-02-17
35948,2020-07-22,2020-07-27
67181,2024-01-25,\N
90915,2025-05-26,\N
89590,2023-11-28,\N
49355,2020-06-20,2020-06-24
16267,2024-07-24,\N
19559,2025-11-07,\N
13232,2022-10-03,\N
34593,2020-05-31,\N
11441,2023-05-24,\N
88626,2023-04-10,\N
83919,2024-10-23,2024-10-26
40460,2020-04-08,2020-04-10
62829,2023-02-13,2023-02-18
13186,2025-04-24,2025-04-29
31103,2025-04-14,2025-04-20
96179,2024-04-10,2024-04-13
48727,2022-12-03,2022-12-06
57751,2020-11-28,2020-11-29
24315,2024-08-05,\N
27431,2025-03-01,2025-03-06
60632,2023-12-27,\N
93393,2022-04-23,\N
75952,2023-07-16,2023-07-16
78457,2021-02-22,\N
99649,2023-04-15,2023-04-15
68510,2021-05-13,2021-05-19
40830,2021-11-30,\N
22536,2020-07-06,2020-07-07
34612,2021-06-15,2021-06-15
41120,2021-05-27,2021-05-27
94336,2025-08-15,2025-08-21
27455,2020-12-03,2020-12-03
48487,2024-11-18,\N
32351,2021-11-09,2021-11-12
9273,2020-07-18,\N
99317,2023-11-05,\N
24370,2020-03-29,\N
35960,2020-01-23,2020-01-30
59808,2025-08-07,\N
41206,2022-05-02,2022-05-05
34464,2020-12-31,2020-12-31
29382,2025-10-09,\N
74219,2024-08-02,\N
77708,2023-01-01,\N
65116,2020-03-18,\N
35448,2025-10-13,\N
7521,2023-05-23,2023-05-27
87338,2022-03-23,2022-03-25
96894,2020-06-10,\N
1517,2021-02-23,\N
63005,2022-08-01,\N
13104,2023-10-06,\N
25734,2022-01-27,\N
68391,2021-04-07,2021-04-11
73540,2021-03-06,\N
43513,2023-09-13,2023-09-15
20838,2020-03-06,2020-03-12
10247,2023-07-25,\N
5457,2021-08-01,\N
71954,2025-09-02,\N
42661,2025-03-18,\N
41216,2025-07-07,2025-07-10
59413,2022-05-06,2022-05-10
99931,2020-12-13,2020-12-16
51312,2021-09-09,\N
16282,2025-09-06,\N
10091,2020-03-15,2020-03-17
31569,2024-06-07,2024-06-12
55916,2024-11-02,\N
75771,2021-03-27,2021-03-27
18626,2020-09-30,2020-10-04
51924,2024-12-29,\N
78405,2024-08-28,2024-09-03
23239,2024-10-17,\N
52918,2022-02-25,2022-02-26
85037,2021-09-19,2021-09-19
52033,2024-03-22,\N
91743,2020-08-26,\N
75053,2023-09-27,\N
49719,2022-12-12,2022-12-12
72346,2023-04-19,\N
98456,2025-09-13,2025-09-16
46353,2022-04-04,\N
87906,2020-02-08,\N
81163,2024-03-13,\N
32654,2020-07-12,\N
33210,2023-12-13,\N
47222,2023-01-28,\N
99388,2025-01-11,2025-01-16
97523,2025-06-23,2025-06-26
19199,2020-11-15,2020-11-20
4557,2023-12-12,\N
43292,2021-02-13,2021-02-15
40225,2024-08-10,\N
89921,2022-01-30,\N
21758,2024-09-26,2024-09-29
90706,2024-12-11,\N
31928,2024-06-25,2024-07-01
97896,2022-06-04,\N
67769,2024-11-01,\N
20979,2021-12-02,2021-12-03
72228,2025-07-23,\N
72488,2024-02-15,\N
30330,2025-01-14,\N
11201,2024-11-10,2024-11-10
21501,2020-04-23,\N
54628,2024-02-16,\N
54754,2024-07-03,\N
31685,2020-09-11,\N
66806,2024-05-11,\N
60643,2020-07-11,\N
28656,2025-11-10,\N
82106,2023-07-09,\N
37583,2020-05-02,2020-05-07
46500,2025-07-19,2025-07-20
75097,2020-01-09,\N
76481,2021-03-17,\N
67306,2024-07-05,\N
352,2023-10-18,2023-10-25
58109,2025-03-29,\N
61579,2022-08-17,2022-08-18
38493,2025-06-16,2025-06-23
29627,2025-07-19,2025-07-25
71028,2022-11-23,2022-11-28
60516,2022-02-21,\N
96951,2025-06-20,2025-06-26
67738,2022-07-14,2022-07-20
87572,2021-12-05,\N
40597,2024-08-27,2024-09-03
94868,2022-03-27,\N
53513,2022-03-12,\N
55713,2021-02-28,2021-02-28
76230,2023-09-01,2023-09-05
84623,2021-06-03,\N
49799,2024-01-10,\N
40378,2024-11-23,2024-11-25
34016,2025-10-03,\N
78648,2023-02-17,2023-02-17
45488,2021-08-08,2021-08-15
24769,2021-08-28,2021-08-30
4404,2021-10-29,\N
88076,2021-01-26,2021-01-29
86127,2023-05-02,\N
36036,2024-11-01,\N
2101,2022-03-02,2022-03-07
8552,2021-03-29,2021-03-31
29732,2021-11-26,\N
33902,2022-08-19,2022-08-19
15433,2024-05-21,\N
36111,2024-04-24,2024-04-30
67336,2020-04-29,2020-05-03
19707,2020-06-23,\N
14718,2022-09-22,\N
8005,2023-03-21,2023-03-27
53807,2022-01-14,2022-01-21
24305,2020-07-30,\N
46930,2024-06-14,2024-06-20
17866,2021-02-23,\N
25687,2021-12-31,\N
56949,2020-09-19,\N
14465,2020-07-24,2020-07-26
6524,2020-09-13,2020-09-20
3330,2020-07-20,2020-07-24
5498,2022-05-08,\N
80336,2025-01-05,\N
35567,2025-09-18,\N
37517,2020-01-18,\N
12848,2023-03-10,2023-03-15
30311,2022-06-15,2022-06-19
93908,2025-08-24,\N
82606,2020-09-26,2020-09-29
27560,2025-07-09,2025-07-11
65892,2022-11-22,2022-11-29
28226,2022-06-13,\N
46789,2021-01-20,\N
60473,2021-04-01,\N
41826,2022-01-20,\N
73425,2021-01-05,\N
63744,2024-08-19,2024-08-25
32821,2021-08-09,2021-08-15
47414,2023-10-04,2023-10-05
14667,2022-11-02,2022-11-06
11114,2023-11-28,\N
83327,2022-09-24,\N
27605,2020-02-15,2020-02-20
23860,2021-10-23,\N
89274,2020-10-13,\N
17660,2020-05-27,2020-05-28
73883,2025-04-18,2025-04-24
71606,2021-06-18,2021-06-18
48168,2024-08-03,2024-08-09
24026,2024-08-28,\N
1166,2023-09-14,\N
93338,2021-07-12,2021-07-15
91110,2024-05-20,\N
66955,2024-09-08,2024-09-10
30404,2020-08-12,2020-08-18
31020,2020-12-26,\N
69544,2023-04-04,2023-04-10
32483,2025-11-06,2025-11-12
49585,2024-01-18,2024-01-24
34698,2022-05-07,\N
41388,2021-02-17,2021-02-17
59916,2024-06-16,\N
79900,2023-11-14,\N
91552,2020-08-09,\N
97061,2023-02-12,2023-02-19
52770,2020-03-05,2020-03-08
90788,2023-07-10,\N
45569,2024-06-18,\N
79402,2022-07-02,2022-07-07
2550,2022-03-16,2022-03-21
99101,2024-05-19,2024-05-22
25717,2020-03-22,\N
21313,2020-05-10,\N
23033,2023-02-22,2023-03-01
10816,2023-06-24,\N
72499,2020-07-28,2020-07-29
55655,2022-10-15,2022-10-15
42824,2020-10-07,\N
70074,2021-02-20,2021-02-25
69388,2023-06-27,2023-07-01
75992,2024-02-24,\N
53163,2023-12-18,\N
90139,2020-11-30,2020-12-05
64147,2022-12-01,\N
80377,2025-03-28,2025-04-03
53094,2024-10-12,\N
89692,2020-05-15,2020-05-15
11355,2021-06-16,2021-06-23
6798,2021-11-16,\N
24222,2025-04-06,2025-04-06
33430,2020-04-20,2020-04-27
12731,2024-11-13,\N
65583,2022-08-30,\N
82895,2022-04-08,\N
33487,2023-03-25,2023-03-29
75380,2024-05-18,2024-05-24
52293,2022-01-25,2022-01-29
95579,2023-09-24,2023-09-30
47332,2021-01-22,\N
68976,2023-03-26,\N
96842,2022-03-16,2022-03-23
76014,2024-05-31,\N
77723,2020-08-13,\N
96433,2024-12-11,2024-12-18
53074,2020-12-22,2020-12-25
56526,2023-08-30,2023-09-06
41916,2023-06-24,\N
53734,2025-09-10,2025-09-16
75290,2023-07-30,\N
18368,2021-09-02,\N
49151,2020-03-18,2020-03-24
70092,2023-12-21,2023-12-25
69456,2023-07-23,\N
34692,2020-06-03,2020-06-06
15263,2024-09-25,\N
48164,2021-08-07,\N
92972,2025-06-24,\N
9776,2023-04-10,2023-04-12
76509,2025-07-20,2025-07-23
4086,2020-05-19,2020-05-26
76740,2023-02-17,2023-02-23
50977,2024-07-14,2024-07-14
71598,2023-02-08,\N
22365,2021-01-16,2021-01-21
32085,2021-09-15,2021-09-15
11673,2025-01-18,\N
94745,2023-11-17,2023-11-20
53769,2025-03-14,2025-03-18
99479,2022-06-13,2022-06-18
17897,2023-04-30,2023-05-06
91545,2021-09-17,\N
6692,2025-10-21,2025-10-22
76919,2021-06-01,\N
15124,2021-10-22,2021-10-23
16157,2020-06-06,2020-06-08
15097,2020-07-26,2020-07-30
42635,2023-08-22,2023-08-24
81165,2024-06-13,2024-06-13
75065,2024-01-09,\N
53308,2023-03-21,2023-03-22
15329,2021-11-07,\N
28817,2021-06-18,2021-06-24
65039,2021-12-14,\N
26019,2025-09-21,\N
28514,2020-06-09,\N
29708,2023-03-18,2023-03-21
11403,2024-06-05,\N
33906,2024-04-04,\N
80125,2021-08-26,\N
69863,2022-06-01,2022-06-06
64591,2020-06-08,\N
98827,2022-12-04,2022-12-07
92666,2025-06-06,\N
33777,2022-04-14,\N
13313,2020-07-04,\N
26447,2024-01-05,2024-01-11
82929,2024-05-24,2024-05-30
96720,2020-08-17,\N
21164,2022-12-19,2022-12-21
15252,2020-06-03,2020-06-10
84020,2024-12-12,\N
47225,2020-12-05,\N
36834,2022-09-14,2022-09-16
43301,2024-05-03,\N
11769,2025-10-20,2025-10-21
52236,2022-01-14,2022-01-14
98905,2023-03-31,2023-03-31
13123,2021-10-09,\N
17618,2020-11-04,\N
67522,2024-03-09,2024-03-15
64690,2020-05-09,\N
39001,2023-03-25,\N
70754,2024-03-17,\N
46043,2023-09-22,2023-09-29
83801,2023-04-17,\N
31421,2021-11-27,\N
47140,2025-09-22,\N
36911,2025-03-23,\N
58164,2022-07-23,\N
34708,2025-09-26,2025-09-28
43850,2020-07-13,2020-07-15
69471,2025-11-19,2025-11-23
89057,2024-02-16,2024-02-20
74748,2022-07-01,\N
74683,2023-04-27,\N
2547,2020-11-16,2020-11-23
16829,2022-08-21,\N
87217,2025-09-23,2025-09-26
15763,2021-11-11,\N
90520,2024-07-03,\N
9700,2020-05-31,2020-06-02
73226,2020-07-06,2020-07-07
44528,2020-11-23,\N
4280,2024-10-25,2024-10-28
4663,2025-08-05,2025-08-12
53036,2021-02-20,2021-02-27
32397,2022-11-25,\N
22688,2020-02-17,2020-02-19
84783,2020-04-04,2020-04-07
45776,2021-12-29,2021-12-31
12883,2021-08-08,2021-08-14
23645,2020-09-07,\N
77110,2024-06-26,2024-07-01
79834,2024-12-29,\N
19694,2025-06-23,2025-06-26
70728,2021-01-22,2021-01-28
15699,2024-05-27,2024-06-01
9941,2022-08-13,\N
62575,2022-12-07,2022-12-08
4363,2023-03-24,2023-03-27
16716,2024-06-17,2024-06-23
52627,2023-06-18,2023-06-21
26185,2021-12-26,2021-12-28
82500,2020-04-20,\N
64024,2024-09-30,2024-10-05
44028,2022-09-03,\N
24260,2024-01-18,\N
64322,2024-05-03,2024-05-09
56543,2020-03-22,\N
20714,2022-03-17,\N
67377,2024-02-24,\N
67127,2021-01-18,2021-01-25
72297,2021-09-14,\N
10296,2024-12-21,\N
82958,2020-06-06,\N
23928,2024-03-18,2024-03-24
70877,2021-06-28,\N
1991,2022-12-22,2022-12-28
9815,2023-03-13,2023-03-13
85784,2025-05-08,\N
86125,2025-04-29,\N
46730,2021-02-08,2021-02-15
72745,2022-01-08,\N
72426,2020-09-12,\N
82707,2020-09-23,\N
27281,2022-11-29,2022-11-29
75466,2024-06-16,\N
90798,2020-03-18,\N
65446,2021-06-14,2021-06-14
37002,2020-01-19,\N
76493,2021-04-16,\N
75805,2020-03-12,2020-03-14
51957,2020-12-22,\N
85237,2024-04-17,\N
95971,2021-12-06,2021-12-07
96270,2023-06-01,\N
3333,2024-11-02,\N
4920,2022-12-04,2022-12-08
62800,2022-08-06,\N
92492,2021-07-31,2021-08-03
86635,2021-09-27,2021-09-29
70821,2022-12-09,2022-12-09
31535,2023-01-27,\N
38266,2021-06-25,\N
92483,2025-11-17,2025-11-18
41070,2020-12-04,\N
64722,2020-02-26,2020-02-26
37711,2020-12-28,\N
67578,2025-08-15,2025-08-17
12744,2025-11-15,2025-11-22
54318,2022-08-03,2022-08-09
68061,2024-07-31,\N
24248,2022-05-01,\N
64534,2025-10-19,\N
38847,2021-10-22,2021-10-29
74351,2024-03-11,2024-03-15
6878,2022-07-02,2022-07-08
88163,2023-10-26,\N
16887,2021-10-21,\N
97468,2023-12-14,2023-12-18
18232,2025-04-05,\N
52521,2022-05-07,\N
71338,2022-09-27,2022-10-02
83320,2021-09-26,2021-09-27
307,2023-05-10,2023-05-10
35648,2021-02-15,\N
75565,2023-06-05,\N
85922,2021-01-29,\N
74726,2023-04-04,2023-04-10
32819,2022-01-20,2022-01-20
1976,2025-01-03,\N
60557,2025-10-11,\N
72478,2025-05-13,\N
94454,2021-12-20,2021-12-25
69726,2023-04-10,\N
92625,2022-08-23,2022-08-24
88395,2024-12-29,2025-01-05
67330,2023-08-27,2023-09-01
62032,2020-01-18,\N
34385,2021-07-09,\N
32572,2023-03-08,\N
53688,2021-02-26,2021-02-26
18315,2020-06-22,\N
84271,2022-08-05,2022-08-09
5369,2024-06-22,\N
29031,2021-02-07,2021-02-13
20304,2020-10-04,2020-10-09
50881,2020-05-22,2020-05-26
66589,2025-03-31,2025-04-03
1253,2020-12-27,2020-12-27
69659,2023-02-05,2023-02-11
11370,2021-01-21,\N
8341,2020-05-22,2020-05-26
88925,2021-09-18,\N
8152,2025-04-23,2025-04-27
67546,2020-12-21,2020-12-22
86096,2022-02-10,2022-02-10
19569,2024-07-18,\N
46391,2024-10-23,\N
69951,2021-04-11,\N
65606,2023-10-08,2023-10-08
43123,2021-08-06,2021-08-09
45243,2023-04-28,\N
2707,2022-11-28,2022-12-05
8681,2020-08-11,2020-08-11
53840,2025-09-25,2025-09-28
89856,2024-03-03,\N
79799,2024-02-09,\N
67554,2024-11-07,\N
62165,2022-06-23,\N
26257,2022-03-13,2022-03-14
2422,2025-03-18,\N
62251,2022-10-29,2022-11-03
13398,2021-05-26,2021-05-28
75278,2022-04-02,\N
1126,2020-03-07,2020-03-07
44591,2025-11-05,\N
73073,2025-07-31,2025-08-06
79964,2024-09-04,\N
38642,2023-11-28,2023-11-28
54489,2022-07-23,2022-07-30
76313,2021-01-11,\N
98026,2021-10-22,2021-10-28
96563,2022-11-23,\N
14834,2020-12-29,2021-01-01
55845,2025-10-12,\N
18276,2024-08-28,\N
57970,2020-11-20,\N
27244,2021-07-14,2021-07-21
71142,2024-02-07,2024-02-07
60598,2025-08-01,2025-08-08
58000,2023-03-06,\N
20910,2025-09-23,2025-09-29
26593,2025-06-01,\N
30957,2025-11-03,\N
97700,2023-09-22,\N
97136,2023-07-30,\N
5761,2021-02-21,\N
36388,2020-02-14,\N
86417,2022-07-17,\N
6127,2021-03-02,2021-03-04
95260,2020-11-18,\N
2193,2024-10-05,2024-10-08
8544,2021-03-13,2021-03-13
58800,2020-01-08,2020-01-14
29241,2025-11-16,\N
14775,2023-11-07,2023-11-09
50494,2024-04-25,\N
49461,2025-10-27,2025-10-28
58444,2022-12-05,\N
41686,2023-04-05,\N
17422,2022-12-17,2022-12-17
57626,2024-07-19,\N
20280,2022-04-14,2022-04-20
82128,2023-06-12,\N
88994,2023-11-07,2023-11-11
87097,2022-09-13,\N
35255,2023-12-31,\N
79518,2020-03-16,2020-03-22
1056,2020-11-17,\N
4159,2020-03-31,2020-04-01
60972,2022-07-29,2022-08-03
40112,2020-01-14,\N
41973,2024-04-26,2024-04-27
13078,2024-10-13,2024-10-17
74447,2023-04-09,\N
39424,2021-03-31,\N
34026,2020-03-23,2020-03-25
99204,2020-09-26,\N
50838,2023-05-04,\N
87842,2021-05-20,2021-05-20
89883,2020-08-19,2020-08-21
83013,2022-03-07,\N
80457,2025-06-14,\N
27094,2023-02-01,2023-02-08
72151,2024-03-30,2024-04-06
14582,2021-07-14,\N
74435,2021-08-15,\N
59945,2023-04-09,\N
32133,2022-06-01,\N
29780,2022-10-06,2022-10-06
92007,2024-10-21,\N
49840,2025-05-07,2025-05-11
76809,2024-07-13,2024-07-13
74848,2024-12-22,\N
256,2021-09-26,\N
27023,2025-07-27,2025-07-27
31658,2022-02-20,\N
32799,2022-07-21,\N
77705,2023-09-27,2023-09-29
48501,2021-04-08,\N
88837,2025-02-28,\N
76261,2025-05-28,2025-06-03
97531,2023-12-26,2023-12-31
45453,2024-12-16,2024-12-23
42645,2025-03-23,\N
1706,2020-04-26,2020-04-26
28780,2021-05-30,\N
62114,2022-07-25,\N
25244,2021-08-09,\N
30559,2020-04-30,2020-05-05
75788,2024-07-16,2024-07-17
40143,2023-08-10,2023-08-13
5615,2020-08-18,2020-08-23
61446,2022-01-26,\N
71446,2025-07-19,\N
83431,2020-11-05,\N
33933,2025-01-18,2025-01-22
84697,2021-06-25,\N
1417,2021-09-20,\N
54910,2020-04-04,\N
33412,2020-10-07,2020-10-10
50945,2024-11-16,\N
33190,2023-12-27,\N
38064,2023-06-16,\N
2429,2022-11-03,\N
32982,2021-12-12,\N
56789,2024-08-15,\N
19747,2021-11-21,2021-11-27
70792,2020-05-24,\N
215,2024-05-30,\N
74144,2021-09-15,\N
26127,2020-04-22,2020-04-28
84686,2022-01-18,\N
10062,2023-11-21,2023-11-22
9620,2021-10-27,\N
80946,2020-09-18,2020-09-25
30231,2021-09-14,2021-09-16
82045,2025-04-30,\N
45672,2021-06-27,\N
68756,2025-04-11,2025-04-18
34849,2020-08-21,2020-08-26
29271,2020-01-18,2020-01-23
82998,2021-06-07,\N
52716,2024-09-11,2024-09-15
98289,2022-10-14,2022-10-21
57249,2024-09-24,\N
58596,2024-02-01,\N
12305,2024-05-05,2024-05-11
13724,2023-04-13,\N
29554,2023-05-02,2023-05-05
46114,2021-05-08,\N
81010,2023-10-03,\N
74633,2022-06-07,\N
19620,2021-09-09,2021-09-15
47729,2025-01-14,2025-01-21
42111,2022-03-19,2022-03-25
68001,2022-01-12,2022-01-19
64510,2022-01-24,\N
57904,2022-02-19,\N
77375,2023-08-21,2023-08-23
77150,2025-01-09,\N
34944,2022-08-28,\N
86677,2023-07-05,\N
69850,2020-04-09,\N
5696,2021-11-11,2021-11-15
80000,2025-10-18,2025-10-21
3529,2021-07-03,2021-07-05
19282,2025-05-18,2025-05-18
58460,2023-08-30,\N
15663,2022-08-26,2022-08-26
44669,2023-03-13,2023-03-17
75949,2024-12-14,2024-12-15
60930,2022-03-06,2022-03-10
31324,2021-05-09,2021-05-14
22331,2023-06-20,2023-06-20
25134,2023-07-11,\N
75434,2023-06-08,\N
13489,2020-01-25,\N
90814,2020-01-21,2020-01-22
75266,2023-01-20,\N
66315,2024-05-01,\N
14218,2022-08-11,\N
26666,2025-11-02,2025-11-08
25744,2024-08-05,\N
71508,2024-01-28,2024-02-01
69834,2020-09-07,\N
92572,2023-11-14,\N
8249,2023-10-06,2023-10-12
95247,2021-12-23,2021-12-25
84382,2022-08-28,2022-08-28
45821,2021-08-07,\N
83218,2022-04-15,\N
2028,2022-08-25,\N
53998,2023-06-05,2023-06-06
86102,2025-02-26,2025-03-04
2363,2023-12-04,\N
57576,2020-07-05,2020-07-12
95513,2020-05-09,\N
54248,2023-04-17,2023-04-23
58003,2025-06-27,\N
73659,2023-04-08,2023-04-10
57596,2020-02-18,2020-02-23
98770,2025-05-02,\N
14784,2025-09-02,\N
3026,2025-01-16,\N
43150,2021-10-12,2021-10-15
90918,2022-06-07,\N
62705,2023-07-24,2023-07-25
15516,2022-02-27,2022-03-03
68335,2020-07-07,2020-07-08
7012,2021-01-29,\N
72783,2024-04-26,2024-04-30
52367,2022-02-11,\N
60164,2020-07-18,2020-07-24
48284,2025-03-01,2025-03-04
65855,2025-08-17,2025-08-19
8398,2024-08-15,2024-08-22
29731,2025-05-14,2025-05-21
16654,2022-01-10,2022-01-17
70395,2024-09-29,2024-10-02
31527,2025-02-23,\N
21279,2021-07-03,2021-07-04
65751,2020-01-19,2020-01-24
18975,2023-05-28,\N
35032,2023-11-12,\N
41907,2021-05-04,\N
14661,2021-01-14,\N
53407,2023-11-24,\N
52082,2024-03-28,2024-04-04
75882,2022-06-22,2022-06-26
36219,2020-04-21,2020-04-27
30737,2021-07-01,\N
1620,2022-06-17,\N
50942,2021-12-10,2021-12-10
25809,2021-07-31,2021-08-01
80571,2024-05-24,\N
74311,2022-06-20,2022-06-27
76754,2020-10-18,2020-10-25
27162,2020-04-02,2020-04-06
33459,2023-05-09,\N
19602,2025-02-18,2025-02-21
29476,2024-05-09,2024-05-13
16914,2023-11-24,\N
24886,2024-02-25,2024-02-25
16588,2020-01-08,\N
35790,2022-12-24,2022-12-30
87670,2024-01-17,\N
82632,2020-04-26,2020-05-02
54531,2021-04-27,2021-04-28
11034,2025-08-18,2025-08-21
7412,2022-12-10,\N
78410,2022-03-22,\N
2889,2023-04-30,\N
91670,2022-12-23,\N
56669,2021-06-09,2021-06-10
84274,2021-05-11,\N
38403,2020-05-22,2020-05-25
94625,2024-06-16,2024-06-19
11173,2022-11-13,2022-11-18
20126,2024-10-11,\N
67808,2020-04-25,2020-05-02
68815,2024-05-12,\N
72205,2024-02-22,2024-02-28
3942,2023-01-03,2023-01-10
81020,2021-11-08,2021-11-13
39849,2023-01-22,\N
76356,2021-08-26,\N
55037,2021-10-09,\N
63356,2020-11-21,2020-11-24
78477,2021-04-24,2021-04-30
12706,2023-12-09,\N
4178,2024-08-16,\N
97155,2025-01-16,\N
71220,2023-01-10,\N
23254,2024-08-25,\N
14901,2020-12-11,2020-12-14
26438,2022-01-12,2022-01-13
11260,2024-12-24,2024-12-26
93733,2022-11-13,2022-11-16
33663,2024-01-11,2024-01-16
78677,2024-10-09,2024-10-15
62593,2021-01-13,2021-01-13
47439,2023-05-14,2023-05-19
32171,2025-10-17,2025-10-17
36096,2025-04-08,\N
53295,2023-06-18,\N
89344,2023-10-16,2023-10-16
94228,2025-07-22,\N
53331,2020-04-17,\N
76103,2021-06-21,2021-06-23
12755,2025-01-31,2025-02-05
7623,2023-11-04,2023-11-08
64397,2025-01-27,2025-01-29
20850,2022-09-12,\N
44036,2022-08-06,\N
31460,2024-12-04,2024-12-05
64833,2022-01-02,\N
15762,2025-07-15,\N
64806,2024-06-28,\N
50488,2020-04-30,2020-05-06
82693,2020-06-30,\N
1975,2025-08-15,\N
44261,2022-08-19,\N
53866,2025-11-10,2025-11-15
10254,2023-03-13,2023-03-15
54123,2025-05-25,2025-05-25
94741,2022-06-20,2022-06-20
5458,2022-01-26,\N
35573,2025-04-03,\N
63646,2022-03-18,2022-03-25
19130,2021-03-16,\N
81639,2025-10-31,2025-11-06
45916,2022-11-03,\N
8587,2024-11-12,\N
54630,2023-04-22,\N
39637,2020-10-02,2020-10-06
17142,2020-12-29,\N
34640,2020-05-07,2020-05-14
87865,2024-02-25,2024-02-26
62350,2021-05-27,\N
15072,2025-05-06,\N
60121,2022-06-22,\N
44305,2025-07-20,2025-07-25
55309,2022-05-07,\N
69030,2020-03-02,2020-03-04
54227,2025-05-27,2025-05-31
30307,2025-10-11,2025-10-16
56362,2020-11-11,\N
99899,2025-05-15,2025-05-22
82351,2022-02-11,2022-02-15
28445,2024-11-08,\N
87435,2022-07-21,2022-07-26
83068,2022-01-06,2022-01-12
21104,2024-10-10,2024-10-13
22899,2023-09-09,2023-09-16
752,2024-04-26,\N
66836,2022-09-16,2022-09-16
75072,2023-01-30,2023-01-31
67495,2023-08-02,2023-08-08
40974,2021-09-20,\N
82333,2024-12-05,2024-12-06
7037,2023-07-19,\N
1381,2024-01-19,\N
99951,2025-02-22,2025-02-25
11249,2025-02-22,\N
79788,2021-09-30,\N
21944,2025-01-02,2025-01-06
5048,2025-10-16,\N
71727,2023-03-14,\N
1372,2020-07-06,\N
77942,2025-03-09,\N
21128,2022-08-30,\N
11880,2024-02-19,\N
64245,2020-06-24,2020-06-29
47020,2022-12-09,2022-12-10
77453,2023-04-17,2023-04-17
97383,2020-03-16,\N
96749,2025-11-01,2025-11-05
94526,2024-05-29,\N
55298,2025-11-20,2025-11-22
22673,2020-03-05,2020-03-09
63429,2021-02-05,2021-02-06
87389,2024-09-28,\N
28441,2024-04-07,2024-04-08
75308,2021-10-01,2021-10-02
76013,2023-12-24,2023-12-26
41733,2024-02-25,\N
92948,2020-07-10,2020-07-13
29974,2020-01-11,2020-01-14
36972,2025-05-20,2025-05-20
45935,2021-11-17,\N
320,2023-04-27,2023-05-04
78287,2025-10-27,\N
67006,2024-05-20,\N
64460,2025-07-26,2025-07-30
11058,2021-04-30,\N
72732,2022-12-15,\N
49423,2020-02-16,\N
6743,2020-03-25,\N
45097,2023-07-07,\N
2157,2021-01-06,\N
81847,2020-01-24,\N
15485,2025-04-12,\N
13688,2023-08-11,2023-08-18
86763,2023-08-23,\N
56175,2022-03-11,\N
12574,2024-09-30,2024-10-01
81256,2024-09-25,2024-09-25
19533,2023-03-22,\N
31312,2022-02-12,2022-02-15
73578,2025-03-29,2025-04-01
13090,2024-10-25,\N
52654,2020-08-10,\N
11790,2025-11-05,\N
69484,2025-11-05,2025-11-10
51283,2023-12-08,\N
10926,2024-02-14,\N
21928,2024-10-30,2024-11-03
6942,2023-03-20,2023-03-21
93391,2023-02-27,\N
58240,2023-06-28,2023-06-30
67528,2022-04-23,2022-04-27
89587,2022-11-15,\N
16924,2021-12-21,2021-12-23
63768,2024-10-24,2024-10-31
83510,2021-10-28,2021-11-04
20384,2021-07-02,\N
51051,2020-12-28,2020-12-31
52267,2020-03-28,\N
50623,2024-05-25,\N
32421,2021-03-08,2021-03-10
20878,2024-11-23,2024-11-23
37420,2023-07-16,\N
91396,2025-05-21,2025-05-23
61811,2023-03-21,\N
91260,2025-10-29,2025-11-01
94111,2020-09-09,\N
42978,2022-06-03,\N
93665,2022-06-23,\N
2541,2022-03-12,\N
92105,2021-11-05,\N
95323,2023-06-27,2023-07-03
57255,2023-11-04,2023-11-11
67255,2021-12-05,2021-12-11
92779,2025-08-14,2025-08-17
72762,2025-01-19,\N
57032,2022-03-11,\N
92732,2022-03-22,\N
36420,2022-04-13,2022-04-13
62860,2020-10-25,\N
64045,2021-11-21,\N
6674,2024-09-29,\N
84512,2023-12-23,\N
3020,2020-08-15,2020-08-21
15401,2023-06-13,2023-06-15
55946,2020-10-05,2020-10-07
4638,2025-05-02,2025-05-02
46366,2020-12-02,2020-12-09
605,2021-07-31,\N
90485,2020-02-21,\N
92217,2020-08-09,2020-08-16
64585,2023-08-26,\N
17705,2023-11-13,\N
70230,2021-03-03,\N
4518,2025-11-18,\N
81452,2022-09-22,2022-09-26
47349,2021-04-22,2021-04-26
50440,2023-02-08,\N
51655,2024-06-01,\N
29144,2023-04-07,\N
42790,2024-05-21,2024-05-23
75815,2021-11-01,2021-11-08
39923,2023-04-20,2023-04-20
82966,2022-10-23,2022-10-24
19983,2021-10-13,\N
47291,2024-04-28,\N
84185,2021-12-29,2022-01-04
98826,2021-12-11,\N
93820,2023-05-03,\N
96311,2023-02-03,\N
22570,2023-09-26,\N
37178,2020-06-04,\N
36752,2022-03-23,\N
28775,2023-03-18,\N
83789,2024-01-22,\N
27545,2023-03-21,\N
42685,2023-06-06,2023-06-10
88833,2022-09-25,2022-09-25
17924,2022-01-30,2022-02-03
45021,2020-07-11,\N
10735,2021-08-31,2021-09-03
61921,2022-09-26,2022-10-03
98067,2023-05-26,2023-06-01
53323,2021-02-23,\N
45685,2020-12-24,2020-12-25
13742,2024-11-29,2024-12-01
44643,2021-11-17,2021-11-19
18686,2020-03-11,2020-03-16
50749,2023-04-30,2023-04-30
9394,2021-08-26,2021-08-27
33441,2024-03-10,\N
13929,2025-01-07,\N
33258,2025-09-10,\N
81011,2025-03-02,\N
58825,2025-06-05,2025-06-10
66115,2022-12-04,\N
34590,2024-04-10,2024-04-13
59706,2023-09-22,\N
13651,2025-02-24,2025-02-25
62685,2025-10-06,2025-10-12
54083,2023-09-29,2023-10-05
13062,2024-02-18,2024-02-21
7165,2025-01-27,\N
87738,2023-04-24,\N
7945,2020-05-20,2020-05-24
57078,2025-09-12,2025-09-12
93449,2023-10-13,\N
33690,2023-06-15,2023-06-20
77718,2025-06-09,2025-06-12
75813,2020-06-20,\N
39857,2020-12-09,2020-12-09
75950,2022-03-10,\N
62678,2024-10-02,\N
68792,2023-04-27,2023-05-04
73038,2025-09-27,\N
52106,2023-06-21,2023-06-28
50794,2023-08-06,2023-08-10
798,2020-10-14,\N
55517,2022-07-28,2022-08-01
38183,2023-09-27,\N
14127,2025-01-19,\N
47341,2023-03-08,\N
85513,2024-04-02,2024-04-04
42520,2023-02-03,\N
33961,2024-11-11,\N
53034,2022-10-27,\N
95005,2020-12-26,\N
71400,2022-11-29,\N
76193,2020-07-22,2020-07-26
29891,2021-01-04,\N
49583,2020-11-21,2020-11-22
9538,2025-10-29,\N
4467,2022-07-22,\N
69327,2022-09-29,2022-09-29
84957,2025-01-29,\N
25996,2025-10-22,\N
52581,2021-10-16,2021-10-16
31790,2021-11-17,\N
89455,2025-04-14,\N
41342,2025-04-18,\N
28425,2020-10-03,\N
85824,2021-09-19,\N
83689,2024-05-07,\N
38899,2020-03-25,\N
79009,2022-07-04,\N
11007,2021-05-16,\N
64033,2020-06-21,2020-06-24
52771,2020-07-21,\N
37279,2024-09-07,2024-09-08
6351,2021-11-11,2021-11-18
40547,2022-12-07,2022-12-11
80999,2022-09-02,2022-09-03
65287,2023-12-07,2023-12-11
46007,2024-09-01,2024-09-04
95566,2022-12-30,2023-01-05
40448,2024-03-01,\N
98971,2022-12-22,\N
44657,2021-06-01,\N
93591,2024-10-24,\N
53520,2021-10-05,2021-10-08
24803,2022-11-20,2022-11-25
74241,2020-01-27,2020-02-03
24851,2020-06-23,2020-06-29
31880,2020-12-07,\N
99990,2020-06-12,2020-06-13
66143,2025-04-03,\N
12257,2023-03-02,2023-03-06
2519,2021-08-09,\N
94618,2021-01-13,\N
59353,2024-07-27,\N
25369,2020-08-24,2020-08-26
1545,2020-01-28,2020-02-03
61915,2024-10-04,2024-10-08
38878,2024-11-06,2024-11-11
85697,2025-10-02,2025-10-04
20470,2023-06-15,\N
77960,2023-12-18,2023-12-21
15453,2020-01-19,\N
27166,2023-02-11,\N
14481,2021-10-12,\N
36778,2020-06-02,\N
46240,2020-10-23,\N
22324,2025-08-02,2025-08-05
6163,2023-11-13,2023-11-15
73963,2024-06-08,2024-06-11
24626,2025-08-03,\N
41184,2021-04-22,\N
10341,2021-06-20,\N
40155,2024-10-06,\N
22004,2020-09-14,\N
26540,2021-10-04,2021-10-11
86890,2023-01-03,2023-01-08
25528,2022-09-11,2022-09-16
41976,2020-05-06,\N
59724,2022-12-01,\N
41209,2021-04-02,2021-04-07
34930,2020-11-05,\N
20802,2022-04-16,\N
67289,2025-03-19,\N
47440,2022-12-27,2023-01-03
98163,2020-04-01,2020-04-08
40542,2023-03-02,\N
73140,2024-07-09,\N
28452,2023-08-05,2023-08-06
98946,2020-01-11,2020-01-16
80987,2024-05-31,2024-05-31
37454,2021-07-22,2021-07-29
29555,2021-08-14,2021-08-17
91591,2022-12-25,\N
70387,2020-11-29,2020-12-05
71068,2023-05-12,2023-05-14
70419,2020-05-16,2020-05-16
83825,2020-01-29,\N
86877,2024-01-29,2024-02-01
44394,2025-01-03,2025-01-06
13569,2021-04-16,\N
3045,2020-02-27,2020-03-03
75705,2021-05-29,2021-06-02
65194,2023-07-10,\N
14057,2025-09-12,2025-09-13
53586,2023-12-23,2023-12-28
45627,2025-05-27,2025-05-28
10192,2025-11-18,\N
82038,2023-07-20,\N
72067,2023-06-30,2023-07-02
44251,2021-07-25,2021-07-27
35371,2021-11-27,2021-12-01
82560,2022-08-02,\N
65230,2022-01-03,\N
18801,2025-08-10,2025-08-11
70269,2022-05-06,\N
36334,2022-12-14,2022-12-21
44885,2023-12-30,2023-12-31
23496,2021-04-10,\N
79328,2023-06-17,\N
1685,2021-08-30,2021-09-03
5311,2025-09-21,2025-09-28
2151,2020-05-22,2020-05-27
50735,2022-12-09,\N
59372,2021-11-26,2021-11-29
69250,2023-04-21,\N
61523,2025-06-02,2025-06-06
44291,2020-01-22,\N
94220,2020-03-19,\N
72584,2025-11-04,\N
1245,2025-04-23,\N
36301,2022-09-04,\N
19585,2021-08-21,\N
39556,2023-05-23,\N
44568,2021-02-10,2021-02-14
36401,2025-11-08,\N
44277,2025-01-15,\N
28577,2025-08-01,2025-08-04
73729,2021-11-01,\N
35125,2021-11-09,2021-11-10
18990,2024-05-02,\N
28685,2024-02-09,\N
44126,2023-05-23,\N
12020,2021-05-15,2021-05-17
53940,2021-03-22,2021-03-28
50379,2022-09-01,\N
70694,2022-04-01,2022-04-03
94238,2022-06-16,2022-06-22
27691,2024-10-07,\N
74178,2023-01-29,\N
84212,2023-06-15,2023-06-21
44897,2021-03-15,\N
81188,2021-11-22,2021-11-28
44955,2025-01-23,2025-01-24
16809,2024-08-29,2024-09-02
26188,2022-01-29,2022-02-01
42918,2023-10-25,\N
21770,2024-06-24,\N
46513,2024-07-18,\N
52851,2022-01-22,2022-01-23
80003,2020-09-29,\N
17808,2024-09-06,\N
71353,2020-09-19,\N
4358,2022-08-31,2022-09-04
31149,2023-10-17,\N
53206,2024-07-26,2024-07-27
35339,2020-06-23,2020-06-29
211,2020-05-15,2020-05-21
61498,2024-11-24,\N
26568,2024-03-22,\N
47034,2023-06-25,2023-06-26
36576,2024-03-03,2024-03-07
80493,2022-08-19,\N
18708,2020-02-07,2020-02-07
97803,2023-10-02,2023-10-04
8043,2020-06-11,\N
61762,2025-09-11,\N
98893,2021-06-06,\N
74561,2023-03-25,\N
63312,2025-05-08,\N
63885,2021-08-10,\N
96365,2024-05-04,\N
31900,2025-05-31,\N
16236,2025-03-01,\N
59199,2024-12-17,2024-12-23
41754,2025-04-08,2025-04-14
54423,2020-10-25,2020-10-26
57413,2021-02-20,\N
92516,2023-10-16,\N
84110,2020-08-06,\N
35716,2022-03-28,\N
1384,2022-12-30,2023-01-05
735,2024-07-26,\N
26183,2025-07-24,\N
331,2021-02-19,\N
57769,2023-08-04,2023-08-05
95049,2025-03-15,2025-03-17
16114,2021-06-02,\N
72534,2022-05-12,2022-05-18
7767,2021-12-07,\N
64386,2023-04-23,\N
46710,2020-11-27,\N
14555,2022-12-30,\N
2469,2020-09-03,2020-09-08
5548,2020-10-05,\N
87316,2025-09-15,\N
6477,2023-03-11,\N
61584,2024-11-10,\N
49544,2022-01-09,2022-01-11
37552,2024-01-21,\N
44980,2023-09-20,2023-09-27
88315,2022-02-21,2022-02-28
860,2022-11-18,2022-11-22
93097,2023-06-07,2023-06-11
54480,2024-07-13,2024-07-20
86235,2020-03-23,\N
70460,2020-08-13,\N
42159,2024-02-15,\N
68260,2020-02-03,2020-02-03
9296,2020-03-21,\N
28201,2021-11-07,\N
96798,2025-08-10,\N
51293,2024-08-08,2024-08-14
57543,2022-03-15,\N
34991,2021-12-23,2021-12-27
30980,2021-03-12,2021-03-19
51849,2025-08-09,2025-08-11
49838,2024-10-13,\N
1346,2022-12-05,\N
69786,2024-09-02,2024-09-06
63118,2025-07-16,2025-07-18
71152,2025-10-25,2025-10-28
36125,2020-07-27,\N
88911,2023-12-29,\N
34780,2021-08-28,2021-08-30
63861,2024-05-29,2024-06-02
86865,2024-01-25,\N
78534,2023-06-20,2023-06-26
81454,2025-03-31,\N
42687,2023-01-27,\N
5891,2020-03-23,2020-03-30
90611,2025-09-02,\N
83946,2022-05-24,\N
14958,2024-06-07,\N
22547,2022-10-23,\N
21582,2025-06-23,2025-06-29
86049,2024-04-16,\N
95554,2023-02-12,2023-02-14
19437,2025-05-28,2025-06-01
7568,2025-07-15,2025-07-22
76311,2020-01-24,2020-01-24
38796,2023-08-12,2023-08-15
33628,2025-07-13,\N
80753,2020-02-29,2020-03-01
50515,2022-12-11,2022-12-18
31599,2025-09-27,2025-10-03
95255,2021-10-22,2021-10-23
43359,2024-10-13,\N
17059,2024-08-08,2024-08-11
34508,2020-06-29,\N
14598,2025-09-11,2025-09-17
46846,2024-05-18,2024-05-21
70723,2024-03-01,\N
5173,2024-11-14,\N
99530,2024-03-03,\N
74621,2024-06-16,2024-06-22
84088,2025-10-30,2025-11-05
72102,2025-06-28,\N
22917,2021-01-05,2021-01-09
63128,2023-02-13,2023-02-16
36205,2022-01-05,2022-01-10
2926,2025-06-15,\N
63841,2020-10-25,2020-10-26
70159,2022-07-03,2022-07-08
77689,2022-12-22,2022-12-23
53683,2024-11-28,\N
86772,2022-06-17,\N
83236,2023-07-16,2023-07-21
10084,2025-06-26,\N
13738,2020-07-20,\N
73890,2024-05-06,\N
97172,2023-10-15,\N
60389,2020-09-18,\N
82647,2020-03-05,\N
46091,2025-08-28,\N
79312,2021-01-31,2021-01-31
28164,2025-10-07,\N
38681,2020-08-14,2020-08-18
95414,2024-06-20,2024-06-23
26118,2024-10-05,2024-10-12
2988,2022-03-31,2022-04-02
98920,2024-12-22,2024-12-28
30871,2025-09-28,\N
62079,2021-01-18,\N
9246,2025-02-14,\N
28158,2021-12-23,\N
28820,2024-10-08,\N
35003,2025-05-08,\N
23943,2022-02-02,2022-02-03
69941,2023-03-09,\N
61136,2024-01-08,\N
25458,2023-03-21,\N
80388,2021-11-05,\N
51777,2020-09-20,2020-09-24
64089,2025-09-04,\N
29632,2025-11-18,2025-11-19
25714,2022-02-09,2022-02-11
97006,2024-01-01,2024-01-07
59011,2021-01-21,\N
71371,2023-12-17,\N
14154,2024-10-11,2024-10-11
54229,2022-04-15,\N
41562,2020-02-20,2020-02-23
51568,2021-04-17,2021-04-22
22374,2022-09-14,\N
16860,2025-05-15,\N
10225,2020-02-29,2020-03-05
673,2022-09-22,2022-09-25
95217,2024-08-20,2024-08-24
35134,2021-11-09,2021-11-16
33581,2025-03-06,\N
45405,2025-10-13,\N
48434,2021-09-14,\N
85596,2021-08-25,\N
33084,2024-10-25,\N
70646,2025-11-05,\N
82211,2024-03-18,2024-03-20
37317,2024-12-31,2025-01-01
33987,2024-12-04,2024-12-04
36216,2024-10-08,\N
48513,2023-03-16,2023-03-20
58918,2021-04-13,2021-04-17
58487,2023-02-01,\N
51909,2024-01-17,\N
16801,2024-07-26,\N
88604,2021-07-01,2021-07-07
65642,2020-12-16,\N
75037,2024-09-03,\N
11667,2020-02-02,2020-02-08
83304,2024-06-24,2024-06-29
17217,2025-09-28,\N
18815,2020-04-21,\N
58386,2020-03-14,2020-03-20
94775,2023-12-05,2023-12-06
86217,2025-04-29,\N
60573,2021-01-06,\N
92841,2021-09-08,\N
53606,2020-02-27,2020-03-03
99625,2020-07-23,\N
94816,2021-03-17,2021-03-20
53741,2024-09-15,2024-09-19
97566,2020-08-31,2020-09-01
94894,2024-02-02,\N
82216,2020-04-02,2020-04-02
54181,2022-06-23,\N
48065,2021-03-15,2021-03-17
80965,2022-06-05,\N
40088,2023-08-14,2023-08-20
93107,2021-07-26,\N
52029,2024-01-21,2024-01-28
94395,2024-02-25,\N
80761,2023-09-02,2023-09-03
92398,2025-01-06,\N
99249,2020-07-06,2020-07-12
94547,2024-11-12,\N
49453,2021-03-19,\N
51322,2024-08-28,2024-08-28
70842,2025-09-15,2025-09-21
78254,2023-08-16,2023-08-23
17593,2022-09-24,\N
40495,2024-07-15,2024-07-22
39446,2021-07-17,2021-07-19
84411,2024-06-28,\N
14874,2021-06-30,\N
61267,2025-10-08,\N
46455,2023-12-25,\N
28648,2023-10-06,2023-10-09
64870,2020-08-28,\N
14067,2023-01-24,2023-01-30
4283,2021-12-21,2021-12-28
52922,2021-03-29,2021-03-29
95339,2022-10-11,2022-10-11
98590,2021-03-18,2021-03-21
67797,2020-09-21,2020-09-27
4644,2021-07-25,\N
27178,2020-07-31,2020-08-02
71117,2024-12-30,\N
61072,2021-07-08,2021-07-10
45974,2022-03-29,\N
10116,2020-08-22,\N
96325,2021-08-04,\N
17492,2021-04-23,\N
30090,2025-03-13,\N
70095,2024-12-21,\N
39597,2025-06-11,\N
83300,2021-08-15,\N
2718,2025-10-23,\N
4315,2022-08-03,\N
12265,2021-03-12,\N
47070,2023-01-25,\N
27658,2021-08-18,\N
6236,2020-10-03,2020-10-06
5895,2020-12-21,\N
66818,2025-10-08,\N
95322,2021-05-27,2021-06-02
4485,2022-08-30,\N
1741,2024-01-27,\N
64399,2025-07-26,\N
71896,2023-07-24,2023-07-25
44549,2020-10-24,2020-10-25
30937,2021-11-09,2021-11-16
61336,2024-09-27,2024-09-30
3250,2024-05-25,\N
36505,2021-11-10,2021-11-15
75853,2024-08-05,2024-08-06
5032,2023-01-16,\N
41465,2020-10-29,2020-10-29
95433,2020-02-05,2020-02-06
62915,2023-11-20,\N
42647,2022-02-09,\N
70530,2021-02-17,2021-02-18
70054,2023-04-03,2023-04-05
49535,2024-07-06,2024-07-09
30776,2025-04-01,2025-04-02
1788,2021-08-27,\N
77258,2020-12-06,2020-12-10
74215,2021-09-20,\N
91438,2021-11-04,2021-11-04
98304,2023-10-23,2023-10-23
33529,2020-10-15,2020-10-20
86962,2020-06-21,2020-06-22
62623,2022-06-15,\N
10390,2023-03-05,2023-03-09
88808,2024-05-29,2024-06-05
21780,2020-06-25,2020-06-26
86634,2025-08-14,2025-08-21
59580,2024-06-05,2024-06-11
35847,2021-06-15,2021-06-16
68497,2022-05-17,2022-05-24
46038,2020-08-29,2020-09-03
13316,2024-06-29,\N
96250,2020-08-31,2020-09-01
88381,2025-09-26,\N
46207,2021-07-15,\N
58694,2023-07-08,\N
45790,2024-04-17,\N
85941,2025-05-21,2025-05-25
90052,2022-06-03,2022-06-03
92644,2020-01-17,2020-01-20
5172,2023-04-13,\N
43467,2020-11-04,\N
55570,2021-02-24,2021-03-02
90413,2020-05-05,\N
92396,2021-02-16,\N
13164,2022-03-01,2022-03-02
82330,2021-03-13,2021-03-13
54983,2020-12-06,\N
55915,2022-08-04,2022-08-10
76852,2023-12-05,2023-12-09
95950,2025-01-02,\N
43584,2025-04-22,2025-04-22
83989,2020-04-09,\N
61769,2024-10-29,2024-11-01
15094,2024-02-14,\N
31491,2022-05-26,\N
54691,2021-08-10,2021-08-11
88428,2023-05-02,2023-05-02
55341,2021-03-25,2021-04-01
35774,2024-08-18,\N
51446,2022-06-01,2022-06-07
11591,2024-05-19,2024-05-24
45458,2022-05-09,\N
17704,2024-10-29,2024-11-05
76464,2024-09-10,2024-09-12
30625,2020-02-18,\N
52396,2021-09-13,\N
93500,2021-06-12,\N
11483,2023-12-26,2023-12-27
17236,2021-12-02,\N
90618,2021-09-21,2021-09-26
89871,2020-01-15,\N
68169,2020-02-16,2020-02-21
24491,2025-07-13,\N
399,2023-07-20,\N
85862,2024-02-26,\N
58330,2023-08-08,\N
60362,2024-02-27,2024-03-05
97820,2023-02-09,2023-02-14
32216,2024-01-05,\N
34183,2023-04-21,2023-04-22
32110,2025-06-02,2025-06-05
24105,2021-05-18,2021-05-23
89948,2021-11-16,2021-11-21
70148,2025-04-14,\N
82482,2020-02-02,2020-02-06
37222,2024-07-09,2024-07-13
87055,2024-09-21,2024-09-25
65850,2024-09-22,\N
40732,2021-11-11,\N
71689,2022-10-31,2022-10-31
51127,2022-09-25,2022-09-30
69520,2022-04-17,\N
22179,2023-03-06,\N
38763,2025-10-06,\N
24611,2023-05-25,2023-05-27
56482,2021-03-12,\N
63384,2022-04-06,\N
64492,2023-04-10,\N
17532,2022-03-13,2022-03-14
28713,2024-12-26,2024-12-30
85847,2025-04-04,2025-04-08
46600,2021-08-02,2021-08-04
68595,2023-07-23,\N
80954,2025-06-01,\N
32959,2020-05-09,2020-05-16
14297,2021-10-14,2021-10-14
78688,2021-04-26,2021-05-03
73172,2020-07-25,\N
54212,2022-07-03,\N
54777,2023-07-13,2023-07-16
40585,2021-11-08,2021-11-08
34710,2020-10-09,\N
821,2020-05-28,\N
48147,2022-09-18,\N
32271,2023-06-06,\N
82133,2025-09-26,\N
32332,2023-05-05,\N
52510,2021-04-24,\N
93794,2021-02-28,2021-03-05
42733,2022-09-18,2022-09-24
99182,2021-06-03,2021-06-08
25414,2025-02-24,\N
62371,2025-04-16,2025-04-20
63591,2025-01-02,2025-01-04
28437,2020-10-10,2020-10-12
21942,2024-11-22,\N
43003,2021-11-27,\N
79583,2025-11-17,\N
67955,2022-07-30,\N
322,2023-11-13,\N
73170,2024-05-21,2024-05-27
51755,2025-03-18,\N
66666,2020-09-24,\N
1640,2020-06-01,\N
20277,2020-05-22,\N
22303,2025-06-09,2025-06-15
82263,2023-11-03,2023-11-03
71245,2020-09-12,\N
38768,2023-01-25,2023-01-27
89441,2022-07-30,\N
77630,2023-02-04,\N
37970,2025-04-16,\N
64762,2021-12-04,\N
56445,2024-03-31,\N
18831,2020-09-18,2020-09-22
7461,2023-10-11,\N
10366,2020-01-05,2020-01-08
66565,2024-02-20,\N
60806,2022-01-28,2022-01-29
20234,2022-04-12,2022-04-17
40819,2024-08-27,2024-08-27
49766,2020-02-08,\N
40578,2021-01-04,\N
47204,2020-11-24,2020-11-25
84305,2020-07-02,2020-07-08
91848,2022-03-25,2022-03-29
74982,2022-01-12,2022-01-15
79517,2020-03-02,\N
58215,2025-05-12,2025-05-12
42651,2020-02-03,2020-02-03
30975,2020-10-02,\N
50588,2020-12-01,\N
16505,2023-10-25,\N
43696,2025-10-19,\N
63868,2022-06-29,2022-07-05
72542,2023-11-02,2023-11-07
88717,2020-12-22,\N
28852,2020-03-02,2020-03-03
81928,2024-01-13,2024-01-17
68662,2025-09-16,2025-09-22
62284,2024-09-12,\N
59483,2025-02-13,2025-02-16
94113,2020-04-07,2020-04-07
6471,2021-12-03,\N
40210,2025-03-05,\N
80317,2020-07-12,2020-07-17
54649,2023-10-13,2023-10-18
73368,2021-05-31,2021-06-04
72378,2022-08-15,2022-08-19
45238,2022-01-27,2022-01-27
52368,2021-11-21,\N
16641,2022-08-06,2022-08-07
57395,2020-04-18,2020-04-23
3541,2023-02-25,\N
23187,2020-10-16,2020-10-23
12280,2020-07-28,\N
42599,2025-03-05,\N
75305,2022-07-02,\N
6671,2021-03-13,2021-03-13
75177,2021-07-14,\N
67250,2023-02-07,\N
91346,2022-01-14,2022-01-15
92269,2020-12-24,2020-12-27
23880,2024-10-19,\N
17430,2021-03-10,2021-03-16
83276,2024-05-26,2024-05-26
77668,2020-03-17,2020-03-20
19408,2022-11-27,2022-12-01
86162,2024-03-12,2024-03-19
38546,2020-03-18,\N
81471,2021-08-19,\N
12473,2022-02-23,2022-03-02
77134,2022-09-06,2022-09-07
52798,2024-09-13,\N
41547,2024-04-07,2024-04-10
97323,2022-06-24,\N
97214,2022-07-02,\N
75695,2020-08-09,\N
59503,2023-02-04,2023-02-04
21145,2021-11-12,\N
83101,2020-01-15,\N
41604,2022-06-08,2022-06-13
44502,2024-06-24,2024-06-24
48631,2024-07-06,2024-07-12
55124,2022-03-13,\N
81753,2023-04-25,\N
39119,2025-09-15,\N
92882,2021-10-03,2021-10-05
6314,2020-12-12,2020-12-13
90049,2020-11-28,2020-12-05
25142,2022-07-21,2022-07-22
95068,2020-08-05,\N
16798,2022-05-11,\N
71969,2024-11-02,\N
41016,2023-06-08,2023-06-10
12816,2022-10-25,2022-10-29
62483,2020-04-29,2020-05-05
19613,2023-01-30,2023-02-01
83797,2021-03-10,2021-03-13
23110,2023-08-17,2023-08-20
86991,2023-08-22,\N
63366,2024-05-30,\N
61677,2020-09-17,\N
66359,2024-01-13,2024-01-19
62783,2021-02-05,2021-02-11
75472,2020-11-20,\N
70050,2020-05-16,2020-05-17
19817,2021-02-18,2021-02-18
69113,2023-07-06,2023-07-09
63615,2024-11-21,2024-11-21
562,2023-08-06,\N
41401,2020-07-17,\N
65555,2024-01-11,2024-01-14
29203,2021-08-08,2021-08-12
63860,2023-07-22,2023-07-27
60627,2020-04-21,\N
70344,2020-02-18,2020-02-23
51060,2021-06-23,\N
99167,2023-08-22,2023-08-28
70312,2021-06-29,\N
76866,2021-06-04,2021-06-11
9421,2021-07-31,2021-07-31
58299,2020-04-02,2020-04-02
12426,2023-11-11,2023-11-11
17423,2021-12-29,2022-01-02
72796,2022-09-14,\N
89572,2022-05-01,\N
90119,2024-02-03,\N
90894,2022-11-05,\N
38979,2023-01-19,\N
61683,2025-10-13,\N
33238,2025-06-12,\N
45283,2024-03-25,\N
98612,2021-12-01,2021-12-05
6887,2023-05-05,2023-05-06
83898,2023-09-27,2023-10-03
28126,2025-08-28,\N
4271,2023-09-15,\N
35559,2021-05-08,2021-05-09
63295,2024-11-27,\N
31207,2022-11-14,2022-11-14
59140,2022-01-16,\N
46578,2022-04-01,2022-04-05
54958,2024-09-06,2024-09-13
10966,2022-07-05,\N
28260,2024-02-21,\N
84023,2023-02-24,\N
91690,2022-05-28,2022-05-31
17404,2024-02-16,2024-02-19
24610,2024-03-18,2024-03-19
28011,2023-12-29,2024-01-02
90931,2025-11-09,2025-11-11
93314,2022-09-14,2022-09-15
76786,2025-01-04,\N
56284,2023-03-30,2023-03-30
2111,2021-01-24,2021-01-24
71826,2024-12-02,2024-12-03
66453,2025-02-16,2025-02-17
10498,2020-03-30,2020-03-31
35546,2020-03-05,\N
39056,2022-07-23,\N
30291,2020-12-23,\N
4409,2021-06-30,2021-07-05
63121,2021-05-12,\N
92378,2025-08-01,\N
20628,2024-07-30,\N
50069,2024-05-20,2024-05-27
27270,2021-04-01,2021-04-08
34049,2020-09-04,\N
74245,2023-04-12,2023-04-13
54513,2020-10-20,\N
34336,2021-04-07,\N
38087,2024-02-22,2024-02-25
22682,2021-06-23,2021-06-26
55300,2025-11-11,\N
39285,2020-02-19,\N
7713,2020-12-17,\N
14262,2022-11-09,2022-11-15
27221,2021-08-05,2021-08-05
31959,2021-01-18,\N
13813,2023-11-22,\N
48874,2024-01-19,\N
9597,2020-04-06,\N
87143,2022-12-24,2022-12-24
46381,2023-02-17,\N
64096,2022-10-24,\N
24696,2024-08-04,\N
88143,2023-02-11,\N
11311,2022-02-23,2022-03-02
14912,2023-09-12,2023-09-16
68246,2022-12-12,\N
7783,2023-04-01,\N
33707,2024-12-15,\N
70556,2021-05-14,\N
34635,2020-04-20,\N
85301,2024-09-15,\N
34654,2022-12-16,2022-12-23
2564,2022-09-04,\N
49004,2024-09-22,2024-09-22
59104,2023-05-04,2023-05-06
4097,2020-08-18,2020-08-18
97140,2020-04-11,2020-04-13
23604,2025-04-13,\N
73998,2023-02-06,2023-02-12
23325,2023-06-29,\N
25875,2025-01-20,2025-01-20
89976,2023-03-31,2023-04-02
33142,2020-05-19,\N
72145,2024-11-15,\N
97840,2022-12-01,\N
21085,2022-05-23,2022-05-23
50620,2022-12-01,2022-12-06
50071,2021-04-03,2021-04-10
17081,2023-02-04,\N
88633,2020-04-09,\N
18956,2025-11-01,2025-11-01
55008,2022-10-02,2022-10-05
20103,2024-04-08,\N
65905,2023-08-21,\N
74674,2025-02-26,\N
15925,2023-06-05,\N
83581,2022-03-26,2022-03-29
19497,2024-02-12,2024-02-15
99665,2023-01-01,2023-01-07
46254,2022-10-20,2022-10-27
49421,2024-04-22,2024-04-23
16605,2021-01-24,2021-01-26
87585,2021-02-10,2021-02-13
14781,2020-02-11,\N
86916,2025-01-07,2025-01-09
52946,2024-03-16,\N
30198,2021-10-14,\N
88132,2024-08-04,\N
67811,2021-11-01,2021-11-08
39731,2022-11-08,2022-11-14
37376,2021-09-30,2021-10-05
86601,2025-02-28,2025-03-01
19284,2022-12-13,2022-12-19
46148,2022-10-29,2022-11-05
13711,2024-04-05,2024-04-08
27821,2020-05-12,2020-05-12
24842,2023-06-02,2023-06-03
67121,2023-04-23,2023-04-30
74479,2021-07-28,\N
21603,2022-11-24,\N
40081,2025-10-11,\N
71566,2021-08-18,2021-08-24
96192,2023-10-22,2023-10-28
87427,2025-04-05,2025-04-08
25546,2020-10-24,\N
10010,2025-05-23,2025-05-29
1378,2022-04-26,2022-05-03
63565,2020-11-12,2020-11-15
99438,2020-09-30,2020-09-30
35226,2020-11-04,\N
12917,2022-01-18,\N
35519,2021-10-27,\N
82387,2020-11-16,\N
83406,2021-02-01,2021-02-01
72214,2023-10-28,2023-11-01
35383,2024-02-11,2024-02-14
855,2025-02-27,\N
37511,2021-01-04,2021-01-06
17276,2024-11-25,2024-11-28
717,2023-08-05,2023-08-07
21160,2021-09-24,2021-09-28
18015,2022-04-13,\N
33295,2022-05-02,2022-05-07
14785,2023-04-07,\N
58811,2023-05-13,2023-05-16
90841,2025-02-20,2025-02-27
71445,2020-11-01,\N
58972,2022-06-04,2022-06-09
27713,2022-12-12,\N
71794,2020-03-09,2020-03-15
33913,2022-02-10,2022-02-16
34536,2023-04-09,2023-04-13
991,2025-10-06,2025-10-11
59167,2024-06-16,2024-06-17
46662,2021-07-31,\N
48064,2023-10-21,2023-10-25
42770,2024-07-30,2024-08-02
58606,2025-03-11,\N
60379,2024-05-01,\N
56198,2025-05-17,2025-05-17
32465,2023-12-16,\N
32359,2022-05-02,2022-05-05
67783,2021-03-11,2021-03-12
73858,2023-09-15,2023-09-18
56149,2022-11-03,\N
49139,2023-07-11,2023-07-16
51524,2023-10-11,2023-10-16
27382,2023-06-25,2023-06-25
94085,2025-05-27,2025-06-03
82406,2020-10-22,2020-10-26
21875,2021-10-07,\N
66197,2023-03-28,\N
67221,2022-06-12,2022-06-19
38506,2020-09-04,2020-09-10
51992,2020-06-14,\N
26208,2022-08-25,2022-08-30
12497,2022-05-21,\N
77825,2022-05-31,\N
22925,2020-06-27,2020-06-30
99917,2021-09-17,\N
23178,2021-03-26,2021-04-02
62966,2023-06-22,2023-06-28
34884,2023-05-04,\N
36147,2020-01-06,\N
37380,2024-02-16,\N
21996,2022-11-26,\N
85888,2021-11-07,2021-11-11
1915,2024-12-22,2024-12-29
67131,2022-11-22,\N
32529,2022-10-05,2022-10-11
55249,2023-02-24,\N
29030,2024-10-21,2024-10-23
18622,2022-12-04,2022-12-04
41071,2022-01-17,\N
43350,2024-10-15,2024-10-21
4032,2025-02-01,\N
8312,2023-11-07,\N
12659,2025-06-16,\N
66297,2022-11-14,2022-11-18
34938,2021-02-10,2021-02-13
56875,2024-02-04,\N
58236,2021-04-06,2021-04-09
12768,2023-02-07,\N
84074,2024-09-13,\N
7271,2022-05-13,\N
69123,2020-05-27,2020-06-01
73824,2023-02-20,2023-02-27
85256,2020-05-10,2020-05-12
84525,2022-06-06,\N
42605,2022-01-17,2022-01-20
34933,2021-10-14,2021-10-18
83015,2021-05-12,\N
29117,2023-05-11,2023-05-15
54411,2024-07-26,2024-07-28
68638,2023-02-17,2023-02-23
97209,2020-11-19,2020-11-22
47595,2021-11-12,\N
1612,2022-04-09,2022-04-14
69661,2022-05-27,\N
31480,2024-02-10,2024-02-15
59753,2025-01-11,2025-01-16
17306,2022-02-12,\N
96541,2025-08-12,2025-08-15
41391,2024-02-04,\N
89371,2025-10-03,\N
7450,2022-02-06,2022-02-10
99926,2022-08-30,\N
80197,2025-06-27,2025-06-27
10251,2025-06-19,2025-06-19
93925,2025-07-23,2025-07-25
15003,2020-05-10,\N
50163,2022-01-29,\N
85979,2023-07-23,\N
92021,2020-11-27,\N
43126,2022-01-23,2022-01-27
66675,2020-05-22,2020-05-25
72066,2021-03-04,\N
44367,2022-10-28,2022-10-29
42741,2025-09-29,\N
50864,2023-08-17,2023-08-19
49778,2024-02-07,\N
94279,2021-03-08,2021-03-10
11006,2021-07-12,\N
81240,2022-09-25,2022-10-02
36525,2023-09-29,2023-10-05
13194,2021-05-25,\N
98023,2021-02-28,\N
3478,2025-03-28,\N
43075,2021-03-13,2021-03-20
37933,2022-09-18,\N
49081,2025-04-20,\N
97201,2020-03-29,\N
63584,2022-03-02,\N
45422,2022-10-17,\N
55191,2022-07-30,\N
63871,2023-12-02,\N
12012,2020-01-08,\N
2821,2021-06-08,\N
43141,2022-02-22,\N
44408,2022-01-26,2022-01-29
74022,2022-09-28,2022-09-30
96169,2024-06-04,\N
77046,2021-06-13,\N
43448,2021-12-14,\N
1171,2021-06-09,2021-06-10
95780,2020-02-29,2020-03-02
18621,2024-07-23,2024-07-28
48087,2022-01-10,\N
1329,2020-06-17,\N
54290,2023-03-03,2023-03-09
21039,2022-11-18,2022-11-19
96631,2024-06-29,\N
2343,2020-07-03,\N
44434,2024-05-02,\N
13612,2024-04-22,\N
30159,2024-09-29,\N
93938,2021-04-26,\N
51486,2023-06-16,\N
7320,2024-10-12,\N
31807,2023-09-07,\N
19873,2025-04-20,\N
15450,2020-10-07,2020-10-12
55213,2024-07-11,\N
91563,2021-11-12,2021-11-17
99164,2025-02-18,\N
3335,2022-09-10,\N
34053,2023-06-23,2023-06-27
42250,2024-07-26,2024-08-02
27736,2024-08-11,\N
77370,2020-03-06,\N
25450,2024-02-13,\N
84989,2021-08-05,2021-08-06
46132,2024-03-28,\N
36835,2025-03-15,2025-03-18
22350,2021-05-16,2021-05-22
76401,2021-01-26,\N
89876,2025-10-15,2025-10-20
49913,2025-08-23,\N
83784,2024-09-08,2024-09-13
16740,2023-11-27,\N
92692,2021-08-21,2021-08-21
59014,2021-07-15,2021-07-17
87948,2024-04-30,\N
97426,2021-02-08,2021-02-14
13886,2022-08-29,2022-09-04
10339,2022-12-11,\N
44873,2023-05-30,\N
28305,2023-10-09,2023-10-12
29846,2025-08-25,2025-08-27
3066,2025-03-11,2025-03-16
65042,2020-04-09,2020-04-11
89429,2025-08-05,2025-08-09
19155,2025-04-02,\N
11444,2025-11-11,2025-11-12
24460,2021-09-23,2021-09-25
59063,2021-06-14,\N
984,2021-07-08,2021-07-13
13026,2022-02-22,2022-02-27
73401,2024-08-19,2024-08-25
15087,2024-05-11,2024-05-15
19734,2024-09-07,2024-09-13
85368,2023-10-08,2023-10-15
34893,2022-08-25,2022-08-30
27004,2024-12-18,2024-12-24
19551,2021-05-06,\N
48649,2024-06-08,\N
58985,2023-09-26,\N
67814,2021-12-20,\N
68153,2021-09-11,\N
34720,2025-10-26,2025-10-31
23876,2022-06-05,2022-06-06
91518,2021-06-08,2021-06-11
68941,2022-01-14,2022-01-16
95870,2021-04-06,2021-04-07
36920,2024-02-09,2024-02-11
36603,2021-07-23,2021-07-23
60149,2020-02-24,\N
67723,2025-04-28,2025-05-02
84381,2024-04-19,2024-04-21
18498,2025-06-10,2025-06-13
44982,2024-11-25,\N
67428,2022-07-29,\N
30562,2021-04-27,2021-05-01
56643,2020-07-27,2020-07-28
61797,2020-03-13,2020-03-15
77261,2020-01-12,2020-01-14
28745,2021-11-16,2021-11-23
61053,2023-05-25,2023-05-30
36596,2022-12-10,2022-12-12
40404,2025-02-26,2025-02-27
25670,2023-03-30,2023-04-03
40703,2025-02-11,2025-02-11
44597,2025-05-08,2025-05-08
73710,2023-10-04,\N
68088,2021-09-26,\N
78414,2023-02-19,\N
17174,2023-01-21,\N
15370,2025-10-25,2025-10-25
83029,2021-05-30,\N
29637,2022-01-12,2022-01-19
81173,2020-01-15,\N
75513,2020-12-29,2021-01-05
31798,2025-05-24,\N
2923,2022-03-13,2022-03-14
47565,2025-03-27,\N
94462,2022-04-28,2022-05-04
42706,2020-01-27,2020-01-29
48249,2025-08-02,\N
93226,2022-07-22,2022-07-23
74503,2024-09-13,\N
40184,2024-06-23,\N
68240,2025-08-25,2025-08-25
25014,2021-07-20,\N
89158,2024-04-10,2024-04-17
26832,2024-02-29,2024-03-05
67069,2023-01-16,\N
70727,2025-04-26,\N
7218,2020-05-19,\N
70226,2024-10-14,\N
24025,2024-12-29,\N
69276,2025-07-20,2025-07-26
59993,2021-07-08,\N
98007,2021-12-18,2021-12-25
80386,2024-08-19,\N
75384,2022-03-19,2022-03-20
81626,2024-06-26,2024-07-03
5770,2020-11-21,2020-11-27
6166,2022-05-29,2022-06-01
52713,2020-07-28,2020-08-01
61064,2024-05-04,\N
34682,2023-01-04,2023-01-04
3430,2020-03-29,2020-04-04
1153,2022-10-26,2022-10-30
97755,2023-04-06,2023-04-09
59264,2020-05-01,2020-05-05
29966,2025-06-20,2025-06-25
42363,2025-06-09,2025-06-14
71636,2021-07-05,\N
25034,2024-06-07,\N
853,2020-01-12,\N
91323,2022-03-08,2022-03-10
40017,2024-10-24,2024-10-29
71014,2023-02-12,2023-02-18
23979,2022-05-25,\N
99582,2021-08-16,\N
47881,2025-10-29,\N
61188,2023-09-21,2023-09-23
25162,2022-06-13,\N
8910,2024-03-12,\N
42586,2024-10-12,\N
21031,2025-06-25,\N
93636,2024-12-30,\N
65667,2024-06-20,\N
61358,2024-02-11,2024-02-12
15855,2024-10-17,2024-10-17
87023,2024-12-20,\N
16816,2022-03-16,\N
62500,2022-09-18,\N
42602,2021-04-29,\N
35293,2023-02-07,\N
94935,2021-12-24,\N
20122,2023-02-04,\N
50677,2022-12-12,\N
13559,2020-04-14,\N
94357,2024-07-03,\N
80027,2023-03-22,\N
43988,2023-11-02,2023-11-07
81490,2021-02-14,2021-02-17
73192,2020-07-17,2020-07-22
31268,2023-08-26,2023-08-31
63814,2023-08-18,\N
67963,2021-07-31,2021-08-04
75633,2022-07-12,2022-07-12
36575,2023-11-28,2023-11-28
34901,2022-08-03,\N
90277,2025-01-23,\N
11670,2024-02-22,\N
65582,2024-05-31,2024-06-06
40220,2022-06-06,\N
96429,2023-04-23,2023-04-29
56763,2022-07-26,2022-07-29
9242,2024-04-28,\N
44608,2020-11-12,2020-11-15
84404,2024-11-07,\N
26115,2022-10-19,\N
20270,2022-11-30,\N
6293,2021-09-23,\N
48265,2020-01-24,\N
87415,2023-07-27,2023-08-01
42160,2020-04-07,2020-04-14
75556,2022-11-30,\N
40890,2023-01-17,2023-01-23
27747,2023-03-12,2023-03-14
31577,2022-10-07,2022-10-13
26279,2020-09-18,\N
4939,2025-06-04,\N
38362,2025-05-13,\N
70444,2022-10-22,2022-10-29
87913,2020-05-06,\N
69700,2020-04-24,\N
49379,2024-12-09,2024-12-12
58367,2022-01-30,\N
61194,2023-10-31,\N
54635,2020-07-13,\N
47815,2020-06-12,\N
98675,2025-05-26,2025-05-28
46156,2025-01-15,\N
21475,2021-06-29,2021-06-30
71097,2025-09-15,2025-09-17
9833,2023-03-20,2023-03-26
73195,2023-02-25,\N
12578,2025-09-25,2025-09-25
43940,2021-09-18,\N
81050,2024-04-26,\N
22059,2022-10-18,\N
38887,2025-04-27,2025-04-30
51183,2024-07-14,\N
49308,2023-08-21,\N
94973,2020-12-29,\N
88745,2022-11-02,2022-11-05
17615,2024-12-09,2024-12-09
64568,2022-05-27,\N
1412,2021-07-19,\N
14860,2022-05-21,2022-05-28
97334,2024-08-14,2024-08-16
76909,2020-09-06,2020-09-10
23262,2025-09-22,2025-09-29
5736,2022-04-30,2022-05-05
26688,2021-11-02,2021-11-04
45804,2022-05-12,\N
58127,2023-01-17,\N
42974,2023-09-30,\N
52969,2023-11-01,2023-11-02
39064,2020-09-05,\N
13750,2024-05-02,\N
62144,2021-09-03,\N
11289,2020-07-14,2020-07-15
60291,2023-10-25,\N
52362,2025-02-23,\N
29069,2021-04-03,2021-04-09
23991,2021-06-04,\N
18602,2023-05-18,2023-05-18
49961,2022-06-11,2022-06-13
23715,2023-12-21,2023-12-28
78046,2022-07-05,2022-07-06
8413,2021-05-17,\N
51390,2021-07-30,\N
33287,2022-06-06,\N
24669,2025-02-19,2025-02-24
7830,2020-06-15,\N
27517,2022-10-09,2022-10-09
72663,2020-04-24,2020-04-28
79664,2020-05-15,2020-05-16
33245,2022-12-21,\N
95052,2020-04-13,2020-04-13
66604,2023-04-14,\N
7421,2021-08-31,\N
84638,2023-01-11,\N
21322,2020-07-24,2020-07-29
70180,2020-07-25,\N
2419,2025-06-24,\N
