item_ID,Name,Category,wholesale_Cost,warehouse_Loc
4312,Object-based radical archive Pack,Beverage,3.93,Aisle 1 - Bin 9
3034,Focused leadingedge concept Box,Chips,2.73,Aisle 4 - Bin 2
3212,Optimized needs-based framewor Pack,Water,2.62,Aisle 2 - Bin 1
9874,Balanced full-range throughput Can,Water,0.55,Aisle 3 - Bin 5
5600,Multi-channeled content-based  Can,Water,2.9,Aisle 3 - Bin 2
7641,Reverse-engineered zero tolera Bottle,Energy Drinks,2.82,Aisle 5 - Bin 6
5778,Function-based tangible intran Bar,Soda,4.02,Aisle 5 - Bin 9
3961,Business-focused eco-centric f Pack,Water,2.54,Aisle 2 - Bin 6
4921,Secured object-oriented conglo Can,Snack,2.34,Aisle 5 - Bin 9
9285,Versatile 3rdgeneration hub Bar,Chips,4.01,Aisle 5 - Bin 9
775,De-engineered tertiary support Can,Snack,1.02,Aisle 2 - Bin 2
23,Visionary high-level conglomer Bar,Candy,3.65,Aisle 4 - Bin 7
1967,Compatible needs-based leverag Pack,Candy,1.45,Aisle 2 - Bin 6
1528,Enterprise-wide leadingedge em Box,Cookies,0.53,Aisle 5 - Bin 6
7992,Virtual static function Can,Snack,1.53,Aisle 4 - Bin 2
5188,Team-oriented dedicated Intern Box,Soda,4.64,Aisle 1 - Bin 1
1746,Assimilated 6thgeneration stra Bottle,Soda,0.78,Aisle 5 - Bin 3
4111,Automated static functionaliti Bottle,Cookies,1.67,Aisle 3 - Bin 4
9127,Re-contextualized bottom-line  Box,Water,0.94,Aisle 4 - Bin 2
9785,Profound 3rdgeneration paradig Pack,Energy Drinks,3.61,Aisle 5 - Bin 3
1979,Visionary multimedia implement Box,Energy Drinks,0.61,Aisle 5 - Bin 3
594,Realigned cohesive help-desk Pack,Chips,2.01,Aisle 1 - Bin 9
5761,Integrated multi-state functio Bottle,Health Food,2.04,Aisle 2 - Bin 1
577,Fully-configurable demand-driv Pack,Chips,0.64,Aisle 2 - Bin 2
5314,Robust local service-desk Bottle,Soda,1.01,Aisle 3 - Bin 2
5409,Configurable encompassing moni Can,Cookies,1.36,Aisle 4 - Bin 2
6798,Triple-buffered impactful fram Bottle,Beverage,2.03,Aisle 5 - Bin 3
3719,Pre-emptive background softwar Box,Cookies,2.17,Aisle 4 - Bin 8
621,Virtual stable approach Box,Cookies,3.9,Aisle 2 - Bin 6
374,Centralized dynamic open syste Pack,Soda,0.84,Aisle 4 - Bin 4
8855,Ameliorated reciprocal knowled Bar,Soda,3.25,Aisle 5 - Bin 6
8324,Enhanced uniform capability Can,Energy Drinks,2.15,Aisle 5 - Bin 9
7526,Cross-platform directional par Pack,Health Food,4.3,Aisle 3 - Bin 4
6392,Diverse real-time core Bar,Health Food,4.5,Aisle 5 - Bin 9
5940,Pre-emptive uniform structure Pack,Snack,2.58,Aisle 5 - Bin 9
8793,Switchable leadingedge access Can,Cookies,2.8,Aisle 5 - Bin 9
9065,Ergonomic logistical productiv Pack,Energy Drinks,1.06,Aisle 5 - Bin 3
800,Versatile user-facing service- Can,Energy Drinks,3.93,Aisle 2 - Bin 1
4494,Diverse full-range time-frame Pack,Beverage,2.62,Aisle 4 - Bin 4
9902,Reduced explicit algorithm Can,Beverage,2.07,Aisle 2 - Bin 6
8545,Distributed dedicated emulatio Bottle,Health Food,4.33,Aisle 5 - Bin 6
1451,Multi-channeled discrete model Bar,Energy Drinks,4.68,Aisle 4 - Bin 2
5177,Optional fresh-thinking knowle Can,Soda,2.34,Aisle 2 - Bin 9
6533,Visionary reciprocal conglomer Bar,Chips,4.96,Aisle 5 - Bin 3
2918,Face-to-face intangible task-f Bottle,Health Food,2.36,Aisle 5 - Bin 9
878,Visionary systemic parallelism Bar,Chips,4.25,Aisle 2 - Bin 6
9455,Grass-roots secondary infrastr Bottle,Cookies,4.11,Aisle 5 - Bin 9
1876,Optional holistic support Can,Snack,3.48,Aisle 1 - Bin 1
2396,Synergized system-worthy monit Bottle,Soda,3.2,Aisle 4 - Bin 8
5114,Multi-channeled uniform instru Box,Water,4.79,Aisle 5 - Bin 9
5366,Reactive 3rdgeneration hierarc Box,Snack,1.57,Aisle 2 - Bin 1
8840,Robust exuding process improve Bar,Energy Drinks,3.67,Aisle 4 - Bin 8
2043,Programmable well-modulated pa Bar,Health Food,3.93,Aisle 5 - Bin 9
6870,Networked contextually-based h Bottle,Candy,3.0,Aisle 5 - Bin 9
756,Innovative client-server open  Bottle,Candy,4.9,Aisle 2 - Bin 7
4370,Persevering content-based fram Pack,Candy,2.17,Aisle 3 - Bin 4
2093,Inverse grid-enabled protocol Bottle,Health Food,1.89,Aisle 1 - Bin 1
1811,User-centric intermediate secu Bar,Juice,2.82,Aisle 2 - Bin 1
2700,Enhanced optimal leverage Bar,Beverage,0.59,Aisle 1 - Bin 9
5938,Proactive tertiary standardiza Can,Snack,2.23,Aisle 2 - Bin 1
9303,Fundamental homogeneous model Box,Juice,4.53,Aisle 4 - Bin 7
5717,Integrated web-enabled capabil Can,Candy,3.42,Aisle 5 - Bin 9
3863,Decentralized regional framewo Box,Juice,3.86,Aisle 1 - Bin 9
6766,Intuitive mobile paradigm Bottle,Snack,1.06,Aisle 5 - Bin 9
1177,Synchronized motivating strate Bar,Candy,1.0,Aisle 5 - Bin 9
308,Adaptive responsive algorithm Bar,Energy Drinks,1.06,Aisle 5 - Bin 9
2049,Self-enabling full-range frame Bar,Snack,2.29,Aisle 1 - Bin 9
2729,Persevering multi-tasking thro Box,Energy Drinks,2.3,Aisle 3 - Bin 4
1908,Decentralized optimizing hub Bottle,Energy Drinks,0.78,Aisle 4 - Bin 8
9884,Devolved high-level strategy Bar,Health Food,2.59,Aisle 2 - Bin 2
5550,Diverse bi-directional capabil Can,Health Food,1.01,Aisle 1 - Bin 9
8378,Automated national service-des Can,Beverage,3.94,Aisle 1 - Bin 10
7906,Vision-oriented dynamic soluti Pack,Chips,4.95,Aisle 2 - Bin 7
6813,Secured holistic service-desk Pack,Water,3.81,Aisle 2 - Bin 1
3357,Triple-buffered multi-tasking  Box,Snack,4.99,Aisle 2 - Bin 9
984,User-centric zero administrati Bar,Cookies,2.32,Aisle 2 - Bin 7
1222,Multi-lateral bottom-line soft Can,Chips,3.97,Aisle 3 - Bin 4
8158,Virtual client-driven synergy Can,Health Food,4.32,Aisle 4 - Bin 2
5190,Operative web-enabled collabor Bar,Beverage,3.64,Aisle 5 - Bin 3
7897,Public-key tangible hardware Can,Candy,1.05,Aisle 5 - Bin 3
7829,Secured explicit monitoring Bar,Soda,3.83,Aisle 2 - Bin 2
9727,Sharable 6thgeneration knowled Bar,Juice,2.45,Aisle 5 - Bin 9
5917,Stand-alone heuristic interfac Pack,Juice,1.09,Aisle 3 - Bin 2
3392,Multi-lateral reciprocal neura Pack,Chips,1.21,Aisle 3 - Bin 2
6942,Customizable logistical levera Box,Juice,4.37,Aisle 2 - Bin 9
970,Open-architected asynchronous  Pack,Health Food,1.77,Aisle 4 - Bin 2
9047,Synergistic bifurcated Local A Can,Health Food,1.26,Aisle 2 - Bin 6
6355,Ameliorated motivating definit Box,Beverage,4.8,Aisle 1 - Bin 10
4441,Multi-layered mission-critical Bar,Water,3.66,Aisle 4 - Bin 2
7689,Visionary clear-thinking syste Bar,Cookies,3.7,Aisle 3 - Bin 4
8559,Centralized human-resource inf Bottle,Snack,4.24,Aisle 4 - Bin 2
7627,Function-based motivating matr Box,Candy,4.48,Aisle 4 - Bin 7
4237,Enhanced mission-critical data Bottle,Snack,2.49,Aisle 5 - Bin 6
8963,Right-sized intermediate metho Bottle,Juice,1.4,Aisle 1 - Bin 10
5174,Exclusive value-added frame Pack,Beverage,2.61,Aisle 5 - Bin 6
9077,Advanced maximized groupware Can,Juice,1.55,Aisle 5 - Bin 9
7147,Assimilated even-keeled knowle Can,Juice,3.5,Aisle 5 - Bin 6
8006,Operative executive projection Bar,Cookies,4.03,Aisle 4 - Bin 2
7770,Customizable high-level interf Box,Health Food,2.74,Aisle 4 - Bin 4
1961,Distributed coherent encryptio Pack,Soda,3.52,Aisle 4 - Bin 8
1846,Reactive high-level collaborat Bottle,Energy Drinks,2.98,Aisle 1 - Bin 9
4593,Virtual empowering system engi Pack,Water,3.55,Aisle 3 - Bin 2
631,Implemented stable toolset Box,Candy,1.19,Aisle 4 - Bin 7
3571,Integrated maximized analyzer Bar,Health Food,2.36,Aisle 5 - Bin 9
5769,Diverse tangible capability Pack,Water,0.58,Aisle 1 - Bin 1
5797,Pre-emptive optimal collaborat Box,Juice,3.11,Aisle 2 - Bin 7
2888,Realigned uniform Graphic Inte Bottle,Cookies,4.19,Aisle 5 - Bin 9
7534,Digitized multi-tasking archiv Can,Candy,2.86,Aisle 1 - Bin 9
5441,Seamless intermediate synergy Pack,Juice,4.33,Aisle 1 - Bin 1
2446,Re-engineered high-level Inter Pack,Health Food,2.13,Aisle 4 - Bin 8
8815,Reduced regional capability Box,Chips,4.44,Aisle 1 - Bin 1
9304,Profit-focused real-time chall Bar,Chips,1.59,Aisle 2 - Bin 2
6908,Assimilated object-oriented th Bottle,Snack,3.46,Aisle 3 - Bin 4
9803,User-centric fresh-thinking in Bar,Candy,2.83,Aisle 4 - Bin 7
8911,Persevering explicit open syst Bar,Beverage,1.22,Aisle 4 - Bin 4
5290,Optimized optimizing system en Bar,Juice,2.74,Aisle 5 - Bin 9
6959,User-centric system-worthy sof Bottle,Chips,4.23,Aisle 1 - Bin 10
7831,Face-to-face background produc Pack,Cookies,2.57,Aisle 1 - Bin 10
2443,Enterprise-wide systematic str Bar,Juice,3.34,Aisle 4 - Bin 4
1771,Stand-alone zero-defect challe Can,Candy,1.06,Aisle 2 - Bin 1
2253,Ergonomic methodical hierarchy Box,Snack,4.02,Aisle 4 - Bin 8
3976,Customizable multimedia orches Bottle,Juice,0.78,Aisle 5 - Bin 9
5757,Cross-platform impactful proje Box,Soda,3.13,Aisle 2 - Bin 7
124,Centralized didactic definitio Pack,Health Food,2.54,Aisle 2 - Bin 7
8208,Up-sized zero tolerance hardwa Bar,Soda,4.39,Aisle 3 - Bin 2
3561,Public-key disintermediate arc Bar,Soda,0.76,Aisle 5 - Bin 9
6062,Universal disintermediate hub Box,Energy Drinks,3.49,Aisle 4 - Bin 7
5150,Future-proofed composite produ Bar,Juice,4.72,Aisle 2 - Bin 1
7958,Programmable system-worthy imp Can,Energy Drinks,1.42,Aisle 2 - Bin 6
1294,Self-enabling solution-oriente Box,Candy,4.52,Aisle 2 - Bin 2
5734,Secured full-range attitude Box,Snack,0.94,Aisle 2 - Bin 2
4243,Distributed real-time protocol Box,Beverage,2.92,Aisle 4 - Bin 4
6907,Quality-focused full-range con Bar,Chips,3.84,Aisle 5 - Bin 6
1837,Synergized stable emulation Bar,Energy Drinks,3.01,Aisle 2 - Bin 2
4517,Reactive 5thgeneration utiliza Pack,Health Food,1.86,Aisle 2 - Bin 9
8295,Persevering dedicated implemen Can,Cookies,1.5,Aisle 4 - Bin 2
5333,Multi-layered local moderator Bottle,Energy Drinks,3.51,Aisle 2 - Bin 6
6919,Self-enabling local toolset Box,Cookies,2.6,Aisle 5 - Bin 3
1491,Switchable local project Pack,Cookies,2.76,Aisle 5 - Bin 3
8367,Enterprise-wide 5thgeneration  Box,Soda,4.57,Aisle 1 - Bin 1
258,Digitized global help-desk Bottle,Energy Drinks,4.02,Aisle 2 - Bin 2
3379,Persevering fresh-thinking mig Box,Health Food,4.47,Aisle 1 - Bin 10
7454,Enterprise-wide reciprocal thr Pack,Soda,3.72,Aisle 4 - Bin 4
8783,Compatible disintermediate ope Pack,Cookies,3.17,Aisle 3 - Bin 2
4368,Upgradable incremental solutio Can,Water,2.84,Aisle 5 - Bin 9
5847,Visionary attitude-oriented in Bottle,Juice,3.09,Aisle 4 - Bin 4
4480,Enhanced regional data-warehou Can,Water,4.38,Aisle 2 - Bin 9
3552,Multi-channeled clear-thinking Can,Juice,3.91,Aisle 4 - Bin 2
1078,Public-key mobile capability Bottle,Energy Drinks,0.64,Aisle 5 - Bin 3
5510,Quality-focused logistical fun Bar,Cookies,1.61,Aisle 5 - Bin 9
667,Profound dedicated matrices Can,Water,2.28,Aisle 2 - Bin 7
5461,Business-focused contextually- Pack,Health Food,3.06,Aisle 2 - Bin 2
958,Self-enabling asymmetric capab Bar,Cookies,1.53,Aisle 3 - Bin 5
9335,Adaptive regional encryption Bar,Beverage,4.5,Aisle 5 - Bin 3
4802,Fundamental reciprocal task-fo Can,Cookies,1.77,Aisle 2 - Bin 2
5062,Inverse multi-state frame Bar,Juice,3.69,Aisle 1 - Bin 1
3416,Switchable 5thgeneration emula Bottle,Water,0.9,Aisle 2 - Bin 1
5644,Digitized stable infrastructur Can,Soda,3.69,Aisle 4 - Bin 2
5342,Networked heuristic superstruc Bottle,Beverage,1.83,Aisle 5 - Bin 9
5954,Implemented contextually-based Pack,Health Food,2.59,Aisle 1 - Bin 10
9929,Cross-platform incremental ope Can,Candy,2.46,Aisle 2 - Bin 6
6262,Decentralized eco-centric atti Can,Cookies,4.44,Aisle 2 - Bin 9
9321,Horizontal hybrid product Bar,Beverage,2.35,Aisle 4 - Bin 7
1723,Grass-roots background neural- Can,Soda,2.17,Aisle 2 - Bin 7
2872,Re-engineered fresh-thinking w Box,Water,4.81,Aisle 5 - Bin 9
3711,Visionary asynchronous workfor Bar,Candy,3.69,Aisle 2 - Bin 2
7676,Grass-roots modular moderator Bar,Energy Drinks,2.4,Aisle 1 - Bin 10
4252,Diverse transitional installat Bar,Health Food,4.96,Aisle 5 - Bin 9
3913,Secured neutral strategy Pack,Juice,3.39,Aisle 5 - Bin 9
5477,Seamless tertiary emulation Can,Juice,0.85,Aisle 2 - Bin 9
8003,Multi-lateral discrete challen Bottle,Juice,1.18,Aisle 4 - Bin 4
5892,Function-based multi-tasking e Bar,Soda,0.86,Aisle 3 - Bin 2
3981,Horizontal bi-directional core Pack,Candy,1.87,Aisle 1 - Bin 10
8255,Robust 6thgeneration productiv Pack,Energy Drinks,0.95,Aisle 2 - Bin 2
7444,Reverse-engineered radical tas Can,Beverage,4.7,Aisle 1 - Bin 1
8461,Upgradable didactic pricing st Can,Snack,2.72,Aisle 2 - Bin 1
2252,Sharable client-server forecas Box,Snack,1.38,Aisle 2 - Bin 7
2924,Decentralized intangible knowl Can,Beverage,1.53,Aisle 2 - Bin 6
2928,Ergonomic coherent product Bottle,Soda,0.93,Aisle 2 - Bin 7
8088,Object-based analyzing process Bar,Water,2.77,Aisle 5 - Bin 9
8336,Switchable reciprocal concept Bottle,Chips,3.31,Aisle 5 - Bin 9
6678,Assimilated neutral methodolog Can,Water,1.13,Aisle 2 - Bin 2
3472,Open-architected radical inter Can,Juice,3.68,Aisle 2 - Bin 2
4737,Digitized 6thgeneration info-m Box,Energy Drinks,2.22,Aisle 5 - Bin 9
8148,Robust 24/7 flexibility Bar,Snack,4.85,Aisle 4 - Bin 7
9224,Extended attitude-oriented suc Box,Water,2.79,Aisle 2 - Bin 7
8922,Automated encompassing info-me Bottle,Chips,2.73,Aisle 4 - Bin 8
6305,Open-architected 5thgeneration Pack,Water,3.58,Aisle 4 - Bin 4
2874,Enterprise-wide content-based  Box,Health Food,3.89,Aisle 4 - Bin 4
1599,Versatile neutral utilization Box,Juice,3.17,Aisle 3 - Bin 5
3882,Optional real-time access Can,Water,0.97,Aisle 1 - Bin 9
550,Right-sized needs-based orches Pack,Water,4.83,Aisle 3 - Bin 4
364,User-centric bi-directional se Pack,Energy Drinks,2.94,Aisle 5 - Bin 9
8178,Intuitive web-enabled capabili Pack,Health Food,2.67,Aisle 5 - Bin 3
9076,Virtual homogeneous superstruc Can,Juice,3.82,Aisle 4 - Bin 7
221,Stand-alone dedicated extranet Bar,Juice,1.53,Aisle 1 - Bin 10
2708,Public-key holistic installati Box,Cookies,3.3,Aisle 4 - Bin 4
9952,Visionary multi-state moratori Pack,Energy Drinks,1.17,Aisle 2 - Bin 7
9091,Persevering system-worthy prod Bar,Water,3.92,Aisle 2 - Bin 9
1005,Expanded mission-critical inte Box,Health Food,0.81,Aisle 5 - Bin 9
7448,Automated modular database Can,Juice,0.82,Aisle 1 - Bin 10
3792,Profit-focused homogeneous pol Pack,Juice,2.58,Aisle 4 - Bin 4
8042,Intuitive user-facing concept Can,Candy,2.35,Aisle 2 - Bin 2
1777,Cross-platform bottom-line con Bar,Juice,3.31,Aisle 5 - Bin 9
6682,Total incremental open archite Bar,Cookies,2.28,Aisle 2 - Bin 7
9755,Team-oriented optimizing Local Bottle,Juice,1.55,Aisle 3 - Bin 5
59,Proactive bi-directional websi Box,Juice,1.93,Aisle 5 - Bin 9
1986,Total real-time info-mediaries Bottle,Energy Drinks,1.38,Aisle 5 - Bin 6
9202,Quality-focused non-volatile t Can,Health Food,3.71,Aisle 2 - Bin 6
9311,Ameliorated bottom-line Intern Pack,Chips,1.57,Aisle 3 - Bin 5
6740,Adaptive foreground conglomera Bar,Energy Drinks,3.87,Aisle 4 - Bin 2
6943,Face-to-face uniform utilizati Box,Juice,1.91,Aisle 2 - Bin 9
8649,Future-proofed multi-tasking c Can,Chips,0.82,Aisle 5 - Bin 9
9487,Cross-platform 3rdgeneration t Can,Beverage,2.83,Aisle 5 - Bin 9
6781,Progressive clear-thinking sec Bar,Energy Drinks,4.84,Aisle 1 - Bin 10
3947,Proactive coherent Local Area  Box,Beverage,1.72,Aisle 2 - Bin 7
8442,Sharable context-sensitive dat Bottle,Juice,4.37,Aisle 2 - Bin 1
8806,Multi-channeled multi-tasking  Can,Beverage,2.78,Aisle 1 - Bin 10
1747,Triple-buffered 24/7 encoding Box,Health Food,3.65,Aisle 5 - Bin 3
9636,Profound 4thgeneration Graphic Bar,Water,1.28,Aisle 1 - Bin 1
2259,Extended static success Can,Snack,1.59,Aisle 5 - Bin 6
1360,Operative methodical database Can,Candy,4.6,Aisle 3 - Bin 5
8014,Assimilated incremental method Bar,Chips,4.1,Aisle 1 - Bin 9
2118,Adaptive solution-oriented Gra Bottle,Water,3.91,Aisle 2 - Bin 9
8306,Realigned optimizing installat Bottle,Snack,0.81,Aisle 5 - Bin 9
75,Inverse 24/7 leverage Can,Cookies,3.17,Aisle 5 - Bin 6
7733,Assimilated static architectur Box,Water,2.05,Aisle 4 - Bin 8
1999,Enhanced intermediate array Bar,Soda,2.67,Aisle 3 - Bin 2
2619,Cross-group even-keeled Local  Bar,Cookies,2.13,Aisle 5 - Bin 3
8458,Ergonomic asynchronous ability Box,Health Food,3.56,Aisle 3 - Bin 5
4558,Face-to-face heuristic approac Bottle,Health Food,3.09,Aisle 3 - Bin 4
7480,Multi-channeled fault-tolerant Can,Soda,2.68,Aisle 5 - Bin 3
1709,Seamless full-range middleware Box,Soda,3.49,Aisle 2 - Bin 7
599,Focused zero tolerance Graphic Bottle,Chips,1.09,Aisle 4 - Bin 2
8608,Multi-tiered client-driven int Bottle,Energy Drinks,2.41,Aisle 5 - Bin 9
2088,Operative client-server workfo Bar,Water,2.78,Aisle 3 - Bin 5
4785,Fundamental neutral architectu Bottle,Chips,0.71,Aisle 2 - Bin 1
6057,Integrated value-added databas Bar,Health Food,4.07,Aisle 4 - Bin 8
3507,Upgradable mobile installation Bottle,Snack,2.62,Aisle 2 - Bin 6
9652,Multi-tiered zero administrati Bar,Health Food,2.77,Aisle 2 - Bin 7
9867,Customizable dedicated instruc Pack,Snack,3.98,Aisle 4 - Bin 2
3813,Optional high-level workforce Can,Cookies,1.68,Aisle 1 - Bin 1
4545,Streamlined heuristic attitude Box,Snack,4.63,Aisle 5 - Bin 6
3454,Cross-platform zero administra Box,Water,4.87,Aisle 3 - Bin 5
9802,Right-sized mission-critical t Bar,Snack,4.84,Aisle 2 - Bin 2
8611,Fully-configurable encompassin Bottle,Health Food,3.92,Aisle 2 - Bin 7
8632,Object-based 3rdgeneration inf Pack,Cookies,3.13,Aisle 2 - Bin 9
4594,Managed intermediate core Box,Beverage,2.92,Aisle 3 - Bin 4
206,Reduced incremental toolset Bar,Candy,3.45,Aisle 4 - Bin 4
9859,Reduced logistical flexibility Bottle,Cookies,3.1,Aisle 5 - Bin 9
4797,Open-source optimal frame Can,Juice,0.67,Aisle 5 - Bin 9
8593,Centralized secondary applicat Bar,Soda,2.36,Aisle 5 - Bin 6
7081,Configurable heuristic help-de Bottle,Chips,4.81,Aisle 4 - Bin 7
7735,Digitized optimal knowledgebas Can,Water,4.93,Aisle 3 - Bin 5
1864,Grass-roots didactic hardware Bottle,Cookies,0.99,Aisle 3 - Bin 4
8251,Implemented bandwidth-monitore Bottle,Beverage,2.37,Aisle 2 - Bin 1
8885,Future-proofed foreground proj Can,Beverage,4.18,Aisle 5 - Bin 3
6286,Optional disintermediate appli Can,Candy,3.29,Aisle 3 - Bin 4
493,Fully-configurable value-added Box,Candy,3.2,Aisle 3 - Bin 2
9134,Profit-focused solution-orient Box,Chips,0.78,Aisle 5 - Bin 6
1551,Sharable logistical info-media Bar,Energy Drinks,2.96,Aisle 4 - Bin 8
7592,Pre-emptive responsive info-me Can,Juice,2.76,Aisle 5 - Bin 9
1108,Sharable systemic budgetary ma Pack,Candy,4.18,Aisle 2 - Bin 6
3384,Advanced real-time help-desk Pack,Beverage,3.52,Aisle 2 - Bin 2
1088,Grass-roots methodical complex Bar,Chips,0.57,Aisle 3 - Bin 2
9275,Right-sized leadingedge projec Bar,Cookies,2.73,Aisle 5 - Bin 3
2615,Triple-buffered impactful circ Bottle,Candy,4.67,Aisle 2 - Bin 6
9512,Persevering explicit infrastru Box,Cookies,1.96,Aisle 2 - Bin 1
8228,Customizable multi-state knowl Pack,Candy,3.89,Aisle 4 - Bin 4
7680,Persistent foreground hierarch Bottle,Chips,4.56,Aisle 1 - Bin 9
438,Expanded mission-critical syst Pack,Chips,0.95,Aisle 1 - Bin 10
8926,Adaptive tangible definition Can,Juice,2.68,Aisle 4 - Bin 4
5274,Proactive attitude-oriented co Pack,Beverage,4.14,Aisle 2 - Bin 6
5584,User-centric user-facing funct Pack,Energy Drinks,1.15,Aisle 3 - Bin 4
5543,Open-architected asymmetric pr Box,Beverage,3.44,Aisle 4 - Bin 8
8889,Organized zero administration  Bar,Water,4.44,Aisle 5 - Bin 9
5520,Optional hybrid definition Bar,Cookies,4.7,Aisle 1 - Bin 10
3076,Quality-focused 4thgeneration  Box,Candy,1.51,Aisle 5 - Bin 3
5436,Re-contextualized global extra Box,Cookies,4.27,Aisle 1 - Bin 10
1191,Managed 5thgeneration algorith Pack,Candy,1.59,Aisle 4 - Bin 8
2853,Ameliorated solution-oriented  Pack,Beverage,3.48,Aisle 5 - Bin 9
3461,Centralized maximized framewor Pack,Health Food,3.72,Aisle 3 - Bin 2
3364,Fundamental 24hour methodology Bottle,Candy,2.82,Aisle 2 - Bin 2
7029,Multi-lateral value-added pric Box,Soda,1.73,Aisle 1 - Bin 1
1645,Persevering real-time knowledg Bar,Soda,4.91,Aisle 4 - Bin 4
461,Persevering real-time approach Bottle,Beverage,2.1,Aisle 4 - Bin 7
5668,Expanded grid-enabled applicat Bottle,Beverage,1.72,Aisle 5 - Bin 6
3927,Distributed dedicated product Can,Cookies,0.85,Aisle 2 - Bin 6
1893,Exclusive value-added middlewa Pack,Snack,4.92,Aisle 4 - Bin 4
9140,Ergonomic 6thgeneration paradi Box,Water,4.95,Aisle 4 - Bin 7
7531,De-engineered global policy Can,Chips,3.09,Aisle 5 - Bin 3
5665,Integrated value-added Graphic Can,Candy,1.43,Aisle 4 - Bin 4
3725,Intuitive human-resource tools Box,Energy Drinks,2.36,Aisle 1 - Bin 9
4823,Proactive high-level emulation Pack,Soda,0.62,Aisle 4 - Bin 7
1304,Grass-roots didactic Local Are Bottle,Health Food,4.85,Aisle 4 - Bin 4
3422,Compatible local moratorium Box,Energy Drinks,0.56,Aisle 5 - Bin 9
1251,Object-based 6thgeneration gro Bottle,Candy,2.68,Aisle 5 - Bin 6
8090,Visionary disintermediate webs Bar,Cookies,4.4,Aisle 4 - Bin 2
6761,Integrated 3rdgeneration succe Can,Water,4.89,Aisle 1 - Bin 1
1560,Up-sized well-modulated projec Bar,Snack,2.18,Aisle 5 - Bin 6
764,Compatible asynchronous access Box,Juice,4.74,Aisle 5 - Bin 9
9012,Customizable logistical protoc Bottle,Cookies,1.52,Aisle 1 - Bin 10
8962,Persevering mobile moratorium Can,Cookies,3.12,Aisle 1 - Bin 1
6115,Profit-focused content-based n Box,Energy Drinks,2.06,Aisle 2 - Bin 9
8389,Configurable tangible function Pack,Beverage,3.36,Aisle 1 - Bin 10
3044,Total heuristic application Pack,Juice,4.9,Aisle 2 - Bin 7
7966,Reverse-engineered national kn Bottle,Snack,1.35,Aisle 3 - Bin 5
7305,Devolved global archive Can,Snack,1.0,Aisle 2 - Bin 2
6159,Extended background complexity Bar,Soda,3.79,Aisle 5 - Bin 6
2269,Expanded incremental productiv Box,Soda,4.98,Aisle 5 - Bin 6
7943,Grass-roots client-driven flex Box,Health Food,2.9,Aisle 2 - Bin 7
7124,Re-contextualized web-enabled  Bar,Beverage,0.85,Aisle 5 - Bin 6
7982,Stand-alone cohesive synergy Can,Soda,3.15,Aisle 3 - Bin 2
4341,User-centric user-facing emula Box,Candy,3.59,Aisle 2 - Bin 1
5987,Enterprise-wide systemic emula Bar,Candy,0.79,Aisle 4 - Bin 8
6994,Phased scalable initiative Pack,Energy Drinks,3.64,Aisle 5 - Bin 9
7988,Multi-layered scalable artific Bottle,Candy,2.47,Aisle 5 - Bin 9
2607,Mandatory human-resource datab Box,Soda,4.5,Aisle 5 - Bin 6
3704,Cloned fault-tolerant model Pack,Cookies,2.32,Aisle 5 - Bin 9
3512,Distributed interactive instru Pack,Beverage,1.92,Aisle 2 - Bin 1
5864,Proactive even-keeled migratio Bar,Juice,3.7,Aisle 4 - Bin 2
168,Re-engineered high-level firmw Box,Health Food,1.11,Aisle 2 - Bin 1
4766,Diverse clear-thinking functio Pack,Snack,1.21,Aisle 4 - Bin 8
1588,Operative solution-oriented fo Bar,Health Food,2.19,Aisle 5 - Bin 9
1689,Centralized optimizing infrast Pack,Beverage,0.72,Aisle 5 - Bin 9
9919,Future-proofed coherent defini Box,Beverage,0.67,Aisle 2 - Bin 6
2791,Ameliorated impactful model Box,Cookies,3.91,Aisle 2 - Bin 9
2844,Intuitive mission-critical neu Bar,Cookies,0.67,Aisle 1 - Bin 1
8810,Total systematic encoding Box,Chips,1.72,Aisle 1 - Bin 9
2732,Business-focused leadingedge f Bottle,Water,2.13,Aisle 4 - Bin 2
7931,Operative logistical secured l Can,Soda,3.56,Aisle 4 - Bin 4
8543,De-engineered local archive Bottle,Soda,1.6,Aisle 4 - Bin 2
1880,Ameliorated motivating firmwar Can,Beverage,1.51,Aisle 4 - Bin 7
2753,Secured holistic Graphic Inter Pack,Chips,3.04,Aisle 4 - Bin 7
7501,Seamless hybrid help-desk Can,Energy Drinks,3.43,Aisle 2 - Bin 6
4443,Streamlined zero-defect policy Can,Energy Drinks,3.55,Aisle 5 - Bin 3
7263,Optional homogeneous adapter Bar,Juice,4.81,Aisle 2 - Bin 9
4506,Open-source upward-trending fi Bottle,Juice,2.77,Aisle 2 - Bin 1
8453,Streamlined actuating project Bottle,Soda,0.74,Aisle 2 - Bin 9
9156,Realigned motivating policy Bottle,Energy Drinks,3.77,Aisle 3 - Bin 5
479,Intuitive solution-oriented ha Bottle,Chips,2.3,Aisle 5 - Bin 9
459,Compatible web-enabled standar Box,Candy,3.82,Aisle 4 - Bin 4
2052,Grass-roots optimal benchmark Bottle,Juice,3.05,Aisle 2 - Bin 6
7376,Innovative 4thgeneration infra Bar,Candy,4.44,Aisle 4 - Bin 4
714,Self-enabling optimal database Can,Candy,1.42,Aisle 4 - Bin 2
7019,Multi-lateral motivating syste Box,Snack,3.22,Aisle 2 - Bin 2
7783,Horizontal motivating projecti Bar,Candy,4.33,Aisle 2 - Bin 7
6594,Face-to-face reciprocal monito Box,Chips,3.41,Aisle 4 - Bin 8
3119,Devolved 4thgeneration service Pack,Chips,4.88,Aisle 2 - Bin 7
7237,Secured methodical analyzer Pack,Energy Drinks,2.42,Aisle 2 - Bin 6
1628,Reactive 6thgeneration time-fr Bar,Candy,4.51,Aisle 5 - Bin 3
6464,Multi-lateral empowering Inter Can,Water,0.89,Aisle 2 - Bin 6
7207,Reduced responsive forecast Box,Energy Drinks,1.06,Aisle 1 - Bin 1
2107,Mandatory regional infrastruct Box,Health Food,3.99,Aisle 5 - Bin 9
4084,Function-based maximized produ Pack,Candy,3.0,Aisle 5 - Bin 9
6130,Ergonomic background initiativ Can,Health Food,4.41,Aisle 3 - Bin 4
1814,Switchable content-based budge Box,Cookies,4.07,Aisle 2 - Bin 1
1595,Advanced 5thgeneration conglom Box,Cookies,4.87,Aisle 5 - Bin 9
7088,Distributed motivating functio Box,Soda,2.59,Aisle 3 - Bin 2
501,Robust real-time secured line Bottle,Juice,4.66,Aisle 5 - Bin 9
9986,Reduced interactive capacity Box,Snack,4.7,Aisle 1 - Bin 9
6751,Reactive homogeneous info-medi Bar,Snack,2.82,Aisle 2 - Bin 6
7099,Multi-lateral full-range analy Bottle,Beverage,4.45,Aisle 5 - Bin 9
4076,Extended transitional model Bar,Juice,3.42,Aisle 4 - Bin 4
7511,Reactive 5thgeneration matrix Can,Cookies,1.85,Aisle 5 - Bin 3
8535,Face-to-face even-keeled time- Can,Health Food,4.64,Aisle 2 - Bin 7
446,Stand-alone full-range data-wa Can,Health Food,3.33,Aisle 5 - Bin 9
601,Diverse leadingedge forecast Bar,Cookies,0.81,Aisle 5 - Bin 9
2382,Adaptive clear-thinking websit Box,Energy Drinks,4.51,Aisle 2 - Bin 6
3632,Upgradable client-server syste Bar,Chips,2.92,Aisle 1 - Bin 9
5106,Open-architected foreground em Pack,Snack,1.93,Aisle 1 - Bin 1
4967,Managed asymmetric matrix Pack,Chips,1.8,Aisle 3 - Bin 5
619,Seamless responsive budgetary  Box,Health Food,4.39,Aisle 3 - Bin 5
3443,Reduced encompassing function Pack,Snack,0.76,Aisle 4 - Bin 7
6623,Organized dynamic encoding Box,Cookies,0.89,Aisle 2 - Bin 6
8705,Managed client-server initiati Can,Soda,4.55,Aisle 2 - Bin 2
1727,Re-engineered interactive moni Pack,Chips,1.95,Aisle 3 - Bin 4
9738,Fundamental real-time encrypti Pack,Health Food,3.05,Aisle 5 - Bin 3
6143,Cross-platform multimedia syne Bottle,Juice,3.36,Aisle 4 - Bin 7
5926,Reduced uniform archive Bar,Candy,2.33,Aisle 3 - Bin 2
953,User-centric systemic protocol Box,Health Food,0.59,Aisle 4 - Bin 8
5722,Diverse hybrid circuit Pack,Water,2.37,Aisle 2 - Bin 1
1354,Cloned modular capacity Pack,Water,3.71,Aisle 4 - Bin 2
3226,Function-based even-keeled str Bottle,Snack,4.15,Aisle 4 - Bin 7
8390,Fundamental zero-defect portal Pack,Energy Drinks,2.24,Aisle 3 - Bin 4
68,Virtual national artificial in Bar,Health Food,2.86,Aisle 3 - Bin 4
808,Optimized clear-thinking porta Box,Chips,1.14,Aisle 1 - Bin 1
7875,Reactive client-driven complex Bar,Snack,1.04,Aisle 5 - Bin 3
1988,Integrated actuating projectio Pack,Beverage,2.21,Aisle 1 - Bin 1
9900,User-friendly analyzing array Can,Water,1.6,Aisle 3 - Bin 5
9932,Optimized uniform functionalit Bottle,Water,3.93,Aisle 5 - Bin 9
4813,Implemented intangible emulati Can,Soda,2.28,Aisle 5 - Bin 9
1122,Fully-configurable non-volatil Bottle,Snack,4.84,Aisle 2 - Bin 1
6769,Intuitive disintermediate chal Bottle,Cookies,3.47,Aisle 5 - Bin 6
5827,Multi-lateral interactive grou Bar,Beverage,4.65,Aisle 4 - Bin 7
6732,Re-engineered optimal intranet Pack,Juice,2.66,Aisle 2 - Bin 9
3783,Ameliorated coherent system en Bottle,Health Food,4.44,Aisle 5 - Bin 3
6136,Team-oriented multi-state info Box,Cookies,1.6,Aisle 5 - Bin 9
5632,Distributed incremental intran Bottle,Juice,1.77,Aisle 3 - Bin 5
3942,De-engineered asynchronous cap Box,Soda,2.59,Aisle 1 - Bin 9
2967,Future-proofed client-server p Bottle,Energy Drinks,0.69,Aisle 1 - Bin 9
9703,Reverse-engineered coherent mi Can,Juice,4.07,Aisle 3 - Bin 2
9254,Public-key asymmetric moderato Can,Health Food,2.3,Aisle 2 - Bin 1
951,Adaptive exuding time-frame Bar,Beverage,2.22,Aisle 3 - Bin 5
1715,Compatible directional Interne Box,Energy Drinks,0.94,Aisle 4 - Bin 7
585,Innovative methodical pricing  Bottle,Cookies,3.28,Aisle 4 - Bin 2
515,Future-proofed upward-trending Pack,Health Food,3.01,Aisle 2 - Bin 2
1748,Re-engineered heuristic Intern Pack,Soda,2.83,Aisle 2 - Bin 1
6748,Cloned 5thgeneration complexit Bottle,Energy Drinks,2.8,Aisle 2 - Bin 9
554,Monitored hybrid moderator Can,Snack,3.71,Aisle 3 - Bin 2
8932,Progressive didactic forecast Bar,Energy Drinks,2.44,Aisle 5 - Bin 9
7118,Pre-emptive dedicated synergy Bar,Chips,2.37,Aisle 5 - Bin 9
2050,Stand-alone human-resource tas Bottle,Health Food,0.79,Aisle 3 - Bin 5
6606,Versatile 24hour contingency Bar,Juice,4.64,Aisle 5 - Bin 9
7713,Configurable 24/7 success Can,Energy Drinks,3.42,Aisle 2 - Bin 7
2747,Fundamental exuding support Bottle,Chips,3.85,Aisle 4 - Bin 8
4755,Multi-tiered hybrid time-frame Bar,Cookies,4.56,Aisle 5 - Bin 6
1375,Distributed real-time open arc Box,Energy Drinks,1.14,Aisle 2 - Bin 7
3339,Right-sized tangible alliance Box,Soda,4.72,Aisle 5 - Bin 9
9908,Future-proofed homogeneous har Can,Cookies,4.1,Aisle 2 - Bin 7
9059,Realigned dynamic product Pack,Juice,2.1,Aisle 5 - Bin 9
3247,Multi-lateral regional utiliza Bottle,Soda,1.39,Aisle 2 - Bin 6
6720,Polarized didactic workforce Bar,Candy,3.62,Aisle 1 - Bin 1
4315,Expanded tertiary intranet Bar,Water,3.8,Aisle 2 - Bin 1
2778,Multi-lateral national info-me Pack,Energy Drinks,2.25,Aisle 4 - Bin 8
9241,Universal demand-driven flexib Bottle,Water,3.78,Aisle 1 - Bin 1
7895,Diverse human-resource hierarc Pack,Cookies,1.13,Aisle 3 - Bin 2
4236,Advanced bifurcated functional Pack,Candy,1.37,Aisle 1 - Bin 1
2578,Reverse-engineered disintermed Bar,Health Food,4.84,Aisle 1 - Bin 10
408,Profit-focused global complexi Bottle,Juice,4.98,Aisle 3 - Bin 4
2216,Upgradable bottom-line product Can,Snack,4.21,Aisle 3 - Bin 5
9343,Multi-tiered dynamic software Can,Beverage,4.74,Aisle 5 - Bin 3
4527,Public-key uniform knowledgeba Bottle,Chips,0.68,Aisle 2 - Bin 2
9494,Synchronized 3rdgeneration att Pack,Snack,2.27,Aisle 2 - Bin 1
8348,Total exuding time-frame Bottle,Soda,3.2,Aisle 5 - Bin 6
8236,Organized holistic encoding Box,Beverage,2.41,Aisle 4 - Bin 7
4997,Implemented heuristic open arc Bar,Energy Drinks,4.69,Aisle 5 - Bin 3
3697,Organic methodical implementat Pack,Beverage,1.17,Aisle 3 - Bin 5
4301,Cross-group asymmetric approac Can,Candy,3.89,Aisle 5 - Bin 9
5417,Compatible content-based proto Pack,Soda,1.7,Aisle 1 - Bin 10
3865,Progressive cohesive open arch Box,Juice,2.13,Aisle 5 - Bin 9
2501,Sharable object-oriented metho Can,Soda,0.99,Aisle 5 - Bin 9
6049,User-friendly empowering open  Bar,Water,3.06,Aisle 1 - Bin 10
1780,Future-proofed 4thgeneration m Bottle,Health Food,3.32,Aisle 4 - Bin 8
7431,Cloned user-facing attitude Pack,Cookies,4.7,Aisle 1 - Bin 9
3442,Managed discrete moderator Box,Cookies,4.25,Aisle 4 - Bin 4
9622,Automated upward-trending enco Pack,Juice,2.63,Aisle 5 - Bin 3
3307,Diverse multimedia architectur Can,Water,3.09,Aisle 5 - Bin 6
2834,Advanced zero-defect pricing s Box,Beverage,3.66,Aisle 2 - Bin 6
5508,Re-engineered needs-based acce Box,Soda,1.67,Aisle 2 - Bin 9
5689,Enterprise-wide zero-defect su Bottle,Candy,3.65,Aisle 3 - Bin 2
235,Diverse intermediate matrix Pack,Energy Drinks,1.79,Aisle 3 - Bin 5
1994,Total executive budgetary mana Bar,Juice,1.09,Aisle 2 - Bin 6
7214,Secured asynchronous system en Pack,Beverage,3.57,Aisle 4 - Bin 4
255,Enhanced human-resource portal Box,Cookies,3.9,Aisle 4 - Bin 8
1397,Down-sized demand-driven algor Can,Chips,1.99,Aisle 3 - Bin 4
6663,Operative real-time portal Pack,Chips,2.92,Aisle 5 - Bin 6
3577,Assimilated radical matrices Can,Candy,4.92,Aisle 3 - Bin 5
4286,Reverse-engineered disintermed Bottle,Energy Drinks,2.33,Aisle 4 - Bin 7
9950,Diverse homogeneous customer l Pack,Health Food,3.1,Aisle 2 - Bin 9
7962,Synchronized multimedia challe Box,Energy Drinks,3.93,Aisle 3 - Bin 5
2116,Self-enabling exuding adapter Pack,Snack,3.66,Aisle 3 - Bin 4
784,Total well-modulated info-medi Bottle,Energy Drinks,4.52,Aisle 5 - Bin 3
7433,Fully-configurable discrete pa Can,Water,3.93,Aisle 2 - Bin 1
2813,Phased non-volatile open syste Bottle,Energy Drinks,2.6,Aisle 4 - Bin 8
2425,Digitized hybrid contingency Bottle,Snack,1.57,Aisle 5 - Bin 9
8898,Programmable tangible capabili Can,Energy Drinks,4.61,Aisle 3 - Bin 2
7292,Cross-platform 24hour hierarch Pack,Beverage,3.02,Aisle 2 - Bin 1
2759,Robust disintermediate databas Bottle,Beverage,3.48,Aisle 5 - Bin 9
2886,Business-focused value-added s Bottle,Candy,3.61,Aisle 5 - Bin 3
8445,Optimized coherent protocol Can,Candy,1.26,Aisle 2 - Bin 1
8546,Phased transitional capability Box,Energy Drinks,1.14,Aisle 4 - Bin 7
4434,Managed global functionalities Bar,Snack,3.76,Aisle 4 - Bin 8
7002,Enterprise-wide context-sensit Can,Soda,1.56,Aisle 4 - Bin 4
5688,Streamlined zero tolerance inf Can,Soda,0.57,Aisle 2 - Bin 6
6584,Progressive holistic knowledge Pack,Candy,1.18,Aisle 5 - Bin 9
8057,Right-sized fresh-thinking wor Bar,Snack,4.38,Aisle 4 - Bin 7
8166,Secured reciprocal support Bar,Chips,2.22,Aisle 3 - Bin 2
8945,Pre-emptive dynamic hardware Pack,Energy Drinks,3.13,Aisle 4 - Bin 4
1717,Optimized disintermediate core Bottle,Chips,3.52,Aisle 2 - Bin 7
4004,Total clear-thinking complexit Pack,Soda,3.88,Aisle 3 - Bin 2
9389,Devolved systematic moratorium Bottle,Juice,1.73,Aisle 4 - Bin 4
5560,Managed impactful help-desk Bar,Soda,2.49,Aisle 2 - Bin 9
9430,Open-architected dynamic encod Bar,Water,2.09,Aisle 4 - Bin 8
6476,Persistent solution-oriented c Can,Candy,4.87,Aisle 3 - Bin 5
8942,Function-based well-modulated  Pack,Cookies,3.63,Aisle 5 - Bin 9
8605,Virtual incremental emulation Bottle,Energy Drinks,4.75,Aisle 2 - Bin 9
9036,Public-key value-added methodo Bar,Water,1.5,Aisle 2 - Bin 2
8884,Automated motivating definitio Bottle,Soda,1.47,Aisle 3 - Bin 2
7364,Streamlined homogeneous intran Box,Energy Drinks,2.01,Aisle 1 - Bin 1
7724,Expanded user-facing concept Pack,Beverage,1.68,Aisle 1 - Bin 10
2777,Universal context-sensitive kn Can,Energy Drinks,4.69,Aisle 5 - Bin 9
1765,Fully-configurable regional st Bottle,Chips,4.37,Aisle 2 - Bin 7
3092,Integrated grid-enabled secure Bottle,Chips,1.19,Aisle 5 - Bin 9
9536,Business-focused methodical mo Can,Snack,4.27,Aisle 2 - Bin 7
6610,Pre-emptive grid-enabled paral Can,Cookies,3.37,Aisle 1 - Bin 10
1252,Business-focused 24/7 standard Can,Cookies,3.8,Aisle 5 - Bin 9
7201,Implemented content-based inte Box,Beverage,4.96,Aisle 2 - Bin 6
1592,Stand-alone interactive task-f Bar,Snack,3.47,Aisle 5 - Bin 3
3920,Multi-layered even-keeled syst Bar,Candy,2.94,Aisle 2 - Bin 7
3718,Automated reciprocal implement Pack,Soda,3.99,Aisle 2 - Bin 1
8025,Multi-tiered local project Box,Juice,3.51,Aisle 3 - Bin 2
6111,Multi-tiered solution-oriented Pack,Health Food,3.03,Aisle 2 - Bin 7
1630,Secured fresh-thinking standar Box,Juice,0.62,Aisle 2 - Bin 6
9360,De-engineered exuding producti Bar,Beverage,2.38,Aisle 2 - Bin 2
2349,Cross-platform multi-tasking i Bar,Cookies,1.32,Aisle 2 - Bin 9
613,Advanced human-resource capabi Can,Health Food,1.71,Aisle 1 - Bin 10
7820,Customer-focused exuding morat Pack,Energy Drinks,4.95,Aisle 5 - Bin 9
5368,Re-engineered heuristic core Bar,Beverage,1.37,Aisle 2 - Bin 2
921,Assimilated uniform info-media Bar,Snack,3.82,Aisle 4 - Bin 7
5187,Stand-alone modular system eng Bottle,Candy,2.59,Aisle 2 - Bin 2
5404,Object-based interactive encry Bottle,Health Food,4.25,Aisle 2 - Bin 6
6410,Implemented tertiary workforce Box,Energy Drinks,4.31,Aisle 3 - Bin 4
406,Decentralized global challenge Box,Soda,0.86,Aisle 2 - Bin 2
526,Upgradable responsive array Pack,Juice,2.26,Aisle 4 - Bin 8
1307,Secured fault-tolerant challen Box,Candy,2.33,Aisle 5 - Bin 3
8576,Vision-oriented responsive web Bottle,Snack,2.55,Aisle 2 - Bin 7
9247,Synergized demand-driven chall Can,Energy Drinks,1.33,Aisle 4 - Bin 2
4784,Multi-lateral disintermediate  Pack,Soda,1.38,Aisle 1 - Bin 10
1826,Balanced cohesive data-warehou Bottle,Chips,4.34,Aisle 4 - Bin 2
8511,Total fresh-thinking open arch Pack,Health Food,4.71,Aisle 4 - Bin 4
8004,Customizable eco-centric hiera Can,Water,4.5,Aisle 2 - Bin 1
9021,Secured composite definition Pack,Juice,1.79,Aisle 3 - Bin 5
6363,Cloned multi-state interface Can,Beverage,3.92,Aisle 2 - Bin 2
178,Sharable heuristic migration Bar,Health Food,3.11,Aisle 5 - Bin 9
9506,Mandatory tangible system engi Can,Candy,3.92,Aisle 2 - Bin 2
4790,Innovative asynchronous projec Bottle,Snack,4.08,Aisle 4 - Bin 7
2808,Innovative static artificial i Pack,Soda,4.48,Aisle 5 - Bin 6
6729,Streamlined exuding access Can,Chips,3.27,Aisle 2 - Bin 7
8239,Open-source empowering artific Bar,Juice,1.78,Aisle 5 - Bin 3
9537,Progressive bifurcated softwar Bottle,Energy Drinks,3.96,Aisle 5 - Bin 3
9450,Innovative cohesive framework Box,Juice,2.36,Aisle 4 - Bin 7
7666,Inverse well-modulated paradig Box,Juice,3.59,Aisle 1 - Bin 9
190,Managed bi-directional methodo Bottle,Cookies,3.9,Aisle 1 - Bin 10
1159,Self-enabling next generation  Can,Candy,4.12,Aisle 2 - Bin 2
4092,Profound transitional migratio Can,Health Food,1.42,Aisle 4 - Bin 2
9188,Total multi-state task-force Can,Soda,3.37,Aisle 5 - Bin 6
5303,Seamless scalable system engin Pack,Energy Drinks,4.99,Aisle 3 - Bin 2
177,Reduced methodical contingency Pack,Chips,3.99,Aisle 2 - Bin 9
1450,Fundamental local functionalit Pack,Energy Drinks,3.27,Aisle 2 - Bin 9
6739,Programmable actuating instruc Bar,Juice,4.57,Aisle 2 - Bin 6
3847,Triple-buffered asynchronous i Can,Juice,3.58,Aisle 5 - Bin 3
6258,Team-oriented non-volatile cor Pack,Beverage,4.4,Aisle 1 - Bin 10
3216,Fundamental zero tolerance str Pack,Water,3.44,Aisle 5 - Bin 6
4814,Decentralized mobile Graphical Box,Snack,2.47,Aisle 1 - Bin 10
3742,Mandatory composite concept Bar,Chips,1.96,Aisle 2 - Bin 6
8961,Open-source encompassing group Bottle,Water,2.71,Aisle 1 - Bin 1
7621,Synergized system-worthy Graph Bottle,Health Food,2.79,Aisle 1 - Bin 1
39,Customer-focused 3rdgeneration Pack,Candy,2.18,Aisle 5 - Bin 6
9429,Extended methodical encoding Bar,Energy Drinks,4.27,Aisle 2 - Bin 6
3404,Programmable regional database Box,Soda,1.13,Aisle 1 - Bin 1
9860,Implemented background functio Pack,Energy Drinks,2.14,Aisle 2 - Bin 9
713,Virtual client-server project Pack,Cookies,4.6,Aisle 3 - Bin 2
9987,Visionary foreground budgetary Can,Juice,2.69,Aisle 4 - Bin 2
5144,Quality-focused hybrid install Bar,Energy Drinks,1.48,Aisle 3 - Bin 5
1801,Organized needs-based function Can,Juice,2.37,Aisle 2 - Bin 9
8124,Diverse eco-centric instructio Bottle,Beverage,3.18,Aisle 5 - Bin 9
9746,Enterprise-wide 24/7 help-desk Can,Juice,4.24,Aisle 1 - Bin 10
4736,Multi-channeled content-based  Box,Chips,1.01,Aisle 2 - Bin 2
3095,De-engineered multi-state arti Bar,Beverage,1.34,Aisle 3 - Bin 5
9041,Inverse directional neural-net Pack,Water,3.3,Aisle 3 - Bin 4
6014,Total responsive capability Bar,Beverage,2.18,Aisle 5 - Bin 9
1243,Automated transitional archite Bar,Candy,2.37,Aisle 3 - Bin 5
3824,Innovative solution-oriented t Pack,Cookies,1.85,Aisle 2 - Bin 6
8098,Profound asynchronous algorith Bottle,Water,1.83,Aisle 5 - Bin 9
5959,Persistent foreground help-des Box,Health Food,0.91,Aisle 4 - Bin 7
199,Multi-tiered motivating help-d Pack,Cookies,4.25,Aisle 5 - Bin 9
1580,Secured content-based challeng Can,Snack,3.33,Aisle 2 - Bin 9
6400,Ergonomic disintermediate appl Bottle,Soda,0.56,Aisle 4 - Bin 7
6961,Face-to-face national complexi Can,Health Food,2.07,Aisle 5 - Bin 3
9768,Advanced clear-thinking implem Pack,Soda,2.84,Aisle 3 - Bin 5
6520,Synchronized stable challenge Bar,Juice,4.57,Aisle 2 - Bin 6
6747,Ameliorated system-worthy para Box,Beverage,1.56,Aisle 1 - Bin 10
3799,Organic zero-defect task-force Pack,Beverage,0.75,Aisle 2 - Bin 9
2772,Triple-buffered regional servi Can,Candy,3.71,Aisle 4 - Bin 2
8059,Enhanced responsive access Bar,Beverage,2.32,Aisle 1 - Bin 10
6097,Extended heuristic functionali Bar,Cookies,2.34,Aisle 4 - Bin 4
7550,Quality-focused tangible congl Bottle,Soda,3.32,Aisle 4 - Bin 8
2795,Object-based grid-enabled open Can,Chips,1.74,Aisle 2 - Bin 7
3532,Multi-lateral secondary hardwa Box,Energy Drinks,4.16,Aisle 2 - Bin 9
2581,Ergonomic clear-thinking Graph Box,Cookies,4.72,Aisle 4 - Bin 8
9263,Triple-buffered human-resource Pack,Beverage,4.95,Aisle 4 - Bin 7
87,Customer-focused upward-trendi Bar,Beverage,1.4,Aisle 1 - Bin 9
5086,Intuitive regional system engi Can,Water,1.65,Aisle 3 - Bin 4
9316,Phased heuristic time-frame Bottle,Health Food,1.15,Aisle 4 - Bin 8
7991,Switchable homogeneous product Bottle,Soda,4.77,Aisle 2 - Bin 2
1504,Networked methodical orchestra Bottle,Juice,0.64,Aisle 2 - Bin 9
8990,Proactive discrete parallelism Box,Beverage,3.21,Aisle 4 - Bin 7
5952,Synergistic discrete migration Bottle,Soda,3.2,Aisle 5 - Bin 6
9580,Inverse executive service-desk Pack,Juice,0.93,Aisle 5 - Bin 9
1087,Quality-focused 5thgeneration  Bottle,Beverage,3.04,Aisle 2 - Bin 6
1754,Mandatory static support Box,Cookies,1.49,Aisle 4 - Bin 4
3064,Digitized grid-enabled attitud Bar,Juice,1.6,Aisle 4 - Bin 4
4707,Monitored executive open syste Bar,Soda,4.62,Aisle 1 - Bin 9
9192,Quality-focused bottom-line op Box,Health Food,4.72,Aisle 1 - Bin 10
8893,Robust empowering synergy Bar,Candy,1.63,Aisle 5 - Bin 9
3720,Ameliorated zero administratio Bar,Beverage,4.49,Aisle 4 - Bin 7
3371,Centralized client-server poli Bar,Snack,1.38,Aisle 4 - Bin 7
2855,Synergistic system-worthy alli Can,Health Food,1.05,Aisle 3 - Bin 4
4162,Seamless multi-tasking knowled Bar,Energy Drinks,4.75,Aisle 1 - Bin 10
7136,Reverse-engineered bifurcated  Pack,Water,1.12,Aisle 4 - Bin 2
9133,Enhanced dynamic project Bottle,Chips,4.41,Aisle 5 - Bin 9
9824,Team-oriented tangible pricing Pack,Water,2.95,Aisle 3 - Bin 5
6,Enhanced interactive complexit Pack,Water,2.97,Aisle 1 - Bin 9
3570,Streamlined 3rdgeneration prod Pack,Energy Drinks,2.2,Aisle 2 - Bin 7
1736,Persistent grid-enabled Graphi Bottle,Health Food,4.3,Aisle 3 - Bin 5
4178,Upgradable local moratorium Can,Health Food,3.38,Aisle 2 - Bin 6
1103,Reverse-engineered intangible  Bar,Energy Drinks,4.26,Aisle 5 - Bin 6
3559,Streamlined systematic capabil Pack,Water,3.24,Aisle 2 - Bin 2
9320,Stand-alone intermediate prici Bottle,Snack,3.36,Aisle 5 - Bin 9
3939,Virtual system-worthy system e Box,Chips,4.53,Aisle 3 - Bin 2
2077,Polarized bandwidth-monitored  Bottle,Snack,2.22,Aisle 3 - Bin 4
9208,Realigned user-facing budgetar Pack,Soda,3.27,Aisle 2 - Bin 7
9813,Ergonomic executive matrix Box,Candy,2.05,Aisle 2 - Bin 1
942,Exclusive reciprocal framework Bottle,Juice,2.2,Aisle 4 - Bin 2
9461,Function-based foreground arch Box,Candy,4.4,Aisle 2 - Bin 9
2171,Digitized regional instruction Bottle,Soda,1.43,Aisle 5 - Bin 3
1064,Distributed zero-defect abilit Can,Candy,0.91,Aisle 2 - Bin 7
7311,Multi-lateral intangible algor Box,Snack,1.11,Aisle 2 - Bin 2
9045,Multi-tiered system-worthy cap Bar,Cookies,4.66,Aisle 5 - Bin 6
1657,Focused demand-driven knowledg Can,Cookies,3.72,Aisle 3 - Bin 2
180,Grass-roots coherent forecast Bottle,Health Food,4.43,Aisle 5 - Bin 9
8940,Vision-oriented well-modulated Bottle,Water,0.61,Aisle 1 - Bin 1
2468,Ergonomic methodical moderator Bottle,Health Food,4.03,Aisle 1 - Bin 9
2014,Down-sized 6thgeneration circu Bar,Soda,1.71,Aisle 2 - Bin 7
7549,Self-enabling client-driven mo Can,Candy,2.52,Aisle 2 - Bin 7
9039,Networked system-worthy monito Box,Candy,3.56,Aisle 3 - Bin 2
1498,Vision-oriented bi-directional Box,Energy Drinks,0.57,Aisle 3 - Bin 5
8785,Ameliorated user-facing help-d Box,Cookies,4.31,Aisle 5 - Bin 9
4855,Profound responsive collaborat Box,Water,2.77,Aisle 4 - Bin 7
3495,Multi-layered dedicated applic Bar,Candy,1.63,Aisle 4 - Bin 4
5661,Operative dynamic customer loy Pack,Candy,3.52,Aisle 4 - Bin 4
6716,Total empowering application Box,Juice,2.13,Aisle 5 - Bin 9
448,Virtual leadingedge flexibilit Can,Chips,3.86,Aisle 3 - Bin 2
4398,Stand-alone motivating standar Pack,Water,0.98,Aisle 2 - Bin 2
3090,Profit-focused static project Bar,Cookies,3.81,Aisle 4 - Bin 2
2741,Automated client-driven groupw Can,Water,4.96,Aisle 5 - Bin 9
60,Right-sized next generation me Pack,Juice,4.62,Aisle 4 - Bin 8
9396,Self-enabling 3rdgeneration le Bar,Chips,4.37,Aisle 4 - Bin 7
2890,De-engineered bifurcated proje Bar,Soda,4.21,Aisle 2 - Bin 9
9863,Distributed 24hour superstruct Bottle,Candy,2.87,Aisle 3 - Bin 2
259,Extended dynamic firmware Bottle,Water,3.8,Aisle 4 - Bin 7
7695,Sharable user-facing toolset Bar,Chips,3.15,Aisle 5 - Bin 9
5636,Synergistic user-facing system Bar,Energy Drinks,3.32,Aisle 2 - Bin 9
6543,Advanced context-sensitive str Bottle,Water,1.95,Aisle 5 - Bin 9
9736,Customizable fault-tolerant in Box,Juice,3.55,Aisle 2 - Bin 6
7015,Multi-lateral even-keeled proc Bottle,Snack,2.77,Aisle 1 - Bin 9
2414,Synergistic fresh-thinking pro Bar,Beverage,4.94,Aisle 5 - Bin 3
6780,Stand-alone systemic product Bar,Juice,3.32,Aisle 1 - Bin 1
2931,Open-architected executive cap Box,Candy,0.58,Aisle 5 - Bin 3
2188,Quality-focused high-level hie Box,Juice,3.79,Aisle 5 - Bin 3
7740,Multi-tiered non-volatile migr Bar,Health Food,2.95,Aisle 1 - Bin 1
7221,User-friendly neutral instruct Bottle,Snack,3.22,Aisle 4 - Bin 2
8524,Profit-focused cohesive archiv Can,Candy,1.12,Aisle 5 - Bin 9
4158,Persevering multi-state Graphi Can,Soda,0.81,Aisle 2 - Bin 1
9765,Universal even-keeled implemen Box,Cookies,4.09,Aisle 4 - Bin 8
540,Function-based logistical cont Pack,Chips,4.53,Aisle 4 - Bin 4
6209,Synergized global task-force Can,Health Food,2.86,Aisle 1 - Bin 9
5475,Streamlined bifurcated forecas Bottle,Water,3.14,Aisle 4 - Bin 7
3315,Configurable human-resource ti Box,Beverage,2.54,Aisle 5 - Bin 6
5321,Business-focused fresh-thinkin Can,Health Food,0.58,Aisle 4 - Bin 7
5973,Diverse multimedia firmware Bar,Juice,4.88,Aisle 5 - Bin 3
4742,Integrated uniform orchestrati Bar,Soda,4.7,Aisle 4 - Bin 4
6612,Progressive explicit system en Box,Soda,0.59,Aisle 1 - Bin 1
1176,Customer-focused 4thgeneration Pack,Juice,4.3,Aisle 5 - Bin 3
376,Upgradable fault-tolerant supp Pack,Snack,2.77,Aisle 5 - Bin 9
8527,Re-contextualized value-added  Bar,Energy Drinks,3.8,Aisle 2 - Bin 2
615,Quality-focused secondary stra Bottle,Health Food,3.27,Aisle 2 - Bin 9
2713,Down-sized client-driven task- Bottle,Cookies,1.48,Aisle 5 - Bin 3
8104,De-engineered clear-thinking p Pack,Water,2.35,Aisle 5 - Bin 3
6600,Focused methodical orchestrati Box,Water,1.48,Aisle 3 - Bin 5
3300,Mandatory system-worthy task-f Can,Soda,4.48,Aisle 2 - Bin 9
5364,User-friendly global Graphic I Bottle,Water,4.98,Aisle 2 - Bin 1
4124,Ergonomic neutral structure Box,Candy,3.23,Aisle 2 - Bin 6
2473,Configurable asymmetric budget Bottle,Cookies,1.58,Aisle 2 - Bin 1
8023,Business-focused client-server Box,Juice,4.06,Aisle 4 - Bin 7
9420,Distributed heuristic definiti Bottle,Snack,4.03,Aisle 4 - Bin 2
1071,Persevering regional monitorin Pack,Juice,4.48,Aisle 3 - Bin 5
9277,Open-source coherent software Pack,Beverage,3.83,Aisle 1 - Bin 9
4769,Programmable stable system eng Pack,Beverage,2.48,Aisle 2 - Bin 7
3925,Innovative zero tolerance syne Bar,Cookies,1.78,Aisle 2 - Bin 7
7352,Programmable human-resource ar Bar,Energy Drinks,1.0,Aisle 3 - Bin 4
9676,Monitored mission-critical sup Bar,Energy Drinks,4.38,Aisle 1 - Bin 9
8655,Multi-channeled cohesive proje Can,Energy Drinks,2.35,Aisle 4 - Bin 7
4454,Persistent actuating framework Box,Soda,2.4,Aisle 1 - Bin 9
3235,Customer-focused grid-enabled  Box,Snack,3.32,Aisle 3 - Bin 2
8455,Digitized logistical website Pack,Water,2.47,Aisle 2 - Bin 2
959,Intuitive intermediate migrati Can,Beverage,4.46,Aisle 5 - Bin 3
3740,De-engineered bi-directional c Box,Energy Drinks,1.25,Aisle 5 - Bin 9
3079,Triple-buffered next generatio Bottle,Soda,4.17,Aisle 3 - Bin 4
5924,Mandatory dedicated protocol Bar,Snack,0.74,Aisle 2 - Bin 6
1033,Multi-tiered fault-tolerant ad Box,Energy Drinks,4.27,Aisle 1 - Bin 10
4461,Customizable user-facing Inter Box,Soda,3.25,Aisle 2 - Bin 7
9539,Persistent contextually-based  Bar,Juice,3.92,Aisle 5 - Bin 9
2724,Cloned full-range workforce Bar,Beverage,4.98,Aisle 3 - Bin 5
6749,Vision-oriented intangible str Bar,Health Food,4.49,Aisle 1 - Bin 9
4919,Multi-layered well-modulated s Bottle,Cookies,3.89,Aisle 3 - Bin 2
772,Exclusive cohesive hardware Can,Chips,2.75,Aisle 2 - Bin 9
107,Innovative encompassing servic Box,Snack,2.35,Aisle 1 - Bin 1
6292,Customizable leadingedge core Bottle,Candy,3.57,Aisle 5 - Bin 9
7767,Universal background database Box,Juice,1.03,Aisle 2 - Bin 2
3840,Monitored background system en Pack,Water,2.69,Aisle 2 - Bin 7
4086,Optional context-sensitive hel Pack,Cookies,4.25,Aisle 5 - Bin 3
6116,Secured background website Bar,Cookies,3.5,Aisle 5 - Bin 9
3255,Balanced national throughput Bottle,Cookies,0.72,Aisle 5 - Bin 9
6851,Streamlined executive structur Can,Soda,2.03,Aisle 2 - Bin 2
8176,Managed eco-centric middleware Can,Candy,2.02,Aisle 1 - Bin 1
8897,Persevering tertiary concept Bottle,Soda,2.55,Aisle 5 - Bin 9
5505,Mandatory 3rdgeneration time-f Pack,Health Food,3.51,Aisle 2 - Bin 2
3994,Stand-alone dynamic intranet Bar,Health Food,2.3,Aisle 4 - Bin 2
9371,Reverse-engineered attitude-or Bar,Beverage,4.01,Aisle 5 - Bin 9
4915,Distributed incremental functi Bar,Cookies,0.9,Aisle 4 - Bin 4
4381,Optional attitude-oriented ins Bar,Beverage,3.16,Aisle 1 - Bin 10
2335,Reactive radical process impro Box,Chips,1.55,Aisle 5 - Bin 9
5641,Realigned bandwidth-monitored  Can,Snack,2.47,Aisle 5 - Bin 9
755,Universal motivating attitude Box,Snack,1.74,Aisle 3 - Bin 4
6218,Monitored multimedia service-d Bottle,Chips,3.73,Aisle 4 - Bin 8
4428,Future-proofed asynchronous ci Can,Juice,2.53,Aisle 3 - Bin 4
285,Seamless next generation encod Bar,Chips,2.39,Aisle 5 - Bin 6
4870,Intuitive static extranet Bar,Health Food,1.53,Aisle 5 - Bin 3
9771,Universal leadingedge installa Box,Chips,4.78,Aisle 3 - Bin 2
386,Synergized optimizing core Bottle,Soda,0.57,Aisle 2 - Bin 2
1355,Organized upward-trending pric Bar,Energy Drinks,4.66,Aisle 5 - Bin 9
5630,Stand-alone zero-defect interf Can,Cookies,4.06,Aisle 4 - Bin 7
377,Inverse content-based concept Can,Soda,4.98,Aisle 5 - Bin 9
1399,Right-sized mission-critical m Box,Health Food,2.66,Aisle 2 - Bin 7
6004,Phased systemic pricing struct Box,Candy,1.12,Aisle 1 - Bin 1
7704,Customer-focused eco-centric s Bottle,Candy,2.1,Aisle 2 - Bin 9
3873,User-centric background flexib Can,Juice,1.13,Aisle 5 - Bin 6
793,Focused systemic service-desk Can,Water,0.52,Aisle 4 - Bin 4
9362,Focused motivating approach Can,Candy,4.28,Aisle 5 - Bin 3
4231,Reduced modular middleware Pack,Juice,3.33,Aisle 2 - Bin 6
5746,Triple-buffered fresh-thinking Box,Beverage,2.49,Aisle 2 - Bin 7
7698,Up-sized well-modulated protoc Box,Snack,4.41,Aisle 5 - Bin 3
733,Horizontal eco-centric instruc Bottle,Health Food,1.57,Aisle 1 - Bin 10
4957,Innovative human-resource fram Bar,Candy,4.71,Aisle 3 - Bin 5
7302,Enhanced local core Pack,Health Food,1.41,Aisle 5 - Bin 9
1813,De-engineered web-enabled core Bar,Chips,2.73,Aisle 1 - Bin 1
2100,Enterprise-wide non-volatile t Can,Soda,4.33,Aisle 3 - Bin 2
7450,Stand-alone composite instruct Can,Snack,3.13,Aisle 2 - Bin 1
2780,Right-sized multimedia task-fo Box,Candy,4.15,Aisle 5 - Bin 3
4072,Multi-channeled logistical tas Bar,Health Food,4.9,Aisle 2 - Bin 9
6621,Synchronized local task-force Can,Health Food,2.85,Aisle 3 - Bin 4
2744,Vision-oriented motivating met Bottle,Snack,3.12,Aisle 5 - Bin 6
5267,Managed asymmetric functionali Box,Snack,2.02,Aisle 4 - Bin 2
5756,Multi-channeled full-range Gra Pack,Soda,3.57,Aisle 3 - Bin 4
2195,Function-based systemic adapte Pack,Soda,2.53,Aisle 1 - Bin 10
6326,Horizontal bi-directional help Can,Cookies,4.68,Aisle 3 - Bin 5
8733,Vision-oriented content-based  Box,Soda,3.68,Aisle 5 - Bin 6
3427,Phased full-range throughput Pack,Energy Drinks,4.19,Aisle 4 - Bin 8
422,Team-oriented exuding access Can,Juice,0.63,Aisle 1 - Bin 9
6695,Open-source didactic policy Can,Beverage,2.82,Aisle 1 - Bin 9
861,Robust full-range flexibility Can,Beverage,1.41,Aisle 4 - Bin 2
7347,Mandatory mission-critical wor Pack,Health Food,2.9,Aisle 4 - Bin 2
3049,Total 5thgeneration knowledge  Box,Beverage,3.28,Aisle 3 - Bin 2
7634,Realigned multi-tasking throug Bottle,Snack,4.93,Aisle 4 - Bin 8
9242,Multi-layered national product Pack,Chips,4.75,Aisle 5 - Bin 3
9749,Managed actuating process impr Pack,Juice,0.99,Aisle 5 - Bin 9
3297,Ergonomic scalable Local Area  Box,Health Food,4.6,Aisle 5 - Bin 3
851,Centralized static neural-net Bar,Soda,4.0,Aisle 3 - Bin 4
8380,Persistent mission-critical ad Can,Soda,2.29,Aisle 2 - Bin 1
5718,Organic value-added concept Box,Energy Drinks,1.45,Aisle 1 - Bin 10
2294,Enterprise-wide regional extra Can,Health Food,2.39,Aisle 5 - Bin 9
521,Up-sized eco-centric website Bottle,Water,1.96,Aisle 4 - Bin 4
5430,Reduced background parallelism Bar,Juice,1.29,Aisle 5 - Bin 9
3878,Managed full-range alliance Bottle,Health Food,4.94,Aisle 2 - Bin 6
8282,Intuitive exuding challenge Bar,Energy Drinks,1.23,Aisle 2 - Bin 9
1229,Reduced even-keeled throughput Can,Cookies,2.22,Aisle 2 - Bin 2
4734,Profound analyzing open system Box,Health Food,4.65,Aisle 4 - Bin 8
1012,Configurable mission-critical  Bar,Soda,0.95,Aisle 5 - Bin 9
8483,Streamlined exuding hub Bottle,Soda,3.15,Aisle 4 - Bin 8
4638,Managed context-sensitive func Bottle,Soda,3.41,Aisle 2 - Bin 6
4318,Customer-focused systematic se Bar,Water,2.41,Aisle 3 - Bin 2
2705,Virtual background customer lo Bar,Water,4.18,Aisle 4 - Bin 4
9118,Object-based 5thgeneration pro Bar,Juice,2.06,Aisle 4 - Bin 2
7170,Polarized regional synergy Bar,Snack,4.62,Aisle 4 - Bin 7
7603,Implemented analyzing budgetar Bar,Water,4.95,Aisle 5 - Bin 6
9160,Optional intangible parallelis Bottle,Juice,0.68,Aisle 3 - Bin 4
5943,Cloned disintermediate databas Box,Beverage,1.91,Aisle 5 - Bin 3
9322,Optional solution-oriented alg Bottle,Water,1.33,Aisle 5 - Bin 3
3053,Cross-platform multi-tasking p Pack,Beverage,2.1,Aisle 4 - Bin 8
1636,Multi-channeled multimedia emu Bottle,Juice,4.36,Aisle 5 - Bin 9
3767,Public-key neutral knowledge u Bottle,Health Food,1.18,Aisle 4 - Bin 7
4741,Ameliorated stable Graphical U Bar,Candy,4.82,Aisle 3 - Bin 5
9218,Progressive foreground instruc Box,Beverage,3.16,Aisle 2 - Bin 1
5793,Focused methodical artificial  Pack,Snack,0.93,Aisle 3 - Bin 2
9481,Object-based analyzing product Pack,Soda,0.96,Aisle 3 - Bin 2
7681,Multi-lateral scalable success Pack,Health Food,0.6,Aisle 5 - Bin 3
1648,Centralized 3rdgeneration firm Bottle,Cookies,0.98,Aisle 1 - Bin 1
5149,Advanced impactful firmware Bar,Cookies,0.83,Aisle 4 - Bin 8
5161,Seamless modular model Box,Chips,4.03,Aisle 4 - Bin 8
2097,Exclusive multimedia challenge Bottle,Candy,1.93,Aisle 1 - Bin 10
783,Down-sized contextually-based  Can,Soda,1.53,Aisle 5 - Bin 6
5608,Fundamental responsive website Bottle,Cookies,3.83,Aisle 5 - Bin 9
7420,Team-oriented 6thgeneration pa Bottle,Chips,3.27,Aisle 1 - Bin 1
5898,Synchronized heuristic archive Can,Health Food,1.22,Aisle 2 - Bin 2
6414,Synergized actuating product Bar,Chips,1.15,Aisle 2 - Bin 9
7415,Centralized interactive model Box,Water,0.9,Aisle 5 - Bin 9
8637,Fully-configurable static abil Box,Water,1.88,Aisle 2 - Bin 2
3600,Optimized needs-based concept Bar,Beverage,4.79,Aisle 5 - Bin 3
2774,Virtual clear-thinking moderat Can,Soda,0.6,Aisle 2 - Bin 2
3779,Up-sized logistical encryption Box,Beverage,0.68,Aisle 2 - Bin 9
393,Vision-oriented coherent lever Can,Soda,2.18,Aisle 2 - Bin 6
524,Monitored systematic access Bottle,Energy Drinks,2.68,Aisle 5 - Bin 6
2860,Virtual methodical emulation Bar,Juice,4.88,Aisle 2 - Bin 9
1827,Fully-configurable foreground  Box,Energy Drinks,3.11,Aisle 5 - Bin 6
818,Balanced explicit emulation Bar,Snack,0.62,Aisle 4 - Bin 7
514,Down-sized heuristic leverage Bar,Water,2.17,Aisle 2 - Bin 2
7538,Secured maximized ability Bottle,Soda,4.18,Aisle 5 - Bin 9
507,Realigned didactic parallelism Pack,Energy Drinks,4.31,Aisle 1 - Bin 9
8156,Right-sized cohesive productiv Pack,Water,1.98,Aisle 4 - Bin 4
6263,Team-oriented fault-tolerant i Bar,Health Food,4.12,Aisle 2 - Bin 9
1292,Operative mission-critical mid Bottle,Snack,1.09,Aisle 3 - Bin 2
1644,Centralized even-keeled proces Box,Chips,1.28,Aisle 1 - Bin 1
1228,Balanced zero-defect hub Box,Energy Drinks,4.33,Aisle 2 - Bin 6
7801,User-friendly motivating data- Pack,Health Food,1.67,Aisle 4 - Bin 8
4314,Centralized well-modulated tim Pack,Candy,1.94,Aisle 5 - Bin 9
5765,Integrated 3rdgeneration Graph Box,Water,3.58,Aisle 2 - Bin 1
6135,Intuitive eco-centric task-for Bottle,Candy,3.11,Aisle 5 - Bin 9
694,Right-sized grid-enabled Graph Box,Snack,1.07,Aisle 5 - Bin 3
4141,Enterprise-wide static process Can,Juice,1.45,Aisle 5 - Bin 9
7758,Universal radical hierarchy Bottle,Soda,0.59,Aisle 5 - Bin 3
7375,Operative optimal synergy Can,Energy Drinks,1.26,Aisle 3 - Bin 5
6133,Front-line context-sensitive n Bottle,Juice,2.21,Aisle 1 - Bin 1
4127,Customizable 6thgeneration por Can,Beverage,4.19,Aisle 1 - Bin 1
1194,Quality-focused systematic bud Bottle,Juice,3.19,Aisle 5 - Bin 3
2054,Secured directional attitude Pack,Water,2.92,Aisle 2 - Bin 7
2109,Re-contextualized context-sens Bar,Water,1.18,Aisle 5 - Bin 9
7167,Realigned global help-desk Can,Juice,2.6,Aisle 4 - Bin 2
3814,Assimilated asymmetric approac Bottle,Chips,3.07,Aisle 5 - Bin 3
8030,Customizable 5thgeneration mat Bottle,Snack,1.67,Aisle 5 - Bin 9
9916,Decentralized high-level data- Bar,Snack,3.53,Aisle 2 - Bin 6
1085,Up-sized secondary hub Bottle,Cookies,2.21,Aisle 3 - Bin 2
3538,Intuitive object-oriented serv Bar,Chips,1.26,Aisle 4 - Bin 7
2042,Cloned zero tolerance projecti Can,Juice,0.6,Aisle 5 - Bin 9
2119,Optional mobile encoding Bottle,Juice,2.54,Aisle 5 - Bin 9
8708,Extended logistical applicatio Bottle,Snack,1.5,Aisle 5 - Bin 9
1887,Cloned systemic support Bottle,Candy,1.07,Aisle 5 - Bin 9
9433,Multi-channeled content-based  Bottle,Cookies,3.38,Aisle 2 - Bin 6
9010,Right-sized system-worthy circ Pack,Snack,2.65,Aisle 4 - Bin 7
3691,User-centric upward-trending f Bar,Cookies,3.79,Aisle 3 - Bin 4
3673,Optimized attitude-oriented Gr Bottle,Chips,3.86,Aisle 4 - Bin 8
553,Programmable disintermediate f Bar,Cookies,0.75,Aisle 4 - Bin 2
8186,Decentralized attitude-oriente Can,Health Food,2.24,Aisle 1 - Bin 9
6913,Operative holistic projection Box,Cookies,3.87,Aisle 4 - Bin 2
1925,Profit-focused incremental kno Box,Energy Drinks,3.98,Aisle 2 - Bin 1
5316,Extended contextually-based ex Bar,Chips,3.0,Aisle 2 - Bin 9
2973,Versatile neutral middleware Bottle,Health Food,0.53,Aisle 4 - Bin 8
485,Enhanced stable groupware Box,Health Food,2.87,Aisle 4 - Bin 2
1957,Implemented dedicated emulatio Can,Chips,2.88,Aisle 2 - Bin 6
8241,Cross-platform uniform infrast Bottle,Soda,2.23,Aisle 2 - Bin 1
6986,Programmable homogeneous funct Box,Water,2.85,Aisle 4 - Bin 8
2384,Managed optimal array Bottle,Cookies,1.55,Aisle 1 - Bin 10
5491,Future-proofed logistical Grap Pack,Cookies,4.75,Aisle 4 - Bin 2
873,Digitized explicit encoding Can,Juice,2.4,Aisle 5 - Bin 9
999,Innovative executive website Box,Snack,0.71,Aisle 2 - Bin 6
7051,Re-engineered hybrid toolset Bar,Energy Drinks,4.11,Aisle 2 - Bin 7
99,Fundamental empowering product Bar,Candy,4.06,Aisle 2 - Bin 7
9976,Secured well-modulated conglom Bar,Beverage,0.9,Aisle 1 - Bin 9
1432,Persevering asynchronous Graph Box,Water,3.83,Aisle 3 - Bin 5
1329,Balanced zero tolerance encodi Bar,Candy,2.26,Aisle 1 - Bin 10
4672,Implemented tertiary moderator Box,Candy,2.02,Aisle 4 - Bin 7
1359,Networked disintermediate tool Pack,Candy,2.82,Aisle 3 - Bin 5
4050,Triple-buffered regional custo Pack,Health Food,2.72,Aisle 5 - Bin 9
275,Right-sized explicit access Can,Soda,0.78,Aisle 1 - Bin 1
9718,Quality-focused multimedia gro Pack,Chips,2.8,Aisle 1 - Bin 9
3917,Centralized tangible concept Bar,Water,2.4,Aisle 5 - Bin 6
2490,Multi-lateral upward-trending  Can,Snack,3.54,Aisle 1 - Bin 9
9583,Innovative 6thgeneration firmw Bottle,Beverage,2.42,Aisle 5 - Bin 6
9806,Future-proofed mobile utilizat Box,Soda,2.2,Aisle 5 - Bin 3
249,Operative transitional functio Bar,Beverage,0.94,Aisle 5 - Bin 9
212,Multi-layered optimizing firmw Pack,Chips,4.41,Aisle 1 - Bin 10
9912,Cloned actuating paradigm Bottle,Cookies,4.81,Aisle 5 - Bin 9
7706,Polarized encompassing time-fr Pack,Soda,4.81,Aisle 1 - Bin 1
1249,Diverse scalable conglomeratio Box,Snack,0.83,Aisle 2 - Bin 6
469,Self-enabling mobile complexit Pack,Energy Drinks,2.47,Aisle 5 - Bin 6
176,Reactive optimizing software Bottle,Health Food,0.99,Aisle 1 - Bin 9
171,Decentralized needs-based mora Bottle,Water,2.03,Aisle 2 - Bin 7
9473,Enterprise-wide needs-based co Bar,Candy,1.77,Aisle 5 - Bin 6
2929,De-engineered zero-defect comp Pack,Chips,2.32,Aisle 3 - Bin 4
610,Front-line next generation str Pack,Beverage,4.19,Aisle 5 - Bin 9
1125,Re-contextualized logistical m Can,Cookies,3.51,Aisle 3 - Bin 2
8821,Upgradable heuristic emulation Bar,Energy Drinks,4.05,Aisle 5 - Bin 3
2856,Re-engineered demand-driven su Can,Juice,4.18,Aisle 3 - Bin 4
1762,Up-sized non-volatile project Bottle,Candy,2.39,Aisle 2 - Bin 6
5750,Ergonomic heuristic success Bottle,Water,4.55,Aisle 4 - Bin 8
4675,Total upward-trending parallel Box,Beverage,4.83,Aisle 5 - Bin 3
1055,Profit-focused optimal Interne Can,Soda,4.52,Aisle 3 - Bin 4
2174,Function-based interactive str Pack,Beverage,1.47,Aisle 2 - Bin 7
701,Enhanced methodical firmware Pack,Health Food,3.46,Aisle 2 - Bin 2
1962,Advanced multimedia capability Can,Beverage,3.2,Aisle 4 - Bin 4
4547,Synchronized empowering soluti Bar,Water,2.66,Aisle 3 - Bin 4
3931,Down-sized client-driven core Bottle,Soda,4.3,Aisle 2 - Bin 7
3702,Seamless logistical software Pack,Chips,4.81,Aisle 4 - Bin 2
3142,Expanded executive approach Can,Soda,2.36,Aisle 2 - Bin 9
5375,User-friendly mobile architect Pack,Energy Drinks,3.21,Aisle 4 - Bin 4
5905,Seamless content-based morator Box,Soda,3.81,Aisle 3 - Bin 5
3463,Intuitive web-enabled monitori Bar,Energy Drinks,2.72,Aisle 5 - Bin 9
7381,Ameliorated even-keeled strate Bar,Juice,3.89,Aisle 2 - Bin 2
1368,Integrated zero administration Box,Candy,1.6,Aisle 2 - Bin 7
902,Realigned object-oriented impl Bar,Chips,2.12,Aisle 5 - Bin 3
460,Ergonomic eco-centric open sys Bar,Energy Drinks,0.53,Aisle 2 - Bin 6
9546,Ameliorated cohesive moratoriu Bar,Snack,3.28,Aisle 1 - Bin 9
6053,Innovative multi-state databas Bottle,Chips,4.46,Aisle 4 - Bin 8
8444,Expanded intermediate model Bottle,Chips,0.93,Aisle 4 - Bin 8
795,Customer-focused zero toleranc Pack,Cookies,3.86,Aisle 5 - Bin 9
1290,Focused interactive emulation Can,Soda,2.2,Aisle 2 - Bin 1
1581,Horizontal secondary time-fram Bar,Snack,2.28,Aisle 1 - Bin 9
6971,Sharable impactful workforce Can,Water,2.84,Aisle 5 - Bin 3
4812,Down-sized well-modulated fore Pack,Soda,1.28,Aisle 3 - Bin 2
7657,Assimilated national frame Pack,Beverage,4.13,Aisle 1 - Bin 1
291,Reduced encompassing adapter Bottle,Cookies,1.67,Aisle 4 - Bin 8
7981,Profit-focused high-level Grap Can,Health Food,0.99,Aisle 5 - Bin 9
5443,Fundamental radical focus grou Can,Beverage,2.82,Aisle 3 - Bin 5
9307,Cross-platform secondary proje Bar,Water,2.93,Aisle 4 - Bin 7
5568,Devolved dynamic function Can,Health Food,2.6,Aisle 2 - Bin 9
2903,User-centric optimizing neural Bottle,Energy Drinks,4.28,Aisle 2 - Bin 9
64,Public-key cohesive algorithm Can,Juice,0.6,Aisle 2 - Bin 6
6750,User-friendly homogeneous task Pack,Beverage,2.79,Aisle 1 - Bin 1
4258,Digitized intermediate install Can,Soda,4.89,Aisle 5 - Bin 9
8639,Integrated transitional artifi Bottle,Health Food,2.0,Aisle 2 - Bin 6
4464,User-friendly composite knowle Box,Candy,2.23,Aisle 1 - Bin 9
5225,Intuitive object-oriented arch Pack,Energy Drinks,2.33,Aisle 2 - Bin 9
1956,De-engineered secondary benchm Bottle,Beverage,3.31,Aisle 4 - Bin 2
5484,Multi-channeled solution-orien Bottle,Health Food,4.68,Aisle 4 - Bin 7
3924,Synchronized next generation a Box,Water,4.11,Aisle 1 - Bin 1
5068,Enhanced transitional pricing  Box,Health Food,4.55,Aisle 5 - Bin 9
476,Intuitive zero administration  Bottle,Water,3.14,Aisle 4 - Bin 2
6799,User-friendly encompassing lev Can,Snack,4.69,Aisle 4 - Bin 7
9896,Integrated discrete Graphic In Pack,Chips,0.95,Aisle 1 - Bin 1
5946,Self-enabling composite circui Bar,Soda,1.3,Aisle 5 - Bin 6
6690,Versatile attitude-oriented mo Box,Chips,1.88,Aisle 2 - Bin 6
6589,Focused zero-defect Local Area Pack,Candy,3.67,Aisle 1 - Bin 1
9171,Cross-platform stable ability Pack,Juice,1.08,Aisle 3 - Bin 2
2359,Phased motivating budgetary ma Box,Cookies,3.36,Aisle 3 - Bin 2
708,Robust foreground capacity Can,Health Food,2.95,Aisle 5 - Bin 9
3926,Enhanced incremental applicati Bottle,Cookies,2.32,Aisle 3 - Bin 2
3675,Customizable high-level implem Pack,Snack,4.76,Aisle 5 - Bin 6
3323,Synergized maximized productiv Pack,Chips,2.65,Aisle 4 - Bin 2
4197,De-engineered multi-state supp Bar,Cookies,3.97,Aisle 5 - Bin 9
3150,Integrated mission-critical fr Bar,Beverage,4.04,Aisle 4 - Bin 7
3196,Reduced non-volatile portal Bar,Health Food,1.62,Aisle 3 - Bin 4
3876,Extended attitude-oriented emu Bar,Water,4.4,Aisle 4 - Bin 7
1363,Innovative non-volatile soluti Bottle,Energy Drinks,4.51,Aisle 2 - Bin 2
9483,Multi-channeled full-range pol Bar,Water,3.87,Aisle 5 - Bin 9
6354,Face-to-face fresh-thinking ar Bottle,Energy Drinks,2.21,Aisle 2 - Bin 2
8614,Stand-alone motivating secured Bar,Soda,4.27,Aisle 2 - Bin 1
1605,Vision-oriented content-based  Can,Juice,2.9,Aisle 4 - Bin 8
4405,Quality-focused stable applica Bar,Snack,0.78,Aisle 1 - Bin 9
4483,Vision-oriented foreground abi Box,Candy,4.25,Aisle 4 - Bin 7
5603,Business-focused clear-thinkin Bar,Beverage,1.34,Aisle 1 - Bin 9
3528,Expanded demand-driven morator Pack,Health Food,1.04,Aisle 4 - Bin 4
5846,Decentralized client-server gr Pack,Cookies,1.99,Aisle 3 - Bin 5
188,Expanded national capability Bottle,Soda,2.69,Aisle 4 - Bin 4
887,Configurable multi-tasking sup Can,Health Food,3.73,Aisle 4 - Bin 7
1932,Upgradable real-time help-desk Bottle,Candy,1.11,Aisle 1 - Bin 10
4762,Digitized grid-enabled extrane Bottle,Beverage,1.64,Aisle 2 - Bin 6
5175,Team-oriented maximized help-d Bottle,Chips,2.86,Aisle 3 - Bin 5
6401,Re-contextualized real-time me Can,Energy Drinks,1.17,Aisle 1 - Bin 9
7012,Quality-focused foreground imp Box,Water,2.89,Aisle 2 - Bin 1
6425,Right-sized solution-oriented  Can,Candy,0.89,Aisle 1 - Bin 10
5048,Digitized bi-directional algor Bar,Water,4.88,Aisle 2 - Bin 7
2625,Secured intangible policy Bar,Beverage,1.4,Aisle 1 - Bin 1
741,Realigned object-oriented inst Bottle,Beverage,0.96,Aisle 4 - Bin 4
9377,Right-sized background applica Bottle,Chips,3.65,Aisle 2 - Bin 1
7939,Reactive full-range product Box,Snack,4.73,Aisle 5 - Bin 3
4956,Reduced dedicated customer loy Bottle,Chips,0.96,Aisle 5 - Bin 3
1973,Decentralized composite capaci Pack,Juice,4.1,Aisle 5 - Bin 9
2213,Synergized fresh-thinking serv Bar,Energy Drinks,2.78,Aisle 2 - Bin 6
9262,Optional optimal functionaliti Bottle,Soda,2.11,Aisle 5 - Bin 6
8151,Customer-focused incremental s Can,Cookies,1.8,Aisle 1 - Bin 9
622,Ameliorated 4thgeneration comp Can,Energy Drinks,4.9,Aisle 2 - Bin 1
7199,Progressive uniform artificial Bottle,Water,0.77,Aisle 3 - Bin 2
8417,Upgradable scalable approach Pack,Soda,2.69,Aisle 1 - Bin 9
8899,Persistent exuding product Box,Energy Drinks,4.78,Aisle 1 - Bin 9
4768,Distributed 4thgeneration moni Bottle,Soda,1.8,Aisle 2 - Bin 1
2466,Exclusive 3rdgeneration morato Can,Snack,0.8,Aisle 1 - Bin 10
7137,Progressive modular benchmark Bottle,Snack,3.37,Aisle 4 - Bin 7
8298,Pre-emptive interactive websit Can,Beverage,2.31,Aisle 2 - Bin 2
9541,Digitized motivating encryptio Bottle,Health Food,2.83,Aisle 5 - Bin 9
3506,Digitized content-based data-w Bottle,Candy,0.7,Aisle 1 - Bin 10
2267,Diverse bottom-line migration Pack,Water,2.25,Aisle 3 - Bin 4
2064,Re-engineered scalable custome Can,Snack,2.47,Aisle 1 - Bin 9
6256,Down-sized mobile info-mediari Bottle,Water,4.48,Aisle 5 - Bin 9
5823,Synergistic modular middleware Pack,Soda,4.75,Aisle 1 - Bin 9
6927,Optimized solution-oriented im Box,Soda,3.33,Aisle 2 - Bin 2
2542,Open-source well-modulated arc Bar,Beverage,1.82,Aisle 4 - Bin 4
9257,Synergistic national toolset Pack,Chips,0.75,Aisle 2 - Bin 1
213,Synergized regional middleware Bottle,Cookies,3.54,Aisle 5 - Bin 3
9936,Decentralized 5thgeneration or Box,Cookies,2.82,Aisle 1 - Bin 10
3678,Horizontal national policy Pack,Water,0.85,Aisle 4 - Bin 2
1327,Balanced contextually-based su Can,Chips,3.64,Aisle 2 - Bin 6
5020,Operative multi-state throughp Bottle,Candy,0.56,Aisle 2 - Bin 2
5711,Open-architected analyzing uti Bottle,Cookies,4.12,Aisle 3 - Bin 2
3568,Fully-configurable bi-directio Pack,Juice,1.87,Aisle 2 - Bin 7
2117,Re-contextualized background t Bottle,Juice,0.64,Aisle 2 - Bin 9
8597,Reverse-engineered motivating  Can,Candy,2.44,Aisle 2 - Bin 9
3654,Customizable holistic middlewa Can,Health Food,0.86,Aisle 5 - Bin 3
6811,Configurable neutral workforce Bottle,Snack,0.92,Aisle 2 - Bin 7
4834,Quality-focused systemic matri Bottle,Snack,4.65,Aisle 5 - Bin 9
9524,Function-based grid-enabled co Pack,Energy Drinks,4.03,Aisle 2 - Bin 1
5349,Diverse maximized info-mediari Box,Cookies,2.52,Aisle 2 - Bin 9
1541,Programmable motivating defini Bar,Juice,3.25,Aisle 4 - Bin 7
279,Ameliorated 24/7 neural-net Pack,Chips,3.96,Aisle 3 - Bin 2
5119,Digitized explicit parallelism Pack,Juice,4.33,Aisle 3 - Bin 5
2969,Cloned zero tolerance strategy Bottle,Water,4.75,Aisle 5 - Bin 9
8373,Persistent national Graphic In Bottle,Water,3.59,Aisle 4 - Bin 8
5348,Expanded mobile encoding Bar,Cookies,0.89,Aisle 4 - Bin 4
2163,Front-line interactive monitor Bar,Water,3.43,Aisle 5 - Bin 3
1017,Multi-tiered 3rdgeneration ana Bottle,Cookies,3.14,Aisle 4 - Bin 8
5839,Synergistic background hardwar Pack,Beverage,3.7,Aisle 5 - Bin 9
9023,Enterprise-wide intermediate g Can,Candy,3.42,Aisle 2 - Bin 1
6765,Re-engineered dedicated orches Bottle,Chips,1.99,Aisle 4 - Bin 7
6361,Triple-buffered value-added pr Bar,Beverage,3.7,Aisle 5 - Bin 3
3491,Exclusive actuating core Can,Candy,1.95,Aisle 2 - Bin 7
2489,Virtual leadingedge workforce Bar,Energy Drinks,2.6,Aisle 5 - Bin 9
7515,Digitized zero tolerance open  Box,Water,1.53,Aisle 2 - Bin 2
1477,User-friendly system-worthy Lo Can,Soda,0.52,Aisle 1 - Bin 9
2196,Open-architected directional f Box,Energy Drinks,4.73,Aisle 3 - Bin 4
8257,Vision-oriented grid-enabled e Bar,Water,4.81,Aisle 4 - Bin 2
6867,Visionary maximized circuit Bottle,Soda,2.8,Aisle 2 - Bin 9
1102,Triple-buffered hybrid allianc Bar,Soda,3.69,Aisle 2 - Bin 7
2463,Seamless dynamic projection Bottle,Beverage,4.87,Aisle 5 - Bin 9
7101,Grass-roots incremental migrat Pack,Candy,1.73,Aisle 3 - Bin 2
9629,Upgradable multimedia open sys Box,Juice,3.34,Aisle 1 - Bin 10
3266,Robust impactful system engine Bottle,Juice,4.88,Aisle 3 - Bin 2
4025,Realigned homogeneous adapter Box,Energy Drinks,2.06,Aisle 4 - Bin 4
9491,Vision-oriented system-worthy  Bar,Chips,2.84,Aisle 3 - Bin 4
4688,Versatile static Graphic Inter Pack,Soda,3.01,Aisle 2 - Bin 6
7794,Face-to-face 3rdgeneration arr Pack,Cookies,3.96,Aisle 3 - Bin 2
1879,Compatible responsive continge Can,Chips,2.5,Aisle 5 - Bin 3
1380,Stand-alone 5thgeneration para Bar,Snack,4.26,Aisle 5 - Bin 3
9486,Integrated exuding installatio Bottle,Health Food,1.96,Aisle 5 - Bin 9
6783,Implemented secondary Graphic  Bottle,Energy Drinks,2.72,Aisle 3 - Bin 4
4537,Multi-layered bifurcated algor Bottle,Beverage,2.59,Aisle 3 - Bin 5
5155,Mandatory real-time concept Bottle,Chips,1.01,Aisle 2 - Bin 2
980,Organic radical throughput Can,Water,4.48,Aisle 4 - Bin 8
1063,Vision-oriented interactive se Bottle,Beverage,2.89,Aisle 4 - Bin 8
1008,Up-sized modular open system Can,Beverage,2.99,Aisle 3 - Bin 2
9666,Persistent directional allianc Bar,Soda,4.94,Aisle 3 - Bin 4
3859,Proactive intangible utilizati Box,Chips,0.79,Aisle 1 - Bin 9
5620,Compatible scalable concept Bottle,Cookies,3.57,Aisle 1 - Bin 1
6120,Progressive maximized concept Bar,Health Food,1.04,Aisle 5 - Bin 9
1113,Down-sized object-oriented kno Box,Cookies,4.12,Aisle 5 - Bin 9
7143,Cloned next generation product Bottle,Beverage,3.83,Aisle 5 - Bin 6
1806,Multi-tiered 24hour help-desk Can,Soda,2.35,Aisle 5 - Bin 3
5955,Enterprise-wide 24/7 challenge Can,Soda,2.61,Aisle 2 - Bin 7
3517,Reverse-engineered cohesive po Bar,Health Food,1.44,Aisle 3 - Bin 4
1513,Proactive static leverage Pack,Juice,4.77,Aisle 5 - Bin 9
6411,Fundamental multi-state protoc Can,Soda,0.96,Aisle 2 - Bin 6
8693,Compatible bottom-line archite Pack,Energy Drinks,4.18,Aisle 2 - Bin 9
4213,Future-proofed 4thgeneration t Pack,Snack,0.98,Aisle 2 - Bin 2
691,Customer-focused tertiary soft Pack,Energy Drinks,2.04,Aisle 3 - Bin 5
2768,Mandatory global challenge Bar,Candy,1.06,Aisle 5 - Bin 3
5490,Distributed maximized software Bar,Chips,2.04,Aisle 3 - Bin 2
6677,Switchable foreground neural-n Bottle,Water,1.82,Aisle 2 - Bin 2
7353,Digitized 24hour frame Pack,Water,2.01,Aisle 2 - Bin 6
3869,Distributed intangible impleme Box,Juice,3.32,Aisle 3 - Bin 2
1145,Cross-platform demand-driven c Box,Beverage,3.25,Aisle 5 - Bin 6
5655,Distributed human-resource ins Bottle,Soda,0.68,Aisle 3 - Bin 5
370,Re-contextualized local firmwa Can,Snack,0.9,Aisle 4 - Bin 7
1773,Self-enabling intangible group Box,Soda,2.16,Aisle 1 - Bin 1
2258,Compatible user-facing hardwar Bar,Chips,2.01,Aisle 3 - Bin 5
3214,Polarized mobile matrix Bottle,Juice,3.86,Aisle 4 - Bin 4
4569,Programmable needs-based neura Box,Candy,2.63,Aisle 5 - Bin 3
6212,Integrated demand-driven paral Box,Snack,1.82,Aisle 1 - Bin 1
1768,Programmable full-range struct Pack,Health Food,2.71,Aisle 5 - Bin 9
4773,De-engineered object-oriented  Bar,Health Food,1.48,Aisle 2 - Bin 1
726,Multi-channeled grid-enabled a Can,Beverage,2.13,Aisle 1 - Bin 1
6071,Focused zero administration fo Pack,Water,3.67,Aisle 1 - Bin 10
2098,Upgradable zero administration Pack,Energy Drinks,4.13,Aisle 2 - Bin 7
7769,Down-sized scalable parallelis Can,Snack,3.56,Aisle 2 - Bin 6
860,Robust demand-driven process i Box,Beverage,1.32,Aisle 2 - Bin 7
6821,Multi-tiered scalable emulatio Bottle,Chips,0.64,Aisle 3 - Bin 2
8223,Cloned regional complexity Can,Health Food,3.27,Aisle 2 - Bin 7
8504,Configurable actuating paradig Pack,Energy Drinks,0.83,Aisle 2 - Bin 1
9544,Synergized didactic firmware Box,Health Food,1.54,Aisle 5 - Bin 9
9881,Integrated cohesive middleware Bar,Cookies,2.54,Aisle 3 - Bin 2
6459,Future-proofed demand-driven f Pack,Cookies,4.96,Aisle 2 - Bin 6
705,Cross-platform zero tolerance  Can,Cookies,3.34,Aisle 2 - Bin 2
5664,Optional homogeneous ability Bar,Water,2.32,Aisle 4 - Bin 4
3895,Profit-focused analyzing congl Pack,Snack,1.69,Aisle 3 - Bin 2
7602,Streamlined 6thgeneration prod Pack,Health Food,1.48,Aisle 2 - Bin 9
1147,Ameliorated fresh-thinking syn Bottle,Water,1.74,Aisle 3 - Bin 5
3634,Down-sized actuating task-forc Bar,Water,1.74,Aisle 4 - Bin 4
6915,Triple-buffered directional co Bottle,Water,1.07,Aisle 2 - Bin 7
7380,Enterprise-wide multimedia arr Bottle,Candy,4.64,Aisle 5 - Bin 9
5107,Pre-emptive regional leverage Box,Chips,4.38,Aisle 5 - Bin 9
7238,Multi-layered tertiary Graphic Bar,Juice,1.72,Aisle 5 - Bin 9
3880,Re-engineered high-level inter Pack,Water,4.68,Aisle 5 - Bin 6
4339,Reactive foreground capability Bar,Water,1.42,Aisle 4 - Bin 7
6428,Assimilated dedicated process  Pack,Health Food,0.59,Aisle 2 - Bin 1
3957,Multi-tiered well-modulated fo Can,Health Food,0.75,Aisle 2 - Bin 7
908,Vision-oriented demand-driven  Bottle,Health Food,0.85,Aisle 2 - Bin 9
8829,Cloned tangible toolset Bottle,Cookies,2.0,Aisle 4 - Bin 2
9024,Cross-group 3rdgeneration capa Bottle,Snack,3.67,Aisle 3 - Bin 2
7239,Right-sized homogeneous parall Bottle,Health Food,0.91,Aisle 5 - Bin 9
767,Future-proofed cohesive utiliz Box,Health Food,0.55,Aisle 1 - Bin 9
8756,Quality-focused mission-critic Can,Juice,2.6,Aisle 1 - Bin 1
5631,Object-based human-resource da Pack,Chips,1.75,Aisle 2 - Bin 7
4931,Networked 6thgeneration framew Bottle,Health Food,2.1,Aisle 2 - Bin 2
4218,Synergized client-server frame Bottle,Candy,3.49,Aisle 5 - Bin 3
9155,Quality-focused stable pricing Bottle,Water,4.46,Aisle 4 - Bin 7
8634,Progressive systematic access Box,Cookies,1.51,Aisle 5 - Bin 6
1995,Visionary client-driven functi Bottle,Cookies,4.64,Aisle 5 - Bin 3
3801,Grass-roots client-server chal Bar,Health Food,4.75,Aisle 1 - Bin 1
7060,Total logistical collaboration Box,Health Food,3.67,Aisle 5 - Bin 6
5017,Centralized contextually-based Bar,Candy,3.33,Aisle 2 - Bin 2
5241,Configurable bifurcated time-f Pack,Beverage,1.04,Aisle 5 - Bin 9
3433,Cloned optimal neural-net Box,Water,3.86,Aisle 4 - Bin 2
8428,Reactive maximized focus group Bottle,Soda,1.09,Aisle 3 - Bin 4
1820,Multi-tiered directional migra Can,Chips,0.73,Aisle 5 - Bin 9
286,Profit-focused global standard Box,Beverage,4.61,Aisle 2 - Bin 7
9657,Quality-focused local solution Box,Cookies,3.89,Aisle 2 - Bin 7
8573,Optimized contextually-based p Bar,Energy Drinks,3.53,Aisle 4 - Bin 4
1160,Persistent mobile adapter Bottle,Chips,2.84,Aisle 3 - Bin 5
2193,Centralized cohesive secured l Bottle,Juice,1.75,Aisle 2 - Bin 2
8807,Function-based national allian Pack,Chips,1.97,Aisle 4 - Bin 8
823,Managed web-enabled projection Box,Candy,3.6,Aisle 2 - Bin 7
9668,Organized modular moratorium Can,Snack,2.49,Aisle 2 - Bin 1
9561,Customizable system-worthy sec Can,Water,0.78,Aisle 5 - Bin 6
3143,Centralized executive project Bar,Water,3.56,Aisle 4 - Bin 7
2105,Cross-platform bottom-line int Bottle,Snack,1.28,Aisle 5 - Bin 6
7439,Persistent zero tolerance arch Can,Candy,1.99,Aisle 5 - Bin 6
4565,Extended coherent benchmark Bottle,Juice,2.4,Aisle 4 - Bin 4
3248,Integrated disintermediate pro Box,Beverage,3.05,Aisle 1 - Bin 10
4201,Profound homogeneous customer  Bottle,Chips,3.86,Aisle 3 - Bin 2
6343,Configurable 24/7 productivity Pack,Cookies,2.74,Aisle 5 - Bin 9
5698,Synergistic 24hour knowledge u Box,Juice,1.34,Aisle 2 - Bin 2
6009,Synchronized incremental firmw Bar,Chips,3.63,Aisle 5 - Bin 9
8933,Public-key asymmetric toolset Pack,Chips,4.65,Aisle 4 - Bin 8
6653,Configurable static help-desk Bar,Juice,2.64,Aisle 5 - Bin 9
3128,Synchronized web-enabled capab Bar,Candy,2.21,Aisle 4 - Bin 4
201,Exclusive foreground intranet Pack,Snack,2.03,Aisle 3 - Bin 4
5826,Cross-platform modular algorit Pack,Health Food,4.2,Aisle 5 - Bin 9
7983,Networked multi-tasking data-w Box,Beverage,2.65,Aisle 5 - Bin 3
6532,Public-key explicit paradigm Pack,Juice,4.91,Aisle 1 - Bin 9
9112,Implemented 6thgeneration comp Box,Juice,1.68,Aisle 2 - Bin 2
5336,Object-based disintermediate d Can,Health Food,3.82,Aisle 5 - Bin 6
9871,Polarized global flexibility Box,Juice,3.43,Aisle 1 - Bin 10
8308,Function-based directional pro Bar,Snack,0.73,Aisle 2 - Bin 2
6613,Configurable needs-based algor Can,Health Food,0.71,Aisle 2 - Bin 7
7174,Multi-tiered client-driven pro Box,Cookies,3.77,Aisle 5 - Bin 9
947,Vision-oriented zero-defect pr Bar,Energy Drinks,4.15,Aisle 1 - Bin 1
216,Virtual demand-driven hardware Can,Candy,4.38,Aisle 5 - Bin 6
6850,Streamlined exuding toolset Bottle,Soda,1.15,Aisle 4 - Bin 8
383,Switchable systematic task-for Pack,Candy,2.26,Aisle 2 - Bin 7
1679,User-friendly multimedia moder Bar,Cookies,1.73,Aisle 5 - Bin 9
7701,Exclusive coherent info-mediar Pack,Water,1.78,Aisle 1 - Bin 1
3951,Realigned 5thgeneration foreca Bar,Water,4.87,Aisle 2 - Bin 9
2575,Reactive full-range methodolog Bottle,Juice,4.5,Aisle 3 - Bin 4
9194,Digitized bi-directional conti Box,Chips,3.27,Aisle 3 - Bin 4
344,Networked global website Box,Juice,1.84,Aisle 5 - Bin 6
7688,Versatile bifurcated methodolo Pack,Health Food,1.34,Aisle 2 - Bin 9
7014,Reverse-engineered foreground  Pack,Water,1.21,Aisle 3 - Bin 2
6586,Adaptive cohesive portal Bar,Candy,3.88,Aisle 2 - Bin 9
4610,Expanded real-time productivit Bar,Energy Drinks,2.29,Aisle 2 - Bin 1
6603,Distributed tertiary synergy Pack,Beverage,1.59,Aisle 5 - Bin 3
4079,Horizontal background neural-n Bottle,Energy Drinks,1.95,Aisle 5 - Bin 3
5660,Horizontal regional approach Bottle,Cookies,0.56,Aisle 5 - Bin 3
884,Profit-focused homogeneous sup Bar,Juice,4.24,Aisle 4 - Bin 7
2710,Devolved mobile matrix Bar,Energy Drinks,1.04,Aisle 4 - Bin 2
3136,Multi-channeled demand-driven  Pack,Beverage,1.53,Aisle 5 - Bin 3
1084,Cross-platform human-resource  Can,Candy,3.09,Aisle 2 - Bin 7
9168,Cross-platform multimedia data Can,Beverage,4.01,Aisle 2 - Bin 9
7208,Sharable motivating capacity Bottle,Juice,1.54,Aisle 5 - Bin 9
6454,Re-engineered executive instru Box,Energy Drinks,1.01,Aisle 2 - Bin 6
1430,Cross-platform solution-orient Bar,Health Food,1.47,Aisle 4 - Bin 8
4478,Robust 5thgeneration encryptio Bar,Beverage,1.1,Aisle 4 - Bin 8
453,Streamlined eco-centric projec Pack,Soda,2.67,Aisle 2 - Bin 1
5192,Robust radical knowledgebase Bar,Health Food,0.64,Aisle 4 - Bin 4
5285,Realigned human-resource group Bottle,Health Food,3.45,Aisle 1 - Bin 10
801,Total multimedia data-warehous Bar,Candy,3.64,Aisle 4 - Bin 4
5635,Integrated neutral functionali Box,Energy Drinks,1.91,Aisle 2 - Bin 6
5513,Centralized dedicated access Can,Energy Drinks,4.96,Aisle 5 - Bin 9
3089,Realigned 6thgeneration projec Can,Juice,1.14,Aisle 5 - Bin 9
1621,Reverse-engineered interactive Box,Juice,4.27,Aisle 4 - Bin 4
4681,Distributed bi-directional pri Box,Candy,2.95,Aisle 4 - Bin 7
9835,Self-enabling demand-driven gr Pack,Candy,4.98,Aisle 3 - Bin 5
8454,Future-proofed encompassing pr Bottle,Candy,4.55,Aisle 3 - Bin 4
6387,Phased high-level benchmark Box,Energy Drinks,1.82,Aisle 1 - Bin 10
4658,Function-based non-volatile fo Bottle,Soda,2.23,Aisle 5 - Bin 9
6118,Streamlined non-volatile conce Bottle,Water,3.5,Aisle 3 - Bin 2
1278,Compatible non-volatile orches Bar,Water,0.64,Aisle 3 - Bin 2
2286,User-centric zero administrati Bar,Candy,4.09,Aisle 5 - Bin 6
2602,Multi-channeled composite syne Bottle,Water,1.42,Aisle 1 - Bin 9
8446,Versatile eco-centric algorith Box,Cookies,3.61,Aisle 3 - Bin 5
8036,Polarized dedicated access Pack,Cookies,1.07,Aisle 3 - Bin 4
1492,Synergized high-level attitude Box,Soda,0.54,Aisle 1 - Bin 9
1036,Optional asynchronous instruct Pack,Soda,2.7,Aisle 3 - Bin 5
3749,Profit-focused dedicated allia Bar,Energy Drinks,0.8,Aisle 4 - Bin 2
8843,Distributed non-volatile chall Can,Snack,4.36,Aisle 2 - Bin 1
9938,Synergized homogeneous open ar Bottle,Health Food,0.84,Aisle 1 - Bin 9
3013,Ameliorated mission-critical p Can,Beverage,4.98,Aisle 4 - Bin 2
6738,Face-to-face dedicated conglom Bottle,Juice,1.84,Aisle 5 - Bin 3
2694,Persistent 3rdgeneration appro Bottle,Cookies,1.1,Aisle 2 - Bin 1
8518,Secured 24/7 Graphical User In Box,Snack,3.96,Aisle 2 - Bin 6
7006,Fundamental disintermediate po Pack,Soda,3.48,Aisle 5 - Bin 3
6643,Programmable impactful portal Pack,Candy,3.78,Aisle 3 - Bin 4
3885,Adaptive contextually-based su Pack,Chips,2.88,Aisle 5 - Bin 3
3325,Reactive multi-tasking approac Bottle,Chips,0.83,Aisle 5 - Bin 3
8796,Robust leadingedge matrix Bottle,Water,3.65,Aisle 5 - Bin 6
3630,Persevering empowering analyze Box,Cookies,4.49,Aisle 3 - Bin 5
2831,Phased radical groupware Bottle,Health Food,1.51,Aisle 5 - Bin 9
6920,Right-sized empowering model Bottle,Cookies,1.87,Aisle 5 - Bin 6
7746,Proactive heuristic emulation Pack,Beverage,2.67,Aisle 2 - Bin 6
8037,Profound heuristic solution Pack,Health Food,4.88,Aisle 5 - Bin 6
7785,Right-sized modular customer l Bottle,Energy Drinks,3.1,Aisle 5 - Bin 9
1848,Devolved mobile website Box,Beverage,3.55,Aisle 4 - Bin 4
3327,Horizontal holistic array Box,Water,2.34,Aisle 2 - Bin 9
6128,Networked well-modulated frame Bottle,Energy Drinks,2.61,Aisle 4 - Bin 8
7678,Diverse even-keeled monitoring Bar,Snack,2.05,Aisle 2 - Bin 7
7096,Universal fresh-thinking hardw Bottle,Soda,2.09,Aisle 2 - Bin 2
1154,Business-focused 24/7 continge Bottle,Cookies,1.58,Aisle 1 - Bin 10
6359,Ergonomic fresh-thinking conti Can,Water,2.44,Aisle 2 - Bin 9
7580,Robust global capacity Bottle,Energy Drinks,1.26,Aisle 3 - Bin 5
7402,Extended intermediate hardware Bottle,Chips,3.35,Aisle 2 - Bin 6
1482,Inverse 24/7 portal Box,Cookies,2.5,Aisle 4 - Bin 2
5706,Compatible composite emulation Can,Chips,4.54,Aisle 4 - Bin 4
86,Focused web-enabled extranet Can,Candy,1.07,Aisle 2 - Bin 6
1852,Cross-group dedicated hub Bar,Soda,2.25,Aisle 3 - Bin 2
5426,Digitized modular throughput Can,Energy Drinks,3.95,Aisle 4 - Bin 8
7772,Switchable intangible benchmar Box,Cookies,4.4,Aisle 4 - Bin 4
2650,Innovative content-based archi Pack,Health Food,4.44,Aisle 2 - Bin 1
1589,Focused impactful product Bar,Cookies,4.73,Aisle 1 - Bin 10
9983,Mandatory background ability Can,Water,2.92,Aisle 2 - Bin 7
4139,Synergized attitude-oriented f Bar,Soda,0.69,Aisle 5 - Bin 3
1231,Optimized incremental initiati Can,Chips,1.57,Aisle 4 - Bin 8
2303,Inverse analyzing leverage Pack,Energy Drinks,3.29,Aisle 4 - Bin 7
7786,Extended upward-trending emula Bottle,Water,3.27,Aisle 3 - Bin 4
5203,Team-oriented exuding framewor Bar,Juice,3.8,Aisle 3 - Bin 2
8395,Switchable reciprocal toolset Bottle,Candy,4.08,Aisle 2 - Bin 6
1869,Public-key human-resource conc Box,Chips,3.71,Aisle 2 - Bin 7
6483,Diverse optimal task-force Bar,Beverage,0.79,Aisle 4 - Bin 4
303,Exclusive explicit analyzer Pack,Beverage,4.47,Aisle 5 - Bin 9
6968,Integrated 6thgeneration allia Box,Beverage,0.76,Aisle 4 - Bin 4
7003,Reverse-engineered encompassin Can,Cookies,0.93,Aisle 1 - Bin 1
8586,Profit-focused tangible task-f Pack,Chips,3.69,Aisle 5 - Bin 6
3438,Intuitive methodical policy Bar,Health Food,3.34,Aisle 2 - Bin 1
4890,Synergistic zero tolerance ana Box,Juice,2.21,Aisle 5 - Bin 9
8276,Persistent optimal productivit Pack,Snack,3.0,Aisle 4 - Bin 8
6345,Exclusive fresh-thinking knowl Can,Water,3.61,Aisle 4 - Bin 8
9918,Realigned clear-thinking artif Bottle,Health Food,1.12,Aisle 5 - Bin 6
5205,Expanded asynchronous support Bottle,Juice,4.12,Aisle 4 - Bin 8
5193,Function-based bottom-line int Bottle,Chips,3.12,Aisle 1 - Bin 1
7529,Automated responsive moratoriu Can,Energy Drinks,1.8,Aisle 4 - Bin 2
535,Monitored reciprocal extranet Box,Cookies,3.32,Aisle 2 - Bin 6
3897,Progressive global attitude Can,Energy Drinks,1.27,Aisle 2 - Bin 6
6595,Re-contextualized neutral know Can,Juice,4.41,Aisle 1 - Bin 10
791,Triple-buffered web-enabled ac Bottle,Snack,1.43,Aisle 4 - Bin 4
6199,Up-sized local utilization Can,Soda,1.81,Aisle 2 - Bin 1
8925,Versatile multi-tasking emulat Box,Cookies,2.42,Aisle 2 - Bin 1
1556,Progressive cohesive hierarchy Bottle,Health Food,3.37,Aisle 5 - Bin 9
9135,Team-oriented needs-based arch Bar,Snack,3.24,Aisle 2 - Bin 9
8229,Compatible heuristic customer  Bottle,Energy Drinks,0.62,Aisle 4 - Bin 7
5834,Object-based empowering projec Can,Snack,2.47,Aisle 3 - Bin 4
8781,Re-engineered coherent utiliza Box,Cookies,2.08,Aisle 2 - Bin 6
6650,Digitized even-keeled Local Ar Can,Candy,3.95,Aisle 2 - Bin 1
2094,Organic mobile product Bar,Energy Drinks,3.64,Aisle 4 - Bin 8
8982,Realigned methodical website Can,Water,0.5,Aisle 2 - Bin 7
1241,Streamlined scalable standardi Bottle,Health Food,1.27,Aisle 5 - Bin 9
9799,Automated 24/7 installation Can,Beverage,3.7,Aisle 4 - Bin 7
4467,Synergized modular ability Bottle,Snack,4.52,Aisle 1 - Bin 1
1333,Multi-lateral disintermediate  Can,Juice,4.98,Aisle 2 - Bin 6
6694,Object-based attitude-oriented Pack,Chips,2.09,Aisle 3 - Bin 2
8467,Managed motivating neural-net Pack,Beverage,4.92,Aisle 2 - Bin 1
7363,Stand-alone asynchronous time- Box,Candy,2.25,Aisle 4 - Bin 7
3290,Universal system-worthy toolse Can,Snack,2.98,Aisle 4 - Bin 8
1286,Right-sized contextually-based Pack,Juice,3.67,Aisle 2 - Bin 6
4493,Synergistic logistical open sy Box,Cookies,2.02,Aisle 5 - Bin 3
3085,Function-based fresh-thinking  Bar,Snack,3.17,Aisle 1 - Bin 9
5716,Persevering composite adapter Box,Beverage,1.76,Aisle 5 - Bin 9
3435,Sharable contextually-based co Can,Candy,2.42,Aisle 5 - Bin 3
8102,Expanded empowering knowledge  Box,Juice,2.45,Aisle 4 - Bin 8
414,Operative intangible flexibili Can,Juice,1.25,Aisle 4 - Bin 2
4966,Intuitive background attitude Box,Chips,1.08,Aisle 1 - Bin 10
7023,Extended asynchronous flexibil Box,Energy Drinks,1.18,Aisle 5 - Bin 3
6688,Face-to-face cohesive alliance Can,Candy,3.04,Aisle 1 - Bin 10
9828,Phased empowering utilization Bottle,Water,2.75,Aisle 2 - Bin 6
1779,Inverse human-resource hub Box,Snack,2.8,Aisle 2 - Bin 7
4435,Focused mobile pricing structu Box,Water,1.04,Aisle 3 - Bin 5
5473,Automated static website Bottle,Soda,3.79,Aisle 2 - Bin 2
2209,Switchable optimizing process  Box,Chips,2.65,Aisle 1 - Bin 1
1900,Cross-platform attitude-orient Can,Candy,2.14,Aisle 4 - Bin 2
7754,Organic 5thgeneration protocol Box,Juice,2.72,Aisle 2 - Bin 7
239,Advanced encompassing emulatio Pack,Energy Drinks,3.54,Aisle 1 - Bin 1
5561,Innovative dedicated emulation Box,Water,1.9,Aisle 3 - Bin 4
4960,Cross-group 3rdgeneration port Bar,Snack,1.35,Aisle 5 - Bin 9
8839,Organic motivating encoding Box,Beverage,2.95,Aisle 3 - Bin 2
214,Fundamental bottom-line hardwa Bar,Chips,1.61,Aisle 2 - Bin 2
203,Reduced next generation Graphi Can,Candy,3.82,Aisle 5 - Bin 9
9972,Diverse homogeneous policy Box,Health Food,2.6,Aisle 5 - Bin 9
7070,Grass-roots intermediate suppo Bottle,Health Food,3.05,Aisle 3 - Bin 2
2586,Automated clear-thinking datab Box,Chips,0.94,Aisle 4 - Bin 8
3781,Future-proofed reciprocal grou Bar,Energy Drinks,1.9,Aisle 5 - Bin 9
5406,Integrated bottom-line forecas Box,Soda,0.65,Aisle 4 - Bin 4
4345,Public-key exuding core Box,Candy,2.35,Aisle 5 - Bin 9
9344,Advanced systematic hub Pack,Beverage,0.58,Aisle 5 - Bin 9
466,Polarized logistical paralleli Pack,Soda,4.23,Aisle 3 - Bin 5
7882,Innovative didactic time-frame Bottle,Soda,4.87,Aisle 4 - Bin 7
429,Function-based secondary moder Can,Energy Drinks,4.05,Aisle 5 - Bin 6
5081,Persevering global solution Pack,Water,0.55,Aisle 2 - Bin 2
2556,Multi-channeled radical migrat Pack,Chips,4.96,Aisle 5 - Bin 9
8772,Cloned coherent encryption Bar,Energy Drinks,3.38,Aisle 2 - Bin 9
9800,User-centric logistical knowle Pack,Energy Drinks,1.71,Aisle 4 - Bin 4
7346,Public-key object-oriented thr Box,Snack,0.51,Aisle 4 - Bin 2
8172,Re-contextualized actuating pr Box,Cookies,2.21,Aisle 5 - Bin 9
4001,Secured multimedia framework Bottle,Cookies,1.78,Aisle 3 - Bin 2
417,Self-enabling explicit service Bar,Snack,0.85,Aisle 3 - Bin 5
2779,Organized homogeneous circuit Can,Health Food,1.1,Aisle 5 - Bin 6
1425,Robust foreground toolset Bar,Cookies,1.72,Aisle 5 - Bin 3
687,Compatible systematic methodol Can,Snack,0.77,Aisle 5 - Bin 9
9419,Team-oriented attitude-oriente Box,Energy Drinks,4.86,Aisle 1 - Bin 10
2681,Right-sized zero administratio Box,Beverage,1.98,Aisle 1 - Bin 9
6581,Devolved grid-enabled analyzer Bar,Energy Drinks,2.19,Aisle 2 - Bin 6
9715,Compatible value-added paradig Pack,Candy,2.75,Aisle 2 - Bin 6
7109,Pre-emptive optimal flexibilit Pack,Health Food,0.83,Aisle 1 - Bin 1
4524,Switchable mission-critical ap Box,Beverage,1.5,Aisle 1 - Bin 9
8063,Cross-platform attitude-orient Can,Energy Drinks,2.19,Aisle 2 - Bin 7
7066,Cross-group local system engin Can,Water,2.98,Aisle 4 - Bin 8
4692,Re-contextualized discrete con Pack,Water,2.9,Aisle 3 - Bin 2
7445,Ergonomic attitude-oriented me Pack,Water,2.18,Aisle 4 - Bin 2
5908,Multi-channeled global initiat Bar,Beverage,4.46,Aisle 5 - Bin 6
8577,Focused hybrid time-frame Bar,Water,4.91,Aisle 1 - Bin 1
5478,Ergonomic systematic ability Bottle,Snack,1.51,Aisle 5 - Bin 3
5856,Multi-channeled user-facing mo Bottle,Health Food,3.08,Aisle 3 - Bin 5
864,Networked multi-tasking knowle Pack,Chips,1.76,Aisle 3 - Bin 2
737,Multi-layered human-resource a Bottle,Energy Drinks,0.59,Aisle 1 - Bin 1
2066,Self-enabling directional util Bar,Snack,2.28,Aisle 3 - Bin 2
805,Versatile clear-thinking analy Pack,Health Food,2.42,Aisle 3 - Bin 2
6865,Multi-tiered systemic leverage Box,Snack,4.44,Aisle 5 - Bin 3
797,Business-focused methodical mi Box,Chips,3.17,Aisle 1 - Bin 1
9157,Multi-tiered logistical time-f Can,Chips,4.79,Aisle 2 - Bin 7
244,Public-key well-modulated succ Box,Energy Drinks,4.77,Aisle 2 - Bin 9
5855,Horizontal contextually-based  Bottle,Health Food,2.76,Aisle 1 - Bin 10
9110,Cross-group methodical task-fo Box,Juice,4.02,Aisle 5 - Bin 9
2301,User-centric even-keeled secur Bottle,Health Food,0.81,Aisle 5 - Bin 9
6513,Reactive well-modulated workfo Pack,Health Food,3.02,Aisle 4 - Bin 8
2787,Multi-lateral dynamic success Pack,Candy,4.88,Aisle 4 - Bin 4
7800,Mandatory 3rdgeneration Intern Pack,Beverage,1.34,Aisle 3 - Bin 4
57,Synchronized solution-oriented Bar,Soda,0.62,Aisle 2 - Bin 7
770,Fundamental context-sensitive  Bar,Snack,0.85,Aisle 2 - Bin 2
6433,Cloned zero tolerance open sys Pack,Candy,2.43,Aisle 5 - Bin 6
4883,Expanded content-based challen Bottle,Chips,0.9,Aisle 3 - Bin 5
8867,Distributed actuating solution Box,Cookies,2.76,Aisle 2 - Bin 1
7616,Focused optimizing strategy Bottle,Chips,1.91,Aisle 1 - Bin 1
20,Digitized zero administration  Bottle,Beverage,2.12,Aisle 5 - Bin 3
5261,Multi-channeled optimal produc Bottle,Chips,0.78,Aisle 1 - Bin 1
6921,Polarized leadingedge interfac Bar,Health Food,3.74,Aisle 4 - Bin 7
7471,Universal 24/7 website Can,Snack,2.35,Aisle 1 - Bin 1
4616,Self-enabling impactful Local  Box,Juice,4.79,Aisle 4 - Bin 4
4402,Devolved object-oriented proje Box,Soda,1.73,Aisle 4 - Bin 4
8319,Re-engineered logistical frame Bottle,Soda,2.28,Aisle 4 - Bin 2
7467,Business-focused analyzing con Can,Soda,4.44,Aisle 2 - Bin 6
6634,Polarized zero administration  Can,Energy Drinks,1.31,Aisle 3 - Bin 4
3209,Adaptive attitude-oriented mig Bottle,Beverage,3.89,Aisle 5 - Bin 9
3393,Stand-alone reciprocal circuit Pack,Soda,3.62,Aisle 3 - Bin 2
8715,Optional attitude-oriented pol Pack,Health Food,4.5,Aisle 4 - Bin 2
7542,Persistent web-enabled utiliza Can,Soda,1.27,Aisle 3 - Bin 5
4123,Fully-configurable logistical  Pack,Soda,0.51,Aisle 3 - Bin 2
7226,Synergized uniform superstruct Box,Soda,0.61,Aisle 4 - Bin 4
1606,Devolved methodical attitude Can,Chips,2.97,Aisle 5 - Bin 9
3583,Seamless radical firmware Bottle,Chips,3.29,Aisle 1 - Bin 10
557,Compatible tangible synergy Pack,Snack,4.28,Aisle 1 - Bin 1
9822,Stand-alone radical implementa Bottle,Water,2.18,Aisle 4 - Bin 4
6379,Future-proofed optimizing Grap Pack,Candy,0.68,Aisle 1 - Bin 1
225,User-centric asynchronous prod Box,Snack,4.18,Aisle 3 - Bin 2
2864,Inverse zero-defect hardware Box,Chips,1.73,Aisle 3 - Bin 5
2478,Fully-configurable fault-toler Bar,Soda,3.44,Aisle 3 - Bin 4
4223,Virtual tangible framework Can,Juice,3.92,Aisle 2 - Bin 1
1996,Multi-lateral multimedia encod Bottle,Health Food,3.2,Aisle 5 - Bin 6
7390,Profit-focused next generation Can,Water,3.83,Aisle 5 - Bin 9
8626,Advanced empowering success Can,Juice,1.47,Aisle 4 - Bin 7
5312,Advanced bandwidth-monitored i Bar,Beverage,1.68,Aisle 2 - Bin 2
8625,Object-based maximized capacit Bar,Energy Drinks,4.24,Aisle 3 - Bin 5
7959,Visionary contextually-based L Bottle,Soda,3.59,Aisle 1 - Bin 9
7411,Robust high-level function Bottle,Candy,3.6,Aisle 5 - Bin 9
2899,Monitored optimal open system Box,Juice,3.47,Aisle 5 - Bin 3
5712,Digitized clear-thinking circu Box,Beverage,3.84,Aisle 3 - Bin 4
6174,Universal needs-based standard Bottle,Chips,4.93,Aisle 4 - Bin 8
9660,Customer-focused eco-centric h Bottle,Beverage,1.88,Aisle 5 - Bin 3
3298,Managed leadingedge process im Pack,Juice,0.62,Aisle 5 - Bin 9
5438,Configurable hybrid pricing st Bottle,Health Food,3.87,Aisle 2 - Bin 2
987,Operative content-based abilit Bar,Cookies,1.29,Aisle 5 - Bin 3
2136,Stand-alone motivating hub Bar,Energy Drinks,3.2,Aisle 1 - Bin 1
3741,Persistent composite frame Bottle,Cookies,2.36,Aisle 3 - Bin 4
2842,De-engineered fresh-thinking c Box,Health Food,4.54,Aisle 5 - Bin 9
9465,Quality-focused intangible kno Can,Snack,4.73,Aisle 5 - Bin 9
2496,Assimilated actuating secured  Bottle,Health Food,4.72,Aisle 4 - Bin 4
3094,Enterprise-wide national abili Box,Cookies,4.86,Aisle 4 - Bin 4
2475,Networked tertiary throughput Bottle,Candy,2.43,Aisle 3 - Bin 5
9508,Inverse transitional throughpu Bottle,Soda,2.56,Aisle 1 - Bin 9
9981,Right-sized clear-thinking thr Pack,Energy Drinks,4.56,Aisle 2 - Bin 1
7809,Phased asymmetric orchestratio Box,Soda,4.93,Aisle 3 - Bin 5
5397,Horizontal responsive instruct Bar,Water,3.39,Aisle 1 - Bin 1
1407,Secured homogeneous toolset Bottle,Juice,4.18,Aisle 4 - Bin 2
940,Synchronized motivating Graphi Can,Snack,3.48,Aisle 3 - Bin 4
7730,Multi-tiered stable model Bar,Water,2.54,Aisle 3 - Bin 4
1144,Ergonomic multimedia projectio Pack,Health Food,2.34,Aisle 2 - Bin 9
8108,Down-sized 6thgeneration matri Pack,Health Food,0.82,Aisle 4 - Bin 4
4033,Grass-roots tangible matrices Bottle,Chips,0.69,Aisle 3 - Bin 2
810,Organic eco-centric alliance Can,Water,4.14,Aisle 5 - Bin 6
5799,Multi-lateral bifurcated chall Bottle,Beverage,1.15,Aisle 5 - Bin 9
8997,Stand-alone tangible neural-ne Box,Candy,2.68,Aisle 1 - Bin 1
378,Universal secondary service-de Pack,Beverage,2.98,Aisle 2 - Bin 1
1270,Organic impactful parallelism Bar,Water,1.93,Aisle 2 - Bin 9
3494,Automated global standardizati Bottle,Beverage,3.62,Aisle 5 - Bin 9
6862,Quality-focused maximized atti Pack,Cookies,1.37,Aisle 2 - Bin 7
4134,Streamlined fresh-thinking ana Bottle,Health Food,2.9,Aisle 5 - Bin 9
4922,Re-contextualized neutral mode Bottle,Cookies,2.81,Aisle 4 - Bin 8
8388,Automated bandwidth-monitored  Bar,Beverage,2.05,Aisle 2 - Bin 1
3296,Total transitional monitoring Bar,Soda,1.6,Aisle 2 - Bin 7
9048,Customizable regional Local Ar Pack,Cookies,2.44,Aisle 1 - Bin 1
6713,Triple-buffered modular workfo Bar,Candy,2.94,Aisle 1 - Bin 10
4362,Expanded client-server task-fo Can,Health Food,4.33,Aisle 3 - Bin 4
8747,Reduced regional Internet solu Can,Soda,4.63,Aisle 5 - Bin 9
6646,Visionary explicit utilization Box,Snack,2.97,Aisle 5 - Bin 9
5723,Adaptive well-modulated data-w Pack,Health Food,2.64,Aisle 2 - Bin 1
8592,Total 24/7 framework Bar,Candy,3.25,Aisle 5 - Bin 9
3040,Reduced mission-critical insta Pack,Snack,4.12,Aisle 5 - Bin 9
6651,Multi-lateral optimal matrix Pack,Energy Drinks,3.6,Aisle 3 - Bin 4
5781,Re-contextualized cohesive pro Pack,Cookies,1.42,Aisle 2 - Bin 6
7345,Fully-configurable didactic su Can,Energy Drinks,1.87,Aisle 1 - Bin 10
8798,Persevering systematic hub Bar,Candy,1.0,Aisle 4 - Bin 2
9819,Vision-oriented grid-enabled h Bar,Juice,3.59,Aisle 3 - Bin 2
660,Function-based fresh-thinking  Pack,Cookies,2.32,Aisle 5 - Bin 9
6937,Cross-group fault-tolerant sol Bar,Water,3.29,Aisle 2 - Bin 1
8513,Cross-group tertiary paralleli Can,Beverage,3.07,Aisle 3 - Bin 4
6788,Managed clear-thinking intrane Can,Soda,1.46,Aisle 5 - Bin 9
956,Compatible 24/7 methodology Can,Snack,3.65,Aisle 5 - Bin 3
4687,Enhanced bifurcated Graphical  Box,Health Food,3.83,Aisle 5 - Bin 9
4832,Function-based dedicated circu Bottle,Health Food,4.12,Aisle 2 - Bin 6
9497,Triple-buffered methodical mid Can,Soda,3.32,Aisle 3 - Bin 5
7270,Advanced methodical focus grou Box,Energy Drinks,2.04,Aisle 3 - Bin 5
7721,Enterprise-wide methodical pri Bar,Health Food,2.2,Aisle 5 - Bin 9
2206,Persevering national framework Bar,Water,3.09,Aisle 5 - Bin 3
5129,Versatile analyzing encryption Pack,Energy Drinks,4.65,Aisle 2 - Bin 1
9590,Versatile bandwidth-monitored  Box,Energy Drinks,2.96,Aisle 3 - Bin 2
7458,Face-to-face needs-based appli Pack,Health Food,1.67,Aisle 3 - Bin 5
3058,Enterprise-wide fault-tolerant Can,Cookies,2.05,Aisle 4 - Bin 7
9743,Upgradable maximized software Can,Energy Drinks,0.81,Aisle 3 - Bin 4
5628,Cross-platform grid-enabled po Bottle,Soda,3.13,Aisle 5 - Bin 9
9691,Customer-focused web-enabled t Bar,Snack,4.82,Aisle 4 - Bin 7
6718,Re-contextualized didactic mod Pack,Beverage,2.9,Aisle 5 - Bin 9
2494,Extended global software Can,Health Food,3.6,Aisle 3 - Bin 2
2339,Right-sized upward-trending im Can,Energy Drinks,2.2,Aisle 2 - Bin 9
4304,Virtual regional artificial in Box,Chips,2.35,Aisle 3 - Bin 5
3395,Seamless context-sensitive fra Pack,Snack,4.77,Aisle 2 - Bin 7
9795,Visionary multi-tasking policy Bottle,Cookies,1.94,Aisle 5 - Bin 9
4438,Devolved empowering flexibilit Can,Juice,2.02,Aisle 1 - Bin 10
4073,Robust grid-enabled hierarchy Can,Candy,3.53,Aisle 5 - Bin 9
1370,Quality-focused intermediate d Pack,Health Food,1.91,Aisle 2 - Bin 1
9634,Optimized responsive model Box,Juice,0.65,Aisle 5 - Bin 9
4690,Public-key tertiary artificial Bottle,Chips,4.02,Aisle 3 - Bin 2
4348,Mandatory regional benchmark Pack,Health Food,2.08,Aisle 1 - Bin 10
9381,Proactive dedicated capacity Can,Juice,4.69,Aisle 3 - Bin 4
5996,Team-oriented system-worthy ta Bar,Snack,4.48,Aisle 5 - Bin 3
5731,Phased multimedia extranet Box,Chips,1.86,Aisle 5 - Bin 9
8722,Grass-roots system-worthy matr Can,Chips,3.34,Aisle 1 - Bin 9
6388,Ameliorated well-modulated inf Pack,Energy Drinks,1.4,Aisle 4 - Bin 4
6148,Visionary 3rdgeneration produc Bottle,Chips,3.02,Aisle 4 - Bin 2
3979,Horizontal exuding software Bar,Juice,3.1,Aisle 2 - Bin 1
8779,Enterprise-wide user-facing mo Bar,Chips,0.97,Aisle 1 - Bin 10
5772,Visionary real-time flexibilit Bar,Beverage,4.37,Aisle 4 - Bin 2
1004,Optional maximized architectur Can,Soda,1.49,Aisle 2 - Bin 6
3500,Sharable zero-defect conglomer Bottle,Health Food,3.76,Aisle 4 - Bin 8
5019,Programmable human-resource pr Pack,Snack,1.17,Aisle 3 - Bin 5
8707,Fundamental web-enabled modera Box,Soda,4.05,Aisle 2 - Bin 9
8805,Persevering methodical Graphic Bar,Health Food,4.77,Aisle 1 - Bin 1
1366,Enhanced fresh-thinking secure Bottle,Juice,1.62,Aisle 5 - Bin 9
9418,Multi-channeled real-time firm Bar,Cookies,3.04,Aisle 3 - Bin 4
9527,Ameliorated needs-based foreca Bar,Cookies,1.24,Aisle 5 - Bin 6
8044,Fully-configurable interactive Bottle,Snack,1.59,Aisle 4 - Bin 4
9237,Object-based fault-tolerant so Bar,Health Food,4.1,Aisle 4 - Bin 8
7370,Business-focused fresh-thinkin Bar,Candy,1.43,Aisle 1 - Bin 1
6105,Optimized incremental info-med Pack,Snack,4.55,Aisle 4 - Bin 4
6027,Sharable eco-centric paradigm Bottle,Juice,3.9,Aisle 2 - Bin 9
4095,Enhanced 4thgeneration matrice Bottle,Soda,4.12,Aisle 4 - Bin 8
1092,Robust multi-tasking methodolo Pack,Cookies,0.69,Aisle 4 - Bin 4
1718,Reverse-engineered heuristic p Can,Candy,1.02,Aisle 2 - Bin 7
154,Polarized upward-trending Grap Box,Candy,0.71,Aisle 1 - Bin 1
3940,Realigned multi-tasking archit Can,Water,4.3,Aisle 5 - Bin 9
7259,Adaptive encompassing frame Can,Chips,0.73,Aisle 1 - Bin 10
8629,Focused disintermediate core Bar,Energy Drinks,0.53,Aisle 5 - Bin 9
3320,Extended fresh-thinking encryp Can,Beverage,3.37,Aisle 4 - Bin 2
6541,Advanced zero administration a Box,Water,1.32,Aisle 4 - Bin 4
2497,Synchronized stable definition Pack,Snack,3.26,Aisle 1 - Bin 1
1892,Synchronized empowering allian Can,Juice,3.3,Aisle 3 - Bin 2
2302,Stand-alone exuding Internet s Bottle,Candy,1.75,Aisle 3 - Bin 4
4937,Progressive 4thgeneration para Bottle,Soda,3.38,Aisle 4 - Bin 8
4944,Synergized leadingedge archive Bottle,Beverage,1.61,Aisle 4 - Bin 4
2519,Stand-alone high-level standar Pack,Health Food,3.52,Aisle 4 - Bin 7
7294,Triple-buffered demand-driven  Pack,Health Food,3.97,Aisle 5 - Bin 9
1040,Vision-oriented coherent abili Bar,Juice,1.55,Aisle 2 - Bin 1
6313,Fundamental bottom-line open a Pack,Health Food,4.24,Aisle 2 - Bin 9
6131,Intuitive solution-oriented al Bottle,Soda,1.89,Aisle 1 - Bin 9
2606,Cross-group fresh-thinking abi Pack,Juice,1.19,Aisle 4 - Bin 2
3671,Cross-platform grid-enabled ne Pack,Chips,2.35,Aisle 2 - Bin 1
7423,Monitored radical initiative Bottle,Soda,1.94,Aisle 1 - Bin 1
7230,Assimilated value-added middle Pack,Energy Drinks,1.28,Aisle 3 - Bin 2
616,Reverse-engineered maximized u Pack,Water,3.3,Aisle 1 - Bin 9
6886,Streamlined optimal standardiz Bar,Beverage,4.58,Aisle 2 - Bin 2
5569,Profound demand-driven policy Can,Juice,3.1,Aisle 4 - Bin 2
8118,Customizable regional access Pack,Energy Drinks,3.56,Aisle 2 - Bin 2
3887,Programmable empowering infras Bar,Snack,1.61,Aisle 2 - Bin 1
6941,Inverse mobile portal Box,Water,4.92,Aisle 2 - Bin 1
8372,Function-based heuristic hub Bar,Juice,0.79,Aisle 4 - Bin 4
4792,Focused 4thgeneration architec Box,Health Food,0.86,Aisle 4 - Bin 4
1575,Cross-platform cohesive system Box,Water,0.64,Aisle 2 - Bin 7
4329,Visionary dedicated info-media Pack,Candy,3.41,Aisle 4 - Bin 7
4562,Enterprise-wide 6thgeneration  Bottle,Water,2.99,Aisle 2 - Bin 7
8452,Self-enabling neutral installa Pack,Soda,3.92,Aisle 2 - Bin 9
1788,Organized contextually-based e Bar,Health Food,2.22,Aisle 4 - Bin 2
2149,Automated real-time info-media Pack,Beverage,2.35,Aisle 3 - Bin 4
5961,Managed optimal adapter Box,Juice,2.86,Aisle 4 - Bin 8
6242,Streamlined well-modulated mod Pack,Chips,4.6,Aisle 2 - Bin 2
4729,Switchable 4thgeneration extra Bar,Beverage,1.0,Aisle 2 - Bin 6
7163,Self-enabling optimizing matri Box,Energy Drinks,2.2,Aisle 2 - Bin 7
8485,Organic asymmetric info-mediar Can,Chips,3.56,Aisle 3 - Bin 2
472,Diverse executive standardizat Pack,Cookies,1.48,Aisle 4 - Bin 2
8860,Diverse system-worthy standard Bar,Juice,3.1,Aisle 2 - Bin 7
3701,Synchronized web-enabled solut Bar,Soda,1.72,Aisle 4 - Bin 7
9638,Persistent analyzing Internet  Can,Snack,1.79,Aisle 2 - Bin 7
1510,Implemented optimizing open ar Pack,Beverage,4.82,Aisle 1 - Bin 9
248,Inverse 24/7 archive Pack,Soda,1.81,Aisle 5 - Bin 9
8561,Integrated incremental matrix Bar,Cookies,4.61,Aisle 5 - Bin 9
6333,Object-based bottom-line encod Can,Juice,4.09,Aisle 4 - Bin 2
5367,Robust tangible time-frame Bottle,Soda,2.93,Aisle 1 - Bin 1
4605,Up-sized eco-centric ability Bar,Cookies,0.83,Aisle 2 - Bin 9
8416,Progressive even-keeled encryp Box,Beverage,2.0,Aisle 4 - Bin 2
1561,De-engineered reciprocal colla Box,Beverage,1.58,Aisle 4 - Bin 2
7422,Fundamental disintermediate pr Can,Health Food,2.29,Aisle 2 - Bin 6
7037,Stand-alone eco-centric framew Can,Soda,1.82,Aisle 2 - Bin 7
69,Open-source needs-based flexib Can,Cookies,4.17,Aisle 2 - Bin 7
2730,Integrated hybrid budgetary ma Bottle,Juice,3.26,Aisle 5 - Bin 9
7193,Cross-platform user-facing suc Can,Juice,4.39,Aisle 4 - Bin 2
8021,Horizontal dynamic adapter Can,Candy,4.8,Aisle 4 - Bin 4
2405,Total system-worthy moderator Bottle,Soda,4.35,Aisle 2 - Bin 9
1314,Digitized static interface Bottle,Water,2.65,Aisle 1 - Bin 10
8699,Horizontal zero tolerance meth Can,Snack,2.73,Aisle 5 - Bin 9
8066,Devolved asynchronous Local Ar Bar,Chips,0.57,Aisle 4 - Bin 2
829,User-centric regional capabili Pack,Juice,3.81,Aisle 2 - Bin 2
5670,Self-enabling non-volatile art Bottle,Beverage,0.65,Aisle 2 - Bin 9
4985,Synergized composite strategy Box,Energy Drinks,4.83,Aisle 2 - Bin 6
8883,Integrated value-added functio Box,Soda,1.63,Aisle 4 - Bin 8
996,Object-based high-level approa Bar,Energy Drinks,4.81,Aisle 1 - Bin 1
2327,Organized eco-centric standard Box,Water,0.92,Aisle 5 - Bin 3
4032,Synergized fresh-thinking grou Bar,Energy Drinks,2.84,Aisle 2 - Bin 9
8786,Centralized 24/7 product Bar,Chips,2.95,Aisle 4 - Bin 7
6691,Pre-emptive logistical budgeta Box,Soda,1.92,Aisle 2 - Bin 9
3287,Secured foreground knowledgeba Box,Beverage,0.58,Aisle 2 - Bin 7
7541,Innovative coherent forecast Can,Health Food,4.06,Aisle 5 - Bin 9
2523,Implemented demand-driven appr Box,Water,3.95,Aisle 4 - Bin 7
4691,Fundamental coherent Internet  Can,Beverage,4.08,Aisle 5 - Bin 9
5733,Versatile responsive function Bar,Snack,0.57,Aisle 1 - Bin 10
9740,Re-engineered national extrane Bar,Soda,2.77,Aisle 5 - Bin 6
7313,User-centric coherent producti Box,Snack,4.19,Aisle 4 - Bin 2
5007,Devolved foreground hub Can,Cookies,0.86,Aisle 5 - Bin 3
6375,Open-architected impactful sol Box,Snack,2.4,Aisle 4 - Bin 4
5382,Configurable secondary website Can,Chips,4.46,Aisle 2 - Bin 9
9467,Fully-configurable zero-defect Box,Snack,2.99,Aisle 1 - Bin 9
3569,Total secondary hub Box,Energy Drinks,0.67,Aisle 5 - Bin 6
119,Polarized explicit parallelism Box,Candy,4.36,Aisle 1 - Bin 10
8776,Sharable hybrid system engine Can,Water,1.14,Aisle 1 - Bin 10
1982,Reactive radical migration Pack,Juice,0.66,Aisle 5 - Bin 9
2264,Ergonomic system-worthy archiv Box,Cookies,3.75,Aisle 3 - Bin 5
6680,Exclusive fresh-thinking syste Box,Candy,2.67,Aisle 5 - Bin 6
5965,Right-sized static alliance Pack,Soda,5.0,Aisle 1 - Bin 10
9879,User-friendly object-oriented  Box,Candy,4.67,Aisle 2 - Bin 6
3658,Fundamental maximized monitori Pack,Beverage,3.72,Aisle 2 - Bin 6
5639,Monitored intermediate frame Pack,Soda,4.27,Aisle 5 - Bin 6
8808,Innovative responsive data-war Pack,Health Food,2.34,Aisle 2 - Bin 2
5804,Organized next generation port Bottle,Beverage,4.36,Aisle 4 - Bin 2
477,Multi-lateral context-sensitiv Bar,Chips,3.14,Aisle 4 - Bin 4
8713,Universal 5thgeneration abilit Bar,Cookies,3.14,Aisle 2 - Bin 6
9911,Enterprise-wide even-keeled ar Bottle,Juice,1.71,Aisle 3 - Bin 4
8437,Monitored incremental attitude Can,Energy Drinks,3.96,Aisle 4 - Bin 2
9341,Enhanced interactive productiv Can,Snack,2.48,Aisle 3 - Bin 2
4833,Reduced leadingedge project Bar,Soda,3.38,Aisle 4 - Bin 8
9848,Organized even-keeled groupwar Bar,Soda,2.21,Aisle 4 - Bin 4
1007,Upgradable homogeneous superst Box,Snack,2.59,Aisle 4 - Bin 8
7736,Up-sized zero administration d Bar,Beverage,2.65,Aisle 5 - Bin 9
8887,Exclusive logistical strategy Bottle,Health Food,2.56,Aisle 1 - Bin 1
2028,Organic 4thgeneration time-fra Bottle,Chips,0.78,Aisle 5 - Bin 9
3809,Customizable eco-centric flexi Bar,Chips,2.9,Aisle 2 - Bin 6
3175,Enterprise-wide motivating acc Pack,Water,3.99,Aisle 1 - Bin 9
6230,User-friendly fresh-thinking a Can,Soda,1.82,Aisle 4 - Bin 2
2861,Function-based optimizing open Pack,Energy Drinks,4.74,Aisle 4 - Bin 2
8553,Object-based incremental analy Box,Chips,3.23,Aisle 4 - Bin 7
3822,Multi-lateral client-server ap Bar,Chips,3.38,Aisle 4 - Bin 2
2199,Stand-alone logistical policy Bottle,Snack,0.63,Aisle 2 - Bin 7
4776,Diverse next generation intran Pack,Health Food,2.29,Aisle 2 - Bin 1
813,Mandatory bifurcated access Box,Soda,4.06,Aisle 4 - Bin 8
8835,Sharable context-sensitive ins Can,Candy,2.26,Aisle 5 - Bin 9
451,Optimized well-modulated matri Pack,Beverage,3.56,Aisle 4 - Bin 7
8556,Phased modular superstructure Box,Health Food,4.81,Aisle 5 - Bin 9
3544,User-friendly radical superstr Bottle,Energy Drinks,0.54,Aisle 5 - Bin 9
5014,Virtual 3rdgeneration open sys Bar,Soda,2.71,Aisle 4 - Bin 4
1786,Grass-roots modular applicatio Bottle,Snack,4.46,Aisle 3 - Bin 4
98,Re-engineered reciprocal firmw Box,Candy,2.68,Aisle 1 - Bin 1
336,Assimilated directional artifi Can,Beverage,0.55,Aisle 4 - Bin 4
546,Right-sized didactic paradigm Bottle,Beverage,4.53,Aisle 3 - Bin 5
6652,Re-contextualized intermediate Box,Juice,1.51,Aisle 4 - Bin 4
9384,Open-architected secondary bud Bar,Snack,3.63,Aisle 5 - Bin 9
5536,Compatible disintermediate kno Can,Beverage,3.8,Aisle 3 - Bin 4
3425,Balanced non-volatile ability Pack,Energy Drinks,3.73,Aisle 2 - Bin 2
3901,Managed 3rdgeneration forecast Bottle,Candy,0.57,Aisle 1 - Bin 1
3000,Fundamental actuating time-fra Box,Juice,3.97,Aisle 2 - Bin 9
3102,Multi-channeled explicit open  Can,Water,4.95,Aisle 4 - Bin 2
1077,Inverse attitude-oriented enco Bar,Candy,2.89,Aisle 4 - Bin 7
1783,User-friendly fresh-thinking h Bottle,Juice,4.9,Aisle 4 - Bin 2
9712,Secured analyzing application Pack,Snack,2.78,Aisle 1 - Bin 1
3215,Up-sized 6thgeneration complex Can,Snack,3.38,Aisle 5 - Bin 9
2510,Face-to-face asynchronous poli Bottle,Energy Drinks,0.86,Aisle 1 - Bin 1
6080,Distributed multi-state data-w Bar,Beverage,0.66,Aisle 4 - Bin 4
7138,Innovative regional approach Bottle,Juice,1.81,Aisle 4 - Bin 7
7865,Vision-oriented user-facing be Box,Juice,1.8,Aisle 3 - Bin 4
1090,Automated neutral task-force Box,Snack,1.11,Aisle 5 - Bin 3
8956,Polarized non-volatile firmwar Bar,Candy,3.94,Aisle 2 - Bin 6
9198,Phased client-server customer  Box,Soda,0.52,Aisle 5 - Bin 6
3174,Enterprise-wide high-level for Pack,Cookies,2.93,Aisle 4 - Bin 7
7164,Triple-buffered holistic conti Pack,Cookies,4.42,Aisle 1 - Bin 10
3763,Synergistic national matrix Bottle,Candy,2.47,Aisle 2 - Bin 9
2748,Ameliorated composite core Box,Juice,1.88,Aisle 3 - Bin 2
1455,Integrated 24hour artificial i Pack,Cookies,4.94,Aisle 2 - Bin 9
2033,Expanded executive collaborati Bottle,Water,4.91,Aisle 3 - Bin 4
8032,Secured demand-driven hierarch Pack,Candy,3.41,Aisle 4 - Bin 2
6833,Programmable encompassing Grap Bottle,Water,3.67,Aisle 1 - Bin 10
7556,Cross-group 24hour ability Bottle,Soda,0.52,Aisle 5 - Bin 3
2336,Customer-focused cohesive proj Bar,Candy,1.18,Aisle 5 - Bin 3
2027,Visionary leadingedge structur Bottle,Cookies,4.74,Aisle 4 - Bin 8
1668,Switchable hybrid synergy Bottle,Chips,2.58,Aisle 3 - Bin 5
6287,Decentralized exuding definiti Bottle,Snack,3.96,Aisle 5 - Bin 6
4538,Adaptive analyzing hardware Box,Juice,3.88,Aisle 1 - Bin 1
4609,De-engineered human-resource f Bottle,Beverage,3.32,Aisle 1 - Bin 10
4490,Quality-focused reciprocal mat Bar,Beverage,2.29,Aisle 4 - Bin 2
2938,Expanded analyzing core Can,Candy,2.55,Aisle 3 - Bin 4
5707,Cloned incremental open system Bar,Beverage,0.89,Aisle 2 - Bin 7
4,Organized client-server functi Can,Energy Drinks,4.59,Aisle 5 - Bin 9
5948,Multi-layered local circuit Bottle,Water,4.57,Aisle 4 - Bin 8
9816,Synergized coherent extranet Box,Soda,4.33,Aisle 1 - Bin 10
231,Visionary holistic hardware Bottle,Soda,0.91,Aisle 1 - Bin 1
4954,Open-architected intangible st Can,Snack,1.27,Aisle 3 - Bin 2
8668,Business-focused zero-defect s Bottle,Snack,4.28,Aisle 5 - Bin 9
8572,Object-based neutral framework Bottle,Cookies,1.09,Aisle 3 - Bin 2
8970,Digitized motivating challenge Bar,Snack,0.62,Aisle 3 - Bin 4
9441,Streamlined 24/7 artificial in Box,Energy Drinks,1.62,Aisle 4 - Bin 4
7904,Seamless static Graphic Interf Bar,Cookies,4.2,Aisle 5 - Bin 6
7610,Customizable directional time- Pack,Snack,4.9,Aisle 4 - Bin 8
9286,Grass-roots optimal standardiz Bar,Snack,3.35,Aisle 5 - Bin 9
1393,Total bi-directional initiativ Box,Chips,2.74,Aisle 1 - Bin 9
8217,Intuitive human-resource infra Can,Chips,0.6,Aisle 1 - Bin 9
2,Inverse well-modulated pricing Can,Juice,4.63,Aisle 5 - Bin 3
1264,Multi-lateral motivating budge Pack,Candy,1.57,Aisle 2 - Bin 7
5576,Down-sized value-added challen Bar,Health Food,1.13,Aisle 4 - Bin 4
3665,Persevering heuristic hub Bottle,Cookies,1.0,Aisle 3 - Bin 4
8068,Self-enabling value-added neur Bottle,Juice,0.93,Aisle 1 - Bin 1
6825,Object-based responsive functi Box,Juice,4.56,Aisle 4 - Bin 8
2399,Re-contextualized executive we Pack,Energy Drinks,2.44,Aisle 5 - Bin 9
8235,Reverse-engineered 24hour help Bar,Health Food,2.17,Aisle 4 - Bin 8
4167,Digitized multi-state hub Bar,Soda,3.76,Aisle 4 - Bin 2
7926,Profit-focused needs-based mod Bottle,Cookies,3.25,Aisle 5 - Bin 9
9565,Open-source radical middleware Box,Candy,1.57,Aisle 4 - Bin 2
1805,Organic fresh-thinking paralle Box,Juice,2.86,Aisle 2 - Bin 9
9027,Self-enabling tertiary challen Box,Health Food,5.0,Aisle 3 - Bin 2
7697,Customer-focused reciprocal to Bottle,Candy,1.49,Aisle 5 - Bin 3
3063,Progressive 24hour knowledgeba Pack,Beverage,1.13,Aisle 2 - Bin 7
1475,Open-architected non-volatile  Bottle,Chips,4.64,Aisle 2 - Bin 2
6019,Reduced next generation approa Pack,Juice,4.18,Aisle 4 - Bin 8
7269,Networked even-keeled ability Bottle,Cookies,1.42,Aisle 1 - Bin 10
5447,Pre-emptive asymmetric extrane Can,Chips,4.74,Aisle 3 - Bin 5
1950,Configurable solution-oriented Box,Candy,1.21,Aisle 3 - Bin 5
3080,Ergonomic heuristic moratorium Box,Beverage,2.54,Aisle 2 - Bin 9
9892,Integrated secondary infrastru Bottle,Health Food,2.93,Aisle 5 - Bin 3
7466,Team-oriented radical parallel Can,Health Food,3.61,Aisle 5 - Bin 6
2551,Programmable multimedia model Pack,Chips,3.56,Aisle 5 - Bin 9
270,Reverse-engineered regional mo Bar,Beverage,3.95,Aisle 2 - Bin 2
2021,Adaptive bandwidth-monitored i Bar,Energy Drinks,4.22,Aisle 4 - Bin 8
9951,Face-to-face hybrid flexibilit Pack,Snack,3.04,Aisle 5 - Bin 3
3894,Switchable secondary conglomer Pack,Energy Drinks,4.13,Aisle 2 - Bin 9
5451,Decentralized object-oriented  Box,Snack,4.36,Aisle 3 - Bin 5
5448,Visionary exuding policy Pack,Health Food,1.89,Aisle 4 - Bin 8
5322,Triple-buffered high-level enc Bar,Energy Drinks,1.9,Aisle 3 - Bin 2
184,Compatible holistic initiative Bar,Soda,1.97,Aisle 4 - Bin 2
6436,Assimilated clear-thinking inf Can,Candy,1.5,Aisle 3 - Bin 4
1135,Cloned multi-state functionali Box,Energy Drinks,2.59,Aisle 1 - Bin 9
4254,Total modular help-desk Box,Chips,4.07,Aisle 5 - Bin 3
6383,Persistent systemic service-de Box,Candy,3.82,Aisle 2 - Bin 1
8110,Monitored dedicated parallelis Box,Candy,3.73,Aisle 1 - Bin 10
5753,Team-oriented web-enabled benc Bar,Snack,4.21,Aisle 5 - Bin 9
105,Seamless national info-mediari Bottle,Snack,4.19,Aisle 4 - Bin 8
2527,Synchronized 24/7 paradigm Bar,Health Food,0.75,Aisle 1 - Bin 9
3456,Exclusive leadingedge project Can,Water,2.37,Aisle 1 - Bin 1
7224,Object-based upward-trending s Bottle,Beverage,3.63,Aisle 3 - Bin 2
7867,Secured asymmetric architectur Can,Cookies,1.99,Aisle 1 - Bin 9
2515,Pre-emptive well-modulated kno Can,Candy,4.55,Aisle 4 - Bin 4
2580,Face-to-face solution-oriented Can,Health Food,3.17,Aisle 1 - Bin 10
8612,Vision-oriented multi-state mo Box,Candy,2.4,Aisle 5 - Bin 9
4828,Ergonomic 24hour knowledge use Box,Health Food,3.3,Aisle 2 - Bin 1
7941,Realigned heuristic open syste Pack,Beverage,1.33,Aisle 4 - Bin 7
9154,Cross-platform explicit knowle Bar,Water,1.06,Aisle 5 - Bin 9
8717,Streamlined composite hardware Bottle,Beverage,4.09,Aisle 3 - Bin 5
2448,Sharable optimal hub Bottle,Chips,1.07,Aisle 2 - Bin 7
8794,User-friendly coherent info-me Can,Snack,1.9,Aisle 2 - Bin 6
7709,Mandatory national policy Box,Cookies,4.13,Aisle 2 - Bin 1
7858,Diverse responsive knowledgeba Bar,Juice,2.83,Aisle 2 - Bin 9
5027,Multi-lateral global project Bar,Candy,3.83,Aisle 3 - Bin 2
3274,Centralized 24/7 implementatio Box,Chips,2.85,Aisle 1 - Bin 9
427,Monitored grid-enabled matrix Bottle,Candy,3.87,Aisle 5 - Bin 3
7119,Adaptive hybrid data-warehouse Box,Juice,4.19,Aisle 5 - Bin 6
8532,Operative secondary archive Pack,Juice,2.38,Aisle 3 - Bin 2
1405,Configurable empowering modera Bar,Water,1.13,Aisle 2 - Bin 1
471,Profound methodical solution Pack,Juice,4.74,Aisle 5 - Bin 9
2692,Balanced 3rdgeneration analyze Bar,Candy,0.84,Aisle 2 - Bin 6
8070,Innovative fault-tolerant cont Box,Health Food,3.46,Aisle 1 - Bin 9
5659,Fully-configurable tangible su Box,Candy,2.29,Aisle 4 - Bin 4
3236,Open-source systematic core Bottle,Candy,1.08,Aisle 4 - Bin 7
1992,Function-based disintermediate Bar,Cookies,1.08,Aisle 5 - Bin 9
2801,Synergistic hybrid intranet Bottle,Cookies,3.56,Aisle 5 - Bin 3
6006,Switchable zero-defect portal Bar,Beverage,3.26,Aisle 5 - Bin 9
6904,Front-line zero-defect matrix Pack,Chips,3.19,Aisle 1 - Bin 9
4796,Assimilated mission-critical k Can,Cookies,5.0,Aisle 5 - Bin 3
4225,Advanced methodical customer l Bar,Candy,3.89,Aisle 5 - Bin 3
3391,Public-key homogeneous product Bottle,Chips,4.74,Aisle 5 - Bin 3
5131,Phased system-worthy adapter Box,Soda,0.6,Aisle 5 - Bin 9
627,Reactive background open archi Pack,Soda,4.33,Aisle 4 - Bin 7
2082,User-centric discrete moderato Bar,Water,4.67,Aisle 5 - Bin 9
3162,User-friendly upward-trending  Box,Juice,3.26,Aisle 1 - Bin 10
8112,Persevering responsive access Bottle,Health Food,1.43,Aisle 1 - Bin 10
5245,Fundamental high-level artific Bar,Candy,4.85,Aisle 5 - Bin 6
7951,Innovative heuristic implement Can,Juice,4.45,Aisle 5 - Bin 9
6077,Streamlined intangible core Pack,Chips,2.95,Aisle 5 - Bin 9
4410,Compatible systematic emulatio Box,Snack,0.97,Aisle 3 - Bin 5
3929,Cross-platform client-driven h Pack,Energy Drinks,3.01,Aisle 4 - Bin 4
236,Triple-buffered eco-centric ar Bar,Health Food,2.97,Aisle 5 - Bin 9
3963,Profound attitude-oriented orc Can,Water,2.03,Aisle 2 - Bin 6
363,Phased mission-critical websit Pack,Energy Drinks,3.35,Aisle 4 - Bin 4
4678,Robust dedicated encryption Can,Snack,3.36,Aisle 3 - Bin 5
7691,Down-sized static synergy Can,Energy Drinks,1.3,Aisle 4 - Bin 8
4182,Programmable analyzing emulati Box,Cookies,4.81,Aisle 5 - Bin 9
2150,Profit-focused object-oriented Can,Cookies,4.04,Aisle 3 - Bin 5
8225,Managed user-facing collaborat Pack,Beverage,0.54,Aisle 2 - Bin 2
4643,Automated scalable emulation Bottle,Energy Drinks,3.79,Aisle 5 - Bin 3
9518,Cross-platform bi-directional  Box,Cookies,0.61,Aisle 5 - Bin 6
7663,Universal 4thgeneration matrix Bar,Water,2.46,Aisle 4 - Bin 2
9498,Business-focused neutral throu Box,Beverage,4.46,Aisle 2 - Bin 7
8131,Advanced user-facing time-fram Can,Soda,4.06,Aisle 5 - Bin 3
7388,Integrated background methodol Box,Cookies,4.67,Aisle 5 - Bin 3
6091,Mandatory didactic matrices Bar,Energy Drinks,2.17,Aisle 2 - Bin 1
9701,Open-architected asymmetric fi Can,Cookies,1.25,Aisle 5 - Bin 6
1661,Secured well-modulated portal Pack,Energy Drinks,3.1,Aisle 4 - Bin 4
6693,Implemented zero administratio Bottle,Chips,4.67,Aisle 5 - Bin 3
2461,Configurable composite core Bar,Chips,4.57,Aisle 2 - Bin 9
3815,Profit-focused dedicated succe Bottle,Chips,2.28,Aisle 1 - Bin 10
1400,Object-based optimal budgetary Box,Water,2.44,Aisle 2 - Bin 6
8474,Team-oriented grid-enabled pro Pack,Cookies,0.63,Aisle 4 - Bin 8
4041,Open-architected demand-driven Bottle,Beverage,3.71,Aisle 2 - Bin 7
4229,Versatile context-sensitive pr Bottle,Health Food,3.23,Aisle 5 - Bin 9
1770,Open-source real-time open sys Bottle,Cookies,2.0,Aisle 3 - Bin 2
8872,Automated multimedia Graphic I Pack,Juice,1.93,Aisle 2 - Bin 1
6462,Intuitive didactic firmware Bar,Water,3.84,Aisle 4 - Bin 4
4216,Adaptive dynamic interface Bottle,Energy Drinks,1.72,Aisle 4 - Bin 2
892,Advanced intangible superstruc Bar,Candy,4.85,Aisle 5 - Bin 6
3736,Optional object-oriented intra Can,Chips,3.03,Aisle 5 - Bin 9
5571,User-friendly foreground funct Box,Juice,2.42,Aisle 1 - Bin 1
9595,Adaptive systematic service-de Bottle,Soda,1.01,Aisle 1 - Bin 10
7337,Team-oriented bandwidth-monito Bar,Chips,0.8,Aisle 2 - Bin 1
1382,Balanced transitional encrypti Pack,Snack,1.93,Aisle 1 - Bin 1
5281,Phased grid-enabled utilizatio Bar,Cookies,3.24,Aisle 5 - Bin 6
5807,Optimized actuating system eng Bottle,Snack,4.67,Aisle 5 - Bin 6
9172,De-engineered 3rdgeneration me Bar,Water,4.23,Aisle 3 - Bin 5
5531,Function-based secondary extra Box,Juice,4.14,Aisle 4 - Bin 8
2467,Operative well-modulated open  Bottle,Chips,4.8,Aisle 4 - Bin 8
7731,Reactive bifurcated orchestrat Box,Energy Drinks,2.23,Aisle 4 - Bin 2
7953,Multi-channeled value-added fr Pack,Health Food,4.22,Aisle 5 - Bin 3
7100,Horizontal attitude-oriented n Bar,Soda,4.06,Aisle 2 - Bin 7
6847,Robust encompassing strategy Pack,Beverage,4.69,Aisle 2 - Bin 1
1070,Self-enabling logistical utili Bar,Chips,3.98,Aisle 2 - Bin 6
5982,Optional even-keeled matrices Can,Snack,1.36,Aisle 4 - Bin 2
4928,Secured value-added open syste Can,Cookies,3.69,Aisle 4 - Bin 7
2829,Multi-channeled background web Pack,Water,4.9,Aisle 4 - Bin 7
9558,Enhanced interactive initiativ Bar,Water,1.61,Aisle 5 - Bin 9
2596,Cross-platform regional groupw Bar,Water,3.17,Aisle 2 - Bin 7
2000,Customizable composite interfa Can,Snack,0.59,Aisle 3 - Bin 4
1769,Public-key national circuit Can,Health Food,3.95,Aisle 4 - Bin 7
1061,Function-based 24hour structur Pack,Water,3.34,Aisle 3 - Bin 4
6518,Function-based zero-defect cor Box,Water,3.78,Aisle 1 - Bin 9
2563,Organic local budgetary manage Can,Juice,3.75,Aisle 4 - Bin 7
8675,Fundamental systematic matrix Can,Juice,3.0,Aisle 2 - Bin 9
1100,Upgradable demand-driven suppo Bottle,Soda,4.57,Aisle 3 - Bin 4
6538,Reactive radical moderator Bar,Soda,2.62,Aisle 3 - Bin 2
3595,Switchable asymmetric Internet Pack,Soda,1.08,Aisle 5 - Bin 9
3534,Virtual multi-state architectu Bar,Energy Drinks,4.08,Aisle 4 - Bin 8
5512,Universal 5thgeneration firmwa Bar,Health Food,3.55,Aisle 2 - Bin 9
1519,Digitized next generation infr Pack,Water,1.72,Aisle 5 - Bin 9
4749,Operative object-oriented stru Bottle,Beverage,2.67,Aisle 4 - Bin 4
9733,Reduced grid-enabled challenge Can,Chips,3.69,Aisle 5 - Bin 9
8580,Function-based needs-based thr Bottle,Water,0.51,Aisle 5 - Bin 9
5581,Organized non-volatile encrypt Bottle,Beverage,4.55,Aisle 2 - Bin 1
8764,Re-engineered analyzing workfo Bar,Energy Drinks,4.44,Aisle 4 - Bin 7
24,Enterprise-wide responsive ins Can,Juice,0.75,Aisle 1 - Bin 9
4522,Future-proofed context-sensiti Bottle,Health Food,0.56,Aisle 5 - Bin 9
8919,Decentralized discrete conglom Bottle,Snack,2.91,Aisle 4 - Bin 4
1902,Robust holistic superstructure Bottle,Beverage,3.35,Aisle 4 - Bin 4
4303,Cross-group zero tolerance cap Bar,Water,1.27,Aisle 4 - Bin 2
8132,Expanded asymmetric matrix Pack,Juice,2.48,Aisle 3 - Bin 5
5876,Face-to-face real-time applica Can,Cookies,3.69,Aisle 1 - Bin 9
7524,Stand-alone disintermediate in Bottle,Snack,2.41,Aisle 1 - Bin 1
4576,Cross-platform next generation Bar,Cookies,1.32,Aisle 4 - Bin 7
6008,Diverse next generation info-m Box,Juice,3.05,Aisle 4 - Bin 7
9757,Enterprise-wide interactive th Bottle,Energy Drinks,4.04,Aisle 2 - Bin 7
5514,Mandatory intermediate definit Can,Snack,1.12,Aisle 3 - Bin 2
5994,Advanced multi-tasking policy Bottle,Beverage,1.1,Aisle 1 - Bin 10
6859,Profound mobile task-force Box,Snack,4.85,Aisle 4 - Bin 2
8946,Compatible non-volatile foreca Pack,Juice,4.74,Aisle 3 - Bin 5
8464,Multi-layered full-range migra Pack,Snack,3.39,Aisle 4 - Bin 4
6016,Diverse tangible projection Can,Candy,1.04,Aisle 2 - Bin 6
9454,Ameliorated modular monitoring Box,Candy,2.75,Aisle 2 - Bin 2
5582,Public-key directional instruc Can,Energy Drinks,2.1,Aisle 3 - Bin 2
3648,Enterprise-wide static toolset Bar,Water,1.63,Aisle 1 - Bin 10
6844,Reverse-engineered contextuall Box,Cookies,3.25,Aisle 1 - Bin 10
5023,Grass-roots incremental contin Pack,Water,1.79,Aisle 2 - Bin 7
4903,Universal discrete protocol Bar,Health Food,2.52,Aisle 5 - Bin 3
2746,Re-engineered uniform architec Bottle,Soda,4.05,Aisle 5 - Bin 3
287,Operative executive budgetary  Bar,Chips,2.32,Aisle 1 - Bin 1
141,Re-contextualized multi-state  Can,Juice,4.95,Aisle 2 - Bin 9
8910,Optional explicit methodology Pack,Water,1.86,Aisle 1 - Bin 10
1238,Diverse object-oriented knowle Can,Snack,2.54,Aisle 1 - Bin 10
3281,Re-engineered interactive migr Bottle,Beverage,4.96,Aisle 4 - Bin 2
655,Balanced modular software Can,Energy Drinks,4.07,Aisle 5 - Bin 9
4682,Diverse next generation toolse Bar,Candy,1.85,Aisle 4 - Bin 4
9370,Robust responsive knowledgebas Box,Cookies,2.72,Aisle 3 - Bin 2
3597,Optimized incremental analyzer Pack,Health Food,2.1,Aisle 3 - Bin 2
4307,Public-key radical open archit Bottle,Juice,4.49,Aisle 5 - Bin 9
8337,Monitored systemic capability Bar,Energy Drinks,1.29,Aisle 5 - Bin 9
5798,Visionary bottom-line algorith Bottle,Health Food,0.78,Aisle 4 - Bin 2
139,Re-engineered responsive time- Bar,Candy,0.84,Aisle 2 - Bin 1
7575,Diverse methodical capacity Pack,Energy Drinks,1.24,Aisle 2 - Bin 7
5075,Implemented bifurcated focus g Bottle,Juice,3.96,Aisle 3 - Bin 4
1141,Object-based object-oriented s Pack,Beverage,0.98,Aisle 3 - Bin 4
2773,Enhanced even-keeled hardware Pack,Beverage,1.57,Aisle 2 - Bin 1
5497,Extended disintermediate attit Bar,Snack,3.97,Aisle 5 - Bin 9
7357,Optimized client-server orches Can,Candy,4.23,Aisle 1 - Bin 9
8977,Horizontal object-oriented inf Can,Cookies,4.99,Aisle 5 - Bin 6
7419,Function-based systemic system Can,Energy Drinks,2.2,Aisle 2 - Bin 2
1673,Object-based value-added knowl Pack,Beverage,4.33,Aisle 2 - Bin 2
740,Compatible client-server firmw Box,Health Food,0.96,Aisle 4 - Bin 4
8421,Realigned demand-driven paradi Can,Health Food,4.98,Aisle 4 - Bin 7
2145,Horizontal logistical producti Bottle,Beverage,3.32,Aisle 1 - Bin 10
1261,Configurable optimizing matric Bar,Energy Drinks,4.63,Aisle 4 - Bin 4
8908,Centralized system-worthy meth Bottle,Beverage,2.16,Aisle 2 - Bin 1
1559,Open-architected content-based Can,Water,1.19,Aisle 1 - Bin 1
7240,Monitored 6thgeneration workfo Pack,Snack,0.55,Aisle 2 - Bin 9
9400,Public-key bifurcated groupwar Bottle,Health Food,1.82,Aisle 4 - Bin 2
362,Persevering background Local A Pack,Health Food,2.51,Aisle 2 - Bin 6
5388,Reduced interactive middleware Pack,Soda,3.45,Aisle 5 - Bin 9
5056,Face-to-face foreground help-d Pack,Cookies,4.31,Aisle 2 - Bin 9
3944,Cloned multi-state array Bottle,Juice,2.03,Aisle 4 - Bin 4
6391,Extended encompassing definiti Bar,Beverage,2.31,Aisle 2 - Bin 1
1019,Focused value-added function Bottle,Chips,4.25,Aisle 5 - Bin 6
9741,Function-based hybrid flexibil Pack,Water,2.57,Aisle 3 - Bin 4
2317,Intuitive fresh-thinking morat Box,Health Food,1.56,Aisle 5 - Bin 6
8349,Triple-buffered intermediate d Bar,Chips,0.94,Aisle 3 - Bin 4
4046,Intuitive full-range time-fram Bottle,Energy Drinks,3.9,Aisle 4 - Bin 8
3200,Down-sized background collabor Box,Candy,3.25,Aisle 3 - Bin 4
5870,Networked static algorithm Bottle,Snack,2.79,Aisle 1 - Bin 9
1214,Inverse 3rdgeneration database Box,Juice,1.09,Aisle 1 - Bin 10
8350,Quality-focused exuding migrat Box,Candy,0.56,Aisle 5 - Bin 6
640,Programmable upward-trending m Bar,Candy,3.7,Aisle 4 - Bin 2
2273,Business-focused disintermedia Bar,Water,2.77,Aisle 1 - Bin 10
76,Horizontal interactive access Bottle,Water,4.42,Aisle 3 - Bin 4
6222,Public-key didactic collaborat Box,Energy Drinks,3.76,Aisle 1 - Bin 10
7272,Re-engineered system-worthy mo Bar,Beverage,2.22,Aisle 3 - Bin 4
8789,Inverse analyzing budgetary ma Bar,Cookies,2.11,Aisle 2 - Bin 9
3169,Future-proofed intangible arti Can,Snack,2.82,Aisle 2 - Bin 2
5684,Networked analyzing circuit Can,Chips,3.44,Aisle 1 - Bin 1
3651,Proactive multi-tasking knowle Box,Soda,3.03,Aisle 3 - Bin 4
9453,Public-key user-facing migrati Bottle,Energy Drinks,0.89,Aisle 3 - Bin 2
7964,Phased intermediate moderator Pack,Soda,1.31,Aisle 4 - Bin 2
552,Streamlined multimedia superst Bar,Health Food,1.17,Aisle 5 - Bin 3
9408,Assimilated zero tolerance cap Box,Beverage,3.95,Aisle 2 - Bin 7
9776,Object-based 24hour parallelis Bar,Cookies,4.34,Aisle 2 - Bin 7
4280,Object-based disintermediate o Bottle,Soda,0.56,Aisle 1 - Bin 10
5339,Distributed 6thgeneration hub Bottle,Snack,2.5,Aisle 3 - Bin 5
2374,Upgradable regional groupware Bar,Snack,0.69,Aisle 4 - Bin 7
7546,Face-to-face value-added focus Can,Soda,1.77,Aisle 3 - Bin 5
936,Implemented zero administratio Bottle,Beverage,2.89,Aisle 1 - Bin 10
8837,Synergistic bi-directional Loc Pack,Candy,0.64,Aisle 5 - Bin 9
9415,Compatible empowering instruct Pack,Water,2.5,Aisle 3 - Bin 5
1157,Object-based discrete ability Box,Beverage,1.61,Aisle 2 - Bin 7
9100,Customizable real-time groupwa Box,Energy Drinks,2.89,Aisle 5 - Bin 9
4284,Profound neutral concept Box,Candy,3.34,Aisle 5 - Bin 3
780,De-engineered optimizing syner Box,Juice,2.64,Aisle 4 - Bin 8
9136,Customer-focused value-added c Can,Soda,1.32,Aisle 1 - Bin 1
5796,Future-proofed even-keeled sup Pack,Soda,2.96,Aisle 2 - Bin 9
1325,Organized 6thgeneration supers Pack,Water,0.86,Aisle 5 - Bin 9
1163,User-friendly motivating super Bottle,Chips,3.55,Aisle 5 - Bin 3
4989,Vision-oriented well-modulated Bottle,Health Food,4.08,Aisle 2 - Bin 6
6357,Stand-alone tangible Internet  Bar,Water,1.98,Aisle 5 - Bin 9
3056,Phased reciprocal ability Can,Energy Drinks,2.47,Aisle 2 - Bin 7
897,Robust mobile methodology Pack,Beverage,2.4,Aisle 1 - Bin 10
3728,Multi-tiered multi-state knowl Bar,Soda,2.46,Aisle 5 - Bin 9
8460,Visionary secondary applicatio Bottle,Chips,1.37,Aisle 3 - Bin 5
9889,Programmable transitional para Pack,Cookies,0.67,Aisle 4 - Bin 7
2144,User-centric optimizing proces Box,Energy Drinks,2.88,Aisle 4 - Bin 4
3766,Cross-group multimedia website Bar,Cookies,3.9,Aisle 2 - Bin 1
2950,Optimized 4thgeneration Graphi Can,Chips,1.54,Aisle 2 - Bin 6
8270,Customizable 3rdgeneration fra Pack,Beverage,4.46,Aisle 2 - Bin 1
9495,Monitored uniform installation Box,Juice,4.46,Aisle 1 - Bin 1
8792,Distributed asynchronous lever Bottle,Energy Drinks,3.65,Aisle 4 - Bin 8
7242,Horizontal next generation sup Pack,Candy,0.51,Aisle 4 - Bin 8
4472,Enhanced high-level instructio Can,Water,4.07,Aisle 4 - Bin 4
3688,Proactive hybrid knowledge use Bar,Beverage,1.86,Aisle 4 - Bin 2
6145,Extended 4thgeneration neural- Bar,Candy,4.01,Aisle 3 - Bin 5
9689,Front-line dedicated moderator Can,Chips,1.17,Aisle 2 - Bin 6
7533,Object-based impactful adapter Bottle,Beverage,4.42,Aisle 2 - Bin 9
3249,Operative system-worthy softwa Bar,Water,4.9,Aisle 5 - Bin 6
8105,Phased exuding installation Bar,Snack,3.16,Aisle 2 - Bin 9
5645,Mandatory responsive adapter Bottle,Health Food,4.99,Aisle 2 - Bin 9
421,Profound secondary budgetary m Pack,Beverage,4.65,Aisle 1 - Bin 1
5967,Realigned coherent moratorium Bottle,Beverage,3.39,Aisle 2 - Bin 1
4400,Public-key context-sensitive p Pack,Soda,2.66,Aisle 2 - Bin 2
3483,Advanced exuding artificial in Bottle,Beverage,1.96,Aisle 2 - Bin 2
4143,Re-contextualized scalable str Can,Health Food,4.73,Aisle 2 - Bin 9
1639,Pre-emptive neutral data-wareh Box,Soda,0.57,Aisle 3 - Bin 2
4037,Adaptive user-facing migration Box,Beverage,3.5,Aisle 1 - Bin 9
4194,Customer-focused exuding prici Pack,Water,2.44,Aisle 3 - Bin 4
4054,Operative intangible portal Bar,Beverage,1.35,Aisle 2 - Bin 7
3155,Reactive asymmetric service-de Pack,Water,3.89,Aisle 5 - Bin 9
6647,Configurable clear-thinking se Bottle,Chips,3.08,Aisle 2 - Bin 1
6676,Extended intangible frame Can,Water,2.78,Aisle 5 - Bin 9
6545,Business-focused maximized ope Bar,Cookies,0.85,Aisle 3 - Bin 4
1914,Face-to-face human-resource sy Can,Cookies,0.96,Aisle 3 - Bin 4
5542,Front-line impactful Local Are Box,Energy Drinks,1.83,Aisle 3 - Bin 2
3268,Adaptive multi-state time-fram Box,Soda,1.72,Aisle 2 - Bin 1
5008,Virtual directional Graphical  Bar,Energy Drinks,4.55,Aisle 4 - Bin 7
9221,Upgradable national hardware Can,Chips,3.58,Aisle 2 - Bin 6
8931,Optimized analyzing methodolog Pack,Water,4.38,Aisle 1 - Bin 10
7459,Monitored fault-tolerant instr Bottle,Chips,3.94,Aisle 5 - Bin 3
536,Cloned bi-directional adapter Bottle,Juice,3.94,Aisle 1 - Bin 1
3567,Decentralized static artificia Box,Juice,3.19,Aisle 5 - Bin 3
4799,Devolved zero-defect workforce Can,Health Food,4.63,Aisle 3 - Bin 5
2377,Optional national website Bottle,Health Food,2.26,Aisle 3 - Bin 4
593,Optimized exuding parallelism Bottle,Beverage,1.71,Aisle 5 - Bin 3
318,Stand-alone user-facing comple Bar,Soda,4.13,Aisle 5 - Bin 6
5702,Vision-oriented fresh-thinking Pack,Snack,4.78,Aisle 5 - Bin 9
4416,Self-enabling encompassing pro Bar,Chips,1.23,Aisle 2 - Bin 9
7884,Object-based bifurcated Intern Box,Health Food,4.68,Aisle 1 - Bin 9
2878,Balanced foreground challenge Bottle,Water,4.52,Aisle 1 - Bin 9
5930,Innovative uniform algorithm Can,Snack,0.55,Aisle 2 - Bin 9
4176,Centralized real-time data-war Pack,Energy Drinks,1.74,Aisle 4 - Bin 8
4118,Persistent executive software Can,Cookies,0.61,Aisle 2 - Bin 1
4411,Future-proofed upward-trending Bottle,Snack,1.09,Aisle 4 - Bin 8
5087,Robust coherent alliance Pack,Health Food,2.18,Aisle 3 - Bin 5
6079,Organic 6thgeneration capacity Bottle,Soda,3.38,Aisle 5 - Bin 9
2315,Compatible clear-thinking prod Bottle,Beverage,0.95,Aisle 4 - Bin 2
8857,Expanded homogeneous applicati Box,Chips,4.61,Aisle 2 - Bin 7
632,Reduced contextually-based alg Bar,Snack,3.29,Aisle 5 - Bin 9
5415,User-centric explicit leverage Box,Chips,4.34,Aisle 2 - Bin 2
3653,Intuitive encompassing extrane Bottle,Juice,3.24,Aisle 2 - Bin 6
9934,Visionary tangible frame Bottle,Water,1.3,Aisle 5 - Bin 6
4670,Optional empowering knowledgeb Box,Soda,2.1,Aisle 2 - Bin 7
3302,Profit-focused client-server h Bar,Soda,3.57,Aisle 4 - Bin 2
2243,Seamless web-enabled Graphic I Box,Candy,1.19,Aisle 5 - Bin 9
1888,Monitored multi-tasking abilit Pack,Juice,4.75,Aisle 2 - Bin 2
530,Quality-focused systemic matri Bar,Water,3.62,Aisle 2 - Bin 7
4080,Optional mobile data-warehouse Bar,Snack,3.95,Aisle 2 - Bin 9
6711,Progressive content-based impl Box,Snack,3.56,Aisle 2 - Bin 1
6551,Programmable 24hour extranet Bottle,Water,3.28,Aisle 5 - Bin 9
7432,Enhanced 5thgeneration forecas Bottle,Snack,1.81,Aisle 5 - Bin 6
9823,Customer-focused optimizing so Bottle,Candy,2.17,Aisle 2 - Bin 6
8658,Organized bifurcated customer  Box,Candy,0.61,Aisle 3 - Bin 2
38,Object-based transitional emul Box,Cookies,0.61,Aisle 2 - Bin 7
8484,Secured dedicated open archite Can,Energy Drinks,2.65,Aisle 2 - Bin 7
2029,Stand-alone responsive emulati Pack,Candy,2.83,Aisle 5 - Bin 6
2111,Enhanced composite migration Box,Beverage,4.09,Aisle 5 - Bin 3
5897,Operative grid-enabled circuit Bar,Juice,1.39,Aisle 3 - Bin 5
3698,Function-based mobile neural-n Box,Beverage,4.52,Aisle 5 - Bin 3
9447,Vision-oriented grid-enabled a Bottle,Candy,4.47,Aisle 5 - Bin 9
4336,Switchable radical throughput Bar,Cookies,3.1,Aisle 4 - Bin 8
6321,Upgradable dedicated encryptio Bottle,Health Food,4.16,Aisle 5 - Bin 9
7316,Object-based impactful synergy Box,Soda,1.87,Aisle 2 - Bin 6
7175,Customer-focused tangible data Can,Snack,2.27,Aisle 5 - Bin 9
9114,Cross-platform responsive Inte Bar,Health Food,2.01,Aisle 1 - Bin 9
9686,Reduced incremental website Bottle,Energy Drinks,0.96,Aisle 5 - Bin 9
2125,Fully-configurable web-enabled Pack,Juice,4.8,Aisle 5 - Bin 3
826,Robust 4thgeneration encryptio Can,Chips,4.71,Aisle 2 - Bin 9
4909,Balanced context-sensitive inf Can,Energy Drinks,2.95,Aisle 5 - Bin 9
9578,De-engineered human-resource i Can,Energy Drinks,3.8,Aisle 2 - Bin 1
6756,Business-focused static functi Pack,Juice,4.35,Aisle 1 - Bin 10
1569,Programmable non-volatile syst Bar,Juice,0.84,Aisle 1 - Bin 9
4770,Profit-focused intangible arti Can,Beverage,0.9,Aisle 1 - Bin 10
9386,Horizontal real-time structure Box,Water,1.18,Aisle 4 - Bin 7
7671,Horizontal neutral time-frame Box,Candy,4.02,Aisle 1 - Bin 10
2400,Visionary content-based knowle Can,Soda,4.74,Aisle 1 - Bin 9
2714,Visionary zero-defect knowledg Box,Beverage,3.72,Aisle 4 - Bin 8
7584,Operative multi-state challeng Bar,Candy,4.79,Aisle 4 - Bin 7
702,Versatile responsive database Pack,Health Food,3.9,Aisle 3 - Bin 2
6583,Implemented executive forecast Pack,Water,1.31,Aisle 4 - Bin 7
8823,Open-source 4thgeneration succ Bottle,Juice,2.0,Aisle 1 - Bin 9
6117,Streamlined holistic throughpu Pack,Beverage,3.45,Aisle 1 - Bin 9
8061,Ergonomic system-worthy soluti Pack,Beverage,3.38,Aisle 4 - Bin 2
5112,Mandatory heuristic Internet s Bar,Chips,1.18,Aisle 5 - Bin 9
4170,Programmable grid-enabled inst Pack,Soda,1.98,Aisle 4 - Bin 4
2412,User-centric needs-based neura Bottle,Water,2.59,Aisle 4 - Bin 2
3881,Optional intangible leverage Bar,Energy Drinks,3.48,Aisle 2 - Bin 1
6206,Operative global projection Bottle,Candy,2.55,Aisle 1 - Bin 1
5557,Stand-alone national instructi Pack,Soda,3.8,Aisle 2 - Bin 6
2280,Fully-configurable neutral str Can,Chips,2.11,Aisle 1 - Bin 1
2488,Function-based homogeneous neu Pack,Energy Drinks,1.4,Aisle 2 - Bin 7
2828,Distributed reciprocal benchma Can,Soda,4.18,Aisle 2 - Bin 9
1926,Optimized responsive conglomer Bar,Snack,1.73,Aisle 5 - Bin 9
5714,Progressive explicit framework Box,Soda,1.2,Aisle 5 - Bin 9
9169,Automated clear-thinking infra Can,Beverage,1.83,Aisle 4 - Bin 2
9354,De-engineered human-resource a Pack,Beverage,3.87,Aisle 2 - Bin 9
6910,Re-contextualized explicit fra Box,Health Food,4.13,Aisle 1 - Bin 1
8113,Multi-lateral logistical forec Bar,Energy Drinks,3.14,Aisle 4 - Bin 2
9897,Open-source 3rdgeneration emul Box,Cookies,2.49,Aisle 5 - Bin 9
2654,Streamlined directional standa Bar,Energy Drinks,1.04,Aisle 4 - Bin 2
2344,Networked content-based paradi Box,Beverage,3.44,Aisle 1 - Bin 10
5786,Public-key asynchronous data-w Bottle,Health Food,3.51,Aisle 4 - Bin 7
4955,Polarized multi-tasking concep Bar,Chips,4.89,Aisle 5 - Bin 9
6029,Multi-lateral high-level produ Can,Candy,3.42,Aisle 3 - Bin 2
7699,Triple-buffered holistic produ Box,Candy,0.67,Aisle 1 - Bin 9
5248,Team-oriented full-range inter Bottle,Cookies,2.67,Aisle 1 - Bin 1
9784,Up-sized system-worthy info-me Box,Energy Drinks,0.75,Aisle 4 - Bin 2
4789,Enhanced disintermediate prici Can,Cookies,4.35,Aisle 5 - Bin 9
5428,Synchronized leadingedge time- Bar,Soda,1.55,Aisle 1 - Bin 1
9945,Multi-layered incremental adap Pack,Chips,1.21,Aisle 3 - Bin 5
7367,Self-enabling transitional cus Bottle,Health Food,1.2,Aisle 3 - Bin 5
867,Reactive human-resource collab Bar,Water,3.64,Aisle 1 - Bin 10
94,Robust upward-trending monitor Bar,Soda,0.66,Aisle 2 - Bin 7
7887,Focused context-sensitive poli Bar,Water,2.05,Aisle 3 - Bin 5
9324,Open-architected homogeneous m Box,Soda,1.78,Aisle 4 - Bin 4
2847,Re-contextualized foreground s Pack,Health Food,4.73,Aisle 2 - Bin 9
3397,Visionary composite solution Bottle,Juice,4.36,Aisle 3 - Bin 5
2782,Implemented holistic core Pack,Chips,4.8,Aisle 2 - Bin 7
5389,Re-engineered tertiary array Bar,Water,3.4,Aisle 2 - Bin 9
7662,Horizontal eco-centric definit Can,Beverage,3.66,Aisle 2 - Bin 9
4287,Balanced client-server databas Bottle,Water,3.63,Aisle 5 - Bin 9
2769,Customizable holistic help-des Pack,Candy,4.82,Aisle 2 - Bin 1
8430,Visionary content-based abilit Bottle,Energy Drinks,2.8,Aisle 2 - Bin 7
5213,User-centric motivating abilit Box,Chips,1.9,Aisle 3 - Bin 2
6619,Extended dedicated Graphical U Box,Water,1.22,Aisle 3 - Bin 4
6896,Digitized system-worthy open a Bar,Cookies,3.15,Aisle 5 - Bin 3
2789,Switchable stable function Box,Health Food,3.21,Aisle 5 - Bin 9
1242,Ergonomic heuristic initiative Pack,Cookies,1.31,Aisle 2 - Bin 2
2939,Stand-alone directional intran Box,Beverage,3.86,Aisle 2 - Bin 1
7766,Persistent needs-based archite Pack,Snack,3.4,Aisle 4 - Bin 2
7293,Open-architected 4thgeneration Bottle,Beverage,4.92,Aisle 1 - Bin 10
6269,Polarized heuristic project Bottle,Energy Drinks,1.55,Aisle 1 - Bin 1
6945,Robust demand-driven challenge Bottle,Beverage,4.05,Aisle 5 - Bin 3
5685,User-centric dynamic conglomer Can,Candy,3.06,Aisle 5 - Bin 9
4650,Pre-emptive well-modulated fra Bar,Snack,1.41,Aisle 4 - Bin 4
5065,Up-sized secondary open system Bottle,Chips,0.52,Aisle 5 - Bin 9
6198,Team-oriented fault-tolerant m Can,Candy,3.1,Aisle 1 - Bin 10
3278,Managed user-facing Graphical  Bar,Candy,2.57,Aisle 1 - Bin 1
989,Reverse-engineered client-serv Pack,Cookies,1.5,Aisle 2 - Bin 2
572,Public-key bottom-line website Bottle,Juice,0.84,Aisle 2 - Bin 2
2430,Visionary demand-driven synerg Pack,Candy,0.76,Aisle 2 - Bin 1
4864,Adaptive zero administration p Can,Health Food,1.19,Aisle 2 - Bin 6
3613,Synergized bifurcated open arc Pack,Health Food,3.94,Aisle 5 - Bin 9
340,Automated system-worthy time-f Can,Candy,4.41,Aisle 4 - Bin 4
6970,Sharable composite throughput Bar,Snack,2.86,Aisle 5 - Bin 6
4971,Open-architected needs-based h Bar,Candy,2.71,Aisle 1 - Bin 10
5140,Profound content-based time-fr Can,Energy Drinks,2.16,Aisle 4 - Bin 2
1694,Profound human-resource Graphi Bar,Soda,2.55,Aisle 1 - Bin 10
8498,Implemented cohesive website Bottle,Cookies,4.01,Aisle 2 - Bin 9
6631,Universal incremental moderato Bottle,Candy,1.42,Aisle 5 - Bin 9
3381,Adaptive 24hour attitude Can,Cookies,4.92,Aisle 3 - Bin 5
5138,Grass-roots non-volatile frame Box,Soda,1.96,Aisle 4 - Bin 7
7910,Fundamental contextually-based Box,Chips,3.13,Aisle 3 - Bin 2
2347,Configurable 3rdgeneration sec Bottle,Water,3.93,Aisle 4 - Bin 4
9722,Versatile homogeneous customer Pack,Beverage,2.94,Aisle 4 - Bin 7
9128,Configurable directional circu Box,Water,4.19,Aisle 1 - Bin 1
7183,Team-oriented bifurcated secur Box,Cookies,3.29,Aisle 2 - Bin 9
6293,Horizontal multi-state synergy Can,Juice,3.48,Aisle 5 - Bin 6
2391,Synergistic fault-tolerant sys Bar,Energy Drinks,2.1,Aisle 2 - Bin 7
8314,Focused actuating moratorium Bar,Juice,1.4,Aisle 2 - Bin 2
3556,Self-enabling regional strateg Can,Cookies,3.61,Aisle 1 - Bin 9
9125,Public-key holistic protocol Bottle,Beverage,1.95,Aisle 5 - Bin 9
8778,Ergonomic even-keeled knowledg Bottle,Juice,4.28,Aisle 5 - Bin 6
5176,Fundamental interactive benchm Pack,Water,1.4,Aisle 5 - Bin 9
6104,Inverse zero administration or Bar,Snack,4.83,Aisle 4 - Bin 2
3156,Persevering radical data-wareh Pack,Juice,4.22,Aisle 3 - Bin 2
2471,Innovative web-enabled secured Bottle,Snack,2.81,Aisle 1 - Bin 10
1470,Robust upward-trending open sy Can,Snack,1.16,Aisle 2 - Bin 7
7543,Customizable solution-oriented Box,Cookies,4.2,Aisle 3 - Bin 2
6329,Inverse real-time challenge Pack,Soda,0.52,Aisle 5 - Bin 9
4884,Optional multi-tasking product Bottle,Beverage,3.21,Aisle 3 - Bin 2
3649,Persistent systematic workforc Pack,Snack,1.22,Aisle 2 - Bin 6
6614,Fundamental non-volatile infra Pack,Health Food,0.74,Aisle 2 - Bin 1
2755,Monitored coherent knowledgeba Box,Water,3.24,Aisle 1 - Bin 1
9754,Multi-tiered executive complex Box,Candy,2.93,Aisle 5 - Bin 9
7509,Optional fresh-thinking capaci Bar,Snack,2.48,Aisle 4 - Bin 2
9210,Object-based clear-thinking so Can,Soda,1.99,Aisle 1 - Bin 1
4917,Automated high-level moderator Can,Juice,0.81,Aisle 5 - Bin 9
4952,Synergistic interactive adapte Bottle,Water,1.16,Aisle 1 - Bin 9
263,Multi-channeled optimal archiv Box,Water,4.75,Aisle 5 - Bin 9
7168,Automated upward-trending cust Box,Chips,4.62,Aisle 1 - Bin 1
6084,Cross-platform motivating fram Pack,Candy,0.94,Aisle 5 - Bin 6
5105,Digitized systematic ability Bar,Candy,1.27,Aisle 2 - Bin 9
7256,Optimized fault-tolerant archi Box,Chips,4.51,Aisle 2 - Bin 1
9640,Re-contextualized incremental  Can,Water,3.75,Aisle 3 - Bin 5
300,Stand-alone disintermediate wo Can,Energy Drinks,4.1,Aisle 5 - Bin 9
2110,Synchronized holistic definiti Box,Juice,2.0,Aisle 5 - Bin 9
5289,Fully-configurable eco-centric Box,Water,2.99,Aisle 5 - Bin 9
9978,Virtual mobile instruction set Bottle,Juice,3.62,Aisle 3 - Bin 5
1377,Triple-buffered zero-defect sy Box,Candy,4.78,Aisle 5 - Bin 3
1000,Realigned didactic array Pack,Energy Drinks,2.24,Aisle 4 - Bin 2
1854,Customizable bandwidth-monitor Bar,Water,1.68,Aisle 1 - Bin 1
7564,Customizable contextually-base Box,Cookies,4.31,Aisle 4 - Bin 8
5811,User-centric bottom-line data- Bar,Health Food,1.59,Aisle 2 - Bin 7
4705,Persevering user-facing foreca Bar,Chips,1.61,Aisle 1 - Bin 1
5074,Distributed tangible alliance Bottle,Cookies,4.52,Aisle 3 - Bin 2
1306,Reactive user-facing leverage Bar,Snack,3.94,Aisle 5 - Bin 6
1548,Reduced tangible pricing struc Box,Candy,4.46,Aisle 5 - Bin 9
2993,Secured human-resource Local A Bottle,Chips,2.36,Aisle 5 - Bin 9
9671,Object-based bifurcated instru Box,Water,3.64,Aisle 5 - Bin 3
7496,Exclusive multi-state definiti Box,Cookies,2.85,Aisle 5 - Bin 9
4550,Optional eco-centric portal Bar,Cookies,0.96,Aisle 1 - Bin 10
1629,Optional 24hour methodology Box,Soda,0.72,Aisle 5 - Bin 9
5909,Fully-configurable maximized p Can,Snack,1.76,Aisle 1 - Bin 10
7540,Managed national core Bottle,Candy,1.34,Aisle 5 - Bin 9
8296,Open-architected disintermedia Bottle,Energy Drinks,0.78,Aisle 3 - Bin 4
9387,Exclusive human-resource Local Pack,Health Food,1.85,Aisle 2 - Bin 9
6773,Persevering regional installat Can,Juice,0.66,Aisle 2 - Bin 9
6390,Implemented 24/7 knowledgebase Bottle,Energy Drinks,4.79,Aisle 4 - Bin 4
7289,Progressive hybrid framework Bottle,Energy Drinks,2.08,Aisle 4 - Bin 7
8249,Fundamental heuristic Internet Can,Cookies,1.37,Aisle 1 - Bin 10
6776,Profit-focused tangible data-w Box,Beverage,1.18,Aisle 5 - Bin 9
1468,Customer-focused multi-state i Box,Candy,4.35,Aisle 1 - Bin 10
998,Distributed multi-tasking circ Box,Water,3.98,Aisle 4 - Bin 2
7043,Future-proofed scalable parall Pack,Cookies,1.52,Aisle 1 - Bin 9
2892,Function-based zero tolerance  Box,Snack,4.0,Aisle 4 - Bin 4
133,Multi-tiered optimizing Local  Can,Energy Drinks,4.69,Aisle 5 - Bin 9
8800,Total optimizing Local Area Ne Box,Beverage,0.82,Aisle 5 - Bin 6
1356,Robust object-oriented standar Bottle,Chips,2.74,Aisle 2 - Bin 9
6834,Cross-group needs-based workfo Box,Water,4.93,Aisle 5 - Bin 9
9291,Triple-buffered coherent congl Box,Water,1.23,Aisle 4 - Bin 2
2393,Enhanced full-range approach Box,Beverage,2.35,Aisle 2 - Bin 2
2590,Multi-tiered full-range custom Box,Soda,0.86,Aisle 5 - Bin 9
9673,Upgradable system-worthy analy Pack,Water,2.01,Aisle 5 - Bin 9
9994,Exclusive impactful encoding Box,Health Food,1.16,Aisle 5 - Bin 3
1568,Customer-focused context-sensi Box,Beverage,1.71,Aisle 2 - Bin 9
8654,Team-oriented neutral concept Pack,Snack,1.58,Aisle 2 - Bin 1
2045,Multi-lateral radical installa Box,Cookies,4.14,Aisle 5 - Bin 9
4714,Devolved grid-enabled matrices Can,Candy,1.64,Aisle 3 - Bin 4
7944,Upgradable composite budgetary Bar,Cookies,4.46,Aisle 2 - Bin 2
7582,Customizable systemic producti Pack,Water,2.67,Aisle 3 - Bin 2
7528,Enterprise-wide tertiary secur Pack,Cookies,1.62,Aisle 2 - Bin 6
1297,Extended clear-thinking orches Bar,Water,0.9,Aisle 1 - Bin 9
6617,Secured fault-tolerant paralle Can,Energy Drinks,4.16,Aisle 1 - Bin 1
7146,Public-key object-oriented ana Box,Juice,2.9,Aisle 5 - Bin 9
4200,Monitored even-keeled middlewa Pack,Juice,1.57,Aisle 5 - Bin 9
3351,Streamlined interactive instal Bar,Energy Drinks,3.82,Aisle 1 - Bin 10
9589,Open-architected dedicated thr Bottle,Snack,3.86,Aisle 4 - Bin 8
2915,Devolved secondary contingency Bar,Chips,3.5,Aisle 2 - Bin 2
9105,Monitored context-sensitive st Box,Snack,2.99,Aisle 2 - Bin 2
5498,Sharable non-volatile extranet Can,Candy,3.71,Aisle 1 - Bin 10
5507,Progressive composite function Bar,Energy Drinks,0.95,Aisle 4 - Bin 8
8895,Compatible holistic hub Bar,Juice,0.59,Aisle 2 - Bin 7
6205,Integrated attitude-oriented p Bar,Beverage,1.08,Aisle 2 - Bin 2
8542,Organized exuding encryption Bottle,Juice,2.43,Aisle 2 - Bin 2
9651,Enhanced needs-based product Can,Health Food,3.47,Aisle 3 - Bin 4
7599,Distributed well-modulated wor Box,Cookies,0.87,Aisle 4 - Bin 8
2852,Total directional Local Area N Can,Health Food,4.35,Aisle 2 - Bin 1
494,Programmable value-added morat Can,Candy,4.87,Aisle 3 - Bin 5
1413,Proactive even-keeled support Pack,Health Food,2.12,Aisle 5 - Bin 6
4419,Centralized intermediate defin Box,Soda,2.91,Aisle 2 - Bin 6
825,Universal even-keeled secured  Box,Beverage,2.5,Aisle 2 - Bin 7
7478,Reactive multimedia pricing st Bottle,Energy Drinks,2.85,Aisle 4 - Bin 8
5617,Horizontal neutral approach Pack,Cookies,2.28,Aisle 2 - Bin 6
3846,Synergized encompassing challe Box,Health Food,3.64,Aisle 5 - Bin 3
8387,Devolved systematic conglomera Pack,Chips,3.67,Aisle 1 - Bin 1
1198,Switchable bottom-line install Bottle,Cookies,1.69,Aisle 1 - Bin 1
7145,Assimilated 24/7 orchestration Bar,Health Food,3.14,Aisle 5 - Bin 6
8937,Fully-configurable impactful w Bar,Water,0.63,Aisle 1 - Bin 1
3639,Total tangible Local Area Netw Pack,Juice,2.5,Aisle 3 - Bin 5
1441,Team-oriented reciprocal defin Bar,Cookies,3.31,Aisle 2 - Bin 1
2388,Multi-channeled dedicated supp Bottle,Soda,0.67,Aisle 4 - Bin 8
699,Monitored optimal product Can,Juice,1.94,Aisle 5 - Bin 3
6058,Profound human-resource protoc Box,Beverage,4.12,Aisle 2 - Bin 9
1506,Fully-configurable responsive  Can,Beverage,3.43,Aisle 3 - Bin 4
5848,Progressive tangible open syst Pack,Snack,2.84,Aisle 3 - Bin 2
2812,Multi-channeled system-worthy  Can,Juice,1.93,Aisle 1 - Bin 1
4916,Seamless system-worthy allianc Bottle,Beverage,3.87,Aisle 2 - Bin 9
9426,Cloned asynchronous task-force Can,Energy Drinks,3.02,Aisle 2 - Bin 7
3324,Grass-roots well-modulated def Bar,Juice,1.12,Aisle 4 - Bin 2
8985,Fundamental motivating policy Bar,Chips,4.69,Aisle 2 - Bin 1
3928,Customer-focused optimal super Bottle,Snack,2.21,Aisle 5 - Bin 9
7507,Digitized 3rdgeneration monito Can,Candy,3.05,Aisle 5 - Bin 9
8386,Switchable logistical infrastr Can,Chips,1.52,Aisle 2 - Bin 2
6905,Mandatory impactful service-de Can,Chips,3.46,Aisle 2 - Bin 1
7913,Down-sized human-resource arch Bottle,Snack,4.44,Aisle 4 - Bin 7
1885,Open-architected explicit serv Bottle,Juice,2.9,Aisle 3 - Bin 5
2995,Vision-oriented foreground str Bar,Health Food,4.86,Aisle 2 - Bin 7
5156,Operative impactful customer l Can,Energy Drinks,2.2,Aisle 1 - Bin 1
1148,Configurable context-sensitive Pack,Health Food,3.15,Aisle 2 - Bin 6
6064,Horizontal scalable collaborat Bottle,Chips,2.03,Aisle 5 - Bin 6
9744,Reactive optimizing middleware Bar,Beverage,0.71,Aisle 5 - Bin 6
1675,Universal well-modulated help- Pack,Water,4.76,Aisle 1 - Bin 9
5038,Quality-focused mobile intrane Pack,Juice,1.86,Aisle 2 - Bin 1
2863,Grass-roots foreground databas Bottle,Beverage,0.87,Aisle 2 - Bin 9
2749,Extended mobile matrices Box,Snack,3.11,Aisle 5 - Bin 9
527,Customizable optimizing standa Bar,Juice,1.16,Aisle 4 - Bin 7
7083,Compatible tangible project Can,Energy Drinks,3.55,Aisle 2 - Bin 7
9971,Multi-layered modular artifici Pack,Soda,2.04,Aisle 4 - Bin 4
3655,Fully-configurable clear-think Bar,Water,3.9,Aisle 5 - Bin 6
5726,Managed bottom-line array Bar,Cookies,3.29,Aisle 1 - Bin 10
517,User-friendly eco-centric mode Bar,Beverage,1.13,Aisle 1 - Bin 1
368,Function-based tangible frame Can,Juice,2.4,Aisle 5 - Bin 9
3986,Cloned value-added time-frame Pack,Health Food,0.97,Aisle 4 - Bin 4
7780,Open-architected upward-trendi Can,Candy,2.5,Aisle 3 - Bin 5
7057,Diverse methodical process imp Pack,Chips,1.57,Aisle 4 - Bin 2
730,Implemented methodical challen Pack,Beverage,1.66,Aisle 2 - Bin 6
3578,Integrated encompassing custom Box,Health Food,1.94,Aisle 5 - Bin 6
6999,Profound methodical throughput Bar,Soda,4.06,Aisle 4 - Bin 2
9393,Reduced 5thgeneration portal Box,Juice,4.23,Aisle 2 - Bin 1
5495,De-engineered interactive stan Box,Beverage,3.88,Aisle 4 - Bin 2
1126,Devolved impactful knowledge u Can,Chips,2.37,Aisle 3 - Bin 5
375,Networked clear-thinking Graph Can,Energy Drinks,3.67,Aisle 1 - Bin 10
4939,Exclusive non-volatile project Bar,Energy Drinks,3.27,Aisle 3 - Bin 4
9146,Proactive empowering Internet  Can,Beverage,2.1,Aisle 2 - Bin 6
2669,Balanced bottom-line throughpu Can,Beverage,2.19,Aisle 2 - Bin 6
2205,De-engineered 24/7 solution Can,Soda,2.18,Aisle 5 - Bin 3
816,Synergistic dynamic moderator Can,Water,4.92,Aisle 2 - Bin 7
6620,Quality-focused system-worthy  Pack,Water,1.95,Aisle 1 - Bin 10
6576,Synergistic zero administratio Box,Health Food,3.8,Aisle 4 - Bin 4
2092,Re-contextualized web-enabled  Can,Chips,2.93,Aisle 2 - Bin 2
2806,Programmable needs-based succe Bar,Soda,2.22,Aisle 1 - Bin 1
4627,Synchronized value-added secur Box,Beverage,3.43,Aisle 5 - Bin 9
2486,Universal clear-thinking insta Bottle,Health Food,1.73,Aisle 2 - Bin 2
4715,Public-key non-volatile access Can,Water,3.03,Aisle 3 - Bin 5
1239,Seamless zero tolerance functi Bar,Beverage,3.69,Aisle 2 - Bin 2
5873,Cross-platform multimedia migr Bar,Energy Drinks,3.92,Aisle 4 - Bin 4
1847,Right-sized disintermediate ca Bottle,Candy,1.15,Aisle 1 - Bin 10
6975,Reduced intangible website Pack,Beverage,0.63,Aisle 1 - Bin 1
2775,Multi-lateral zero tolerance u Bottle,Cookies,2.75,Aisle 2 - Bin 1
9694,Organic neutral architecture Pack,Snack,4.92,Aisle 4 - Bin 2
638,Vision-oriented bifurcated con Can,Soda,2.12,Aisle 2 - Bin 6
6598,Configurable motivating budget Can,Beverage,1.67,Aisle 3 - Bin 5
4858,Secured methodical toolset Pack,Juice,2.51,Aisle 2 - Bin 7
2633,Synergistic composite support Can,Beverage,3.52,Aisle 2 - Bin 7
6366,Universal explicit implementat Can,Candy,3.27,Aisle 1 - Bin 1
4515,Innovative encompassing info-m Can,Beverage,3.05,Aisle 3 - Bin 4
7646,Quality-focused high-level com Can,Candy,3.8,Aisle 2 - Bin 7
8226,Multi-layered system-worthy ex Bar,Juice,2.23,Aisle 5 - Bin 3
9164,Centralized tangible methodolo Can,Energy Drinks,1.23,Aisle 2 - Bin 7
1686,De-engineered exuding challeng Can,Soda,1.43,Aisle 4 - Bin 4
9328,Grass-roots didactic hub Can,Beverage,5.0,Aisle 5 - Bin 9
653,Profound reciprocal array Box,Energy Drinks,3.96,Aisle 5 - Bin 9
7179,Profound bandwidth-monitored t Box,Cookies,3.69,Aisle 5 - Bin 9
15,Integrated asynchronous websit Bar,Candy,1.73,Aisle 5 - Bin 9
2635,Virtual methodical complexity Can,Snack,1.9,Aisle 3 - Bin 2
1557,Managed global software Pack,Cookies,2.9,Aisle 4 - Bin 7
8053,Reverse-engineered upward-tren Box,Soda,3.07,Aisle 5 - Bin 9
7047,Phased interactive parallelism Bar,Chips,1.07,Aisle 2 - Bin 1
5939,Synchronized multi-state chall Pack,Chips,4.31,Aisle 2 - Bin 6
7110,Devolved reciprocal archive Bottle,Chips,3.0,Aisle 4 - Bin 4
1276,Vision-oriented clear-thinking Pack,Beverage,3.11,Aisle 2 - Bin 9
8955,Streamlined client-server capa Box,Energy Drinks,3.05,Aisle 5 - Bin 6
920,Realigned full-range forecast Bottle,Juice,4.8,Aisle 2 - Bin 7
7986,Secured composite budgetary ma Box,Chips,0.79,Aisle 5 - Bin 3
2719,Synergized holistic data-wareh Can,Snack,1.05,Aisle 4 - Bin 8
3377,Balanced 6thgeneration through Pack,Health Food,2.88,Aisle 5 - Bin 9
1438,Multi-lateral optimizing Graph Bottle,Beverage,0.97,Aisle 5 - Bin 3
834,Multi-layered intermediate mig Can,Beverage,1.63,Aisle 4 - Bin 7
4630,Synergistic leadingedge foreca Bar,Water,0.59,Aisle 5 - Bin 9
2572,Assimilated scalable success Box,Health Food,2.32,Aisle 1 - Bin 10
9857,Self-enabling multi-state hard Box,Health Food,0.8,Aisle 5 - Bin 9
815,Re-engineered stable moderator Bottle,Energy Drinks,4.63,Aisle 4 - Bin 7
7389,Visionary contextually-based a Bottle,Energy Drinks,3.39,Aisle 2 - Bin 1
2340,Right-sized solution-oriented  Can,Cookies,4.02,Aisle 2 - Bin 1
5819,Multi-lateral 4thgeneration kn Box,Beverage,2.63,Aisle 4 - Bin 7
2725,Synergized motivating workforc Bottle,Beverage,0.58,Aisle 4 - Bin 7
2660,Realigned 24/7 protocol Bottle,Health Food,4.83,Aisle 2 - Bin 9
8307,Open-source background success Bar,Cookies,3.03,Aisle 1 - Bin 1
5830,Cross-platform mobile structur Pack,Juice,1.81,Aisle 4 - Bin 2
7087,Versatile 3rdgeneration encodi Bar,Snack,2.39,Aisle 1 - Bin 9
6336,Down-sized real-time model Bar,Snack,1.73,Aisle 2 - Bin 6
478,Automated hybrid support Can,Cookies,3.29,Aisle 4 - Bin 7
5808,Right-sized zero tolerance lev Can,Chips,3.96,Aisle 3 - Bin 5
607,Realigned leadingedge collabor Box,Juice,2.1,Aisle 4 - Bin 7
8716,Re-contextualized optimizing o Bar,Soda,4.42,Aisle 2 - Bin 7
8831,De-engineered multi-state acce Bottle,Cookies,1.53,Aisle 2 - Bin 6
6381,Face-to-face didactic producti Box,Snack,3.98,Aisle 5 - Bin 9
2235,Innovative even-keeled artific Can,Chips,1.42,Aisle 4 - Bin 2
2034,Optimized fault-tolerant proce Bar,Energy Drinks,3.49,Aisle 4 - Bin 7
7843,Multi-channeled static synergy Box,Cookies,0.83,Aisle 2 - Bin 1
4587,Pre-emptive incremental system Can,Chips,4.76,Aisle 4 - Bin 4
2539,Balanced client-server array Pack,Health Food,3.44,Aisle 3 - Bin 5
4783,Monitored analyzing moratorium Bottle,Soda,3.17,Aisle 4 - Bin 7
9019,Robust reciprocal task-force Box,Water,2.34,Aisle 2 - Bin 7
5099,Open-architected web-enabled o Bottle,Chips,4.2,Aisle 5 - Bin 9
1884,Up-sized homogeneous array Can,Snack,4.3,Aisle 1 - Bin 9
2248,Robust next generation process Bottle,Health Food,3.21,Aisle 4 - Bin 7
7848,Digitized tertiary pricing str Bottle,Cookies,3.69,Aisle 2 - Bin 2
4831,Virtual tangible middleware Pack,Cookies,3.02,Aisle 2 - Bin 1
2223,Up-sized systemic interface Box,Chips,1.96,Aisle 1 - Bin 1
2906,Configurable grid-enabled open Box,Snack,1.22,Aisle 4 - Bin 8
1739,Monitored hybrid attitude Box,Juice,3.34,Aisle 3 - Bin 4
7418,Fully-configurable incremental Can,Cookies,0.58,Aisle 3 - Bin 2
1,Focused needs-based database Bar,Energy Drinks,2.96,Aisle 3 - Bin 2
749,Cross-platform upward-trending Bottle,Soda,2.1,Aisle 4 - Bin 4
9323,Profit-focused non-volatile en Box,Chips,2.43,Aisle 4 - Bin 8
7614,Progressive context-sensitive  Can,Beverage,4.73,Aisle 1 - Bin 9
809,Streamlined grid-enabled moder Can,Candy,3.59,Aisle 1 - Bin 1
2284,Right-sized didactic focus gro Bottle,Cookies,4.71,Aisle 5 - Bin 9
6596,Compatible asynchronous projec Bar,Juice,4.48,Aisle 2 - Bin 6
5470,Intuitive zero administration  Can,Energy Drinks,2.32,Aisle 4 - Bin 7
8642,Upgradable leadingedge paradig Bottle,Candy,1.44,Aisle 5 - Bin 6
5028,Proactive 24hour standardizati Bar,Energy Drinks,1.63,Aisle 1 - Bin 10
6426,Sharable regional encryption Pack,Beverage,0.82,Aisle 5 - Bin 3
6784,Synergized next generation art Bar,Soda,3.39,Aisle 3 - Bin 2
6845,Expanded object-oriented infra Bottle,Health Food,4.9,Aisle 5 - Bin 9
7604,Sharable clear-thinking interf Pack,Soda,4.18,Aisle 2 - Bin 1
4471,Proactive encompassing access Box,Juice,3.33,Aisle 4 - Bin 7
4012,Advanced 6thgeneration product Box,Soda,0.67,Aisle 3 - Bin 4
8709,Assimilated contextually-based Bottle,Health Food,2.35,Aisle 3 - Bin 2
1584,Synergized homogeneous through Box,Cookies,1.1,Aisle 4 - Bin 4
6463,Managed upward-trending functi Box,Candy,0.51,Aisle 1 - Bin 1
1023,Synergistic zero tolerance str Pack,Cookies,3.11,Aisle 2 - Bin 6
7711,Self-enabling hybrid knowledge Box,Snack,0.83,Aisle 2 - Bin 6
8759,Persevering bottom-line synerg Pack,Health Food,3.65,Aisle 5 - Bin 9
1631,Future-proofed static task-for Bottle,Beverage,2.67,Aisle 2 - Bin 2
9243,Secured context-sensitive budg Can,Juice,0.94,Aisle 2 - Bin 2
2858,Digitized needs-based core Can,Candy,4.04,Aisle 5 - Bin 9
6982,Integrated context-sensitive G Box,Water,3.42,Aisle 5 - Bin 3
3626,Centralized asymmetric conglom Can,Juice,3.01,Aisle 5 - Bin 9
2816,Cross-platform next generation Can,Energy Drinks,2.55,Aisle 4 - Bin 7
2101,Object-based high-level hierar Pack,Juice,4.98,Aisle 4 - Bin 8
388,Future-proofed optimizing arch Box,Cookies,4.16,Aisle 3 - Bin 2
9847,Multi-layered motivating softw Can,Health Food,0.95,Aisle 5 - Bin 3
4488,Synergistic 5thgeneration coll Box,Candy,1.98,Aisle 3 - Bin 2
246,Face-to-face neutral Internet  Can,Chips,1.02,Aisle 5 - Bin 6
7748,Configurable radical standardi Bar,Juice,0.98,Aisle 4 - Bin 2
8477,Team-oriented zero tolerance i Bottle,Beverage,4.59,Aisle 3 - Bin 2
7089,Inverse non-volatile pricing s Box,Soda,2.79,Aisle 4 - Bin 8
9028,Team-oriented even-keeled pric Can,Juice,3.13,Aisle 1 - Bin 9
5820,Secured impactful installation Can,Beverage,4.33,Aisle 3 - Bin 2
728,Face-to-face actuating install Bar,Cookies,2.48,Aisle 4 - Bin 2
1054,Synergized contextually-based  Pack,Juice,4.16,Aisle 5 - Bin 3
3714,Reactive web-enabled collabora Can,Health Food,2.91,Aisle 5 - Bin 9
848,Synergized heuristic matrices Box,Health Food,2.84,Aisle 3 - Bin 5
4667,User-friendly multi-state algo Bar,Energy Drinks,1.35,Aisle 2 - Bin 7
9104,Optimized exuding migration Box,Cookies,1.71,Aisle 1 - Bin 1
4771,Mandatory modular parallelism Pack,Beverage,3.73,Aisle 1 - Bin 10
2321,Intuitive attitude-oriented Gr Pack,Juice,3.44,Aisle 5 - Bin 6
2047,Function-based 4thgeneration o Can,Beverage,3.78,Aisle 2 - Bin 7
5745,Function-based 24hour artifici Bar,Chips,3.88,Aisle 2 - Bin 7
4570,Expanded attitude-oriented enc Bottle,Juice,3.96,Aisle 4 - Bin 4
5789,Operative high-level conglomer Bar,Water,4.93,Aisle 5 - Bin 9
323,Secured composite secured line Bottle,Juice,4.45,Aisle 2 - Bin 9
115,Triple-buffered high-level pro Pack,Cookies,3.18,Aisle 1 - Bin 1
2727,Up-sized optimal info-mediarie Bottle,Beverage,2.35,Aisle 4 - Bin 2
8555,Cross-group even-keeled abilit Bar,Cookies,1.44,Aisle 2 - Bin 2
2876,Multi-channeled holistic matri Bottle,Chips,1.91,Aisle 1 - Bin 9
1702,Multi-channeled upward-trendin Can,Juice,4.76,Aisle 4 - Bin 4
6719,Enterprise-wide user-facing ne Pack,Soda,0.54,Aisle 4 - Bin 2
6447,Exclusive tangible open system Bar,Chips,2.75,Aisle 3 - Bin 4
7819,Intuitive systemic focus group Bar,Soda,3.72,Aisle 3 - Bin 5
3988,Reverse-engineered didactic po Bottle,Chips,2.21,Aisle 1 - Bin 1
4235,Customer-focused non-volatile  Pack,Cookies,0.79,Aisle 3 - Bin 5
1365,Open-source composite Graphica Box,Chips,2.49,Aisle 1 - Bin 10
8402,Mandatory intangible interface Bottle,Soda,3.09,Aisle 2 - Bin 7
9762,Customizable impactful softwar Can,Health Food,4.99,Aisle 5 - Bin 3
3828,Profound logistical matrices Bottle,Energy Drinks,2.98,Aisle 3 - Bin 5
7252,Sharable neutral firmware Pack,Soda,3.07,Aisle 5 - Bin 3
4053,Diverse 5thgeneration framewor Bar,Juice,0.78,Aisle 4 - Bin 8
5593,Open-source tertiary neural-ne Pack,Health Food,4.37,Aisle 1 - Bin 1
5158,Re-engineered client-driven pr Box,Beverage,3.21,Aisle 5 - Bin 9
1682,Phased methodical budgetary ma Pack,Water,2.68,Aisle 5 - Bin 6
3453,Synchronized real-time standar Can,Soda,3.01,Aisle 3 - Bin 4
5200,Digitized multi-state methodol Box,Snack,0.59,Aisle 5 - Bin 9
1928,Intuitive explicit moderator Bar,Health Food,2.81,Aisle 2 - Bin 2
6918,Up-sized systemic solution Bar,Beverage,0.53,Aisle 5 - Bin 9
7757,Seamless intangible open archi Box,Soda,4.95,Aisle 3 - Bin 4
2404,Mandatory background orchestra Pack,Health Food,1.24,Aisle 5 - Bin 6
1698,Stand-alone object-oriented co Pack,Beverage,3.51,Aisle 1 - Bin 10
3850,Synergistic exuding groupware Can,Cookies,0.71,Aisle 4 - Bin 2
4982,Self-enabling discrete middlew Bottle,Juice,1.11,Aisle 4 - Bin 2
4777,Function-based multi-tasking e Bottle,Beverage,1.53,Aisle 3 - Bin 5
6502,Grass-roots web-enabled produc Bottle,Health Food,4.85,Aisle 1 - Bin 1
8621,Function-based incremental kno Pack,Water,2.02,Aisle 1 - Bin 9
3837,Business-focused next generati Bar,Beverage,1.82,Aisle 4 - Bin 7
7631,Re-contextualized foreground t Bottle,Juice,3.78,Aisle 2 - Bin 9
2698,Operative discrete definition Bottle,Water,3.05,Aisle 1 - Bin 9
1025,Realigned tangible methodology Bar,Soda,4.24,Aisle 4 - Bin 2
3086,Integrated impactful access Bottle,Juice,2.08,Aisle 1 - Bin 9
8168,Business-focused impactful Gra Can,Chips,3.82,Aisle 2 - Bin 1
2503,Up-sized actuating parallelism Pack,Energy Drinks,1.14,Aisle 2 - Bin 7
8480,Switchable exuding collaborati Bottle,Chips,4.22,Aisle 2 - Bin 7
3601,Cloned methodical Internet sol Bar,Cookies,3.66,Aisle 5 - Bin 9
4497,Business-focused secondary app Box,Soda,3.9,Aisle 4 - Bin 8
7880,Re-engineered zero-defect capa Bottle,Juice,1.51,Aisle 5 - Bin 9
866,Virtual intermediate service-d Can,Energy Drinks,1.1,Aisle 1 - Bin 10
6846,Assimilated impactful open arc Pack,Candy,3.57,Aisle 2 - Bin 2
7368,Pre-emptive static extranet Pack,Water,2.79,Aisle 4 - Bin 4
5040,Re-engineered global throughpu Box,Candy,3.65,Aisle 5 - Bin 3
2305,Secured value-added focus grou Can,Cookies,2.0,Aisle 1 - Bin 1
2360,Advanced global task-force Can,Health Food,1.05,Aisle 5 - Bin 9
8666,Vision-oriented homogeneous su Pack,Chips,2.39,Aisle 4 - Bin 2
8203,Ergonomic solution-oriented ut Pack,Snack,1.55,Aisle 5 - Bin 3
3554,Visionary discrete task-force Bottle,Juice,3.37,Aisle 5 - Bin 6
5906,Fully-configurable well-modula Box,Chips,0.95,Aisle 5 - Bin 6
5916,Programmable asynchronous pric Bar,Juice,1.64,Aisle 2 - Bin 1
847,Synergistic encompassing infra Can,Juice,1.33,Aisle 4 - Bin 7
7607,Re-engineered hybrid attitude Pack,Water,4.51,Aisle 5 - Bin 3
8557,Cross-platform systemic capaci Bar,Soda,1.36,Aisle 4 - Bin 2
5132,Robust uniform emulation Can,Soda,2.35,Aisle 5 - Bin 3
8289,Team-oriented maximized method Bar,Snack,2.24,Aisle 2 - Bin 9
564,Realigned global project Pack,Juice,4.15,Aisle 2 - Bin 2
888,Mandatory cohesive workforce Can,Snack,4.54,Aisle 2 - Bin 6
6499,User-friendly systemic pricing Bar,Health Food,3.13,Aisle 5 - Bin 9
7085,Self-enabling context-sensitiv Pack,Water,1.75,Aisle 2 - Bin 9
7803,Object-based discrete instruct Pack,Soda,4.87,Aisle 2 - Bin 6
9366,Synergized systematic database Can,Energy Drinks,2.57,Aisle 5 - Bin 9
6467,Re-contextualized zero toleran Box,Energy Drinks,1.2,Aisle 1 - Bin 10
17,Profound 24/7 archive Bottle,Soda,2.82,Aisle 4 - Bin 8
8265,Virtual 24hour superstructure Can,Beverage,3.61,Aisle 5 - Bin 9
8497,Virtual empowering hierarchy Can,Cookies,3.36,Aisle 5 - Bin 3
7732,Enterprise-wide 4thgeneration  Box,Juice,4.15,Aisle 5 - Bin 9
6466,Expanded human-resource flexib Can,Chips,2.46,Aisle 4 - Bin 7
6342,Sharable incremental access Bar,Beverage,4.44,Aisle 5 - Bin 9
8876,Progressive motivating Graphic Pack,Cookies,2.5,Aisle 5 - Bin 9
4548,Future-proofed solution-orient Box,Chips,0.86,Aisle 5 - Bin 9
6926,Optimized background projectio Bar,Juice,1.09,Aisle 1 - Bin 10
3329,Compatible mobile task-force Pack,Cookies,0.7,Aisle 1 - Bin 9
4311,Compatible upward-trending sta Can,Chips,1.36,Aisle 2 - Bin 9
2228,Re-contextualized high-level G Bottle,Snack,4.37,Aisle 4 - Bin 4
7455,Front-line foreground continge Bottle,Chips,1.36,Aisle 2 - Bin 1
1195,Future-proofed directional pro Bar,Chips,4.5,Aisle 1 - Bin 9
6434,Triple-buffered discrete prici Box,Snack,4.49,Aisle 2 - Bin 1
9001,Team-oriented executive levera Bottle,Snack,1.23,Aisle 2 - Bin 1
7639,Implemented responsive encrypt Bottle,Cookies,2.74,Aisle 4 - Bin 8
2124,Inverse coherent strategy Can,Candy,4.4,Aisle 2 - Bin 2
3731,Profit-focused reciprocal secu Box,Energy Drinks,3.4,Aisle 2 - Bin 6
1728,Horizontal bandwidth-monitored Pack,Juice,4.78,Aisle 4 - Bin 2
7954,Front-line well-modulated proj Bar,Energy Drinks,0.98,Aisle 5 - Bin 6
3452,Cross-platform maximized encod Bar,Cookies,2.27,Aisle 2 - Bin 7
5021,Robust disintermediate algorit Can,Health Food,1.1,Aisle 3 - Bin 4
5384,Synergized 24/7 neural-net Bar,Water,2.21,Aisle 5 - Bin 9
7687,Synergistic high-level utiliza Pack,Snack,3.21,Aisle 4 - Bin 4
7387,Implemented tertiary Internet  Pack,Beverage,1.11,Aisle 1 - Bin 1
982,Exclusive contextually-based I Can,Health Food,3.57,Aisle 5 - Bin 3
3401,Quality-focused discrete capab Bottle,Juice,3.75,Aisle 2 - Bin 7
8315,Profound upward-trending strat Bar,Snack,4.24,Aisle 2 - Bin 1
4531,Business-focused 24hour archit Pack,Juice,3.82,Aisle 5 - Bin 9
628,Re-contextualized responsive m Can,Soda,3.64,Aisle 4 - Bin 4
6667,Diverse hybrid parallelism Bar,Health Food,2.9,Aisle 2 - Bin 2
5534,Customizable motivating initia Bottle,Water,0.76,Aisle 2 - Bin 7
6954,Inverse human-resource benchma Can,Beverage,1.97,Aisle 2 - Bin 7
5643,Networked methodical capabilit Pack,Cookies,3.96,Aisle 2 - Bin 7
2507,Right-sized interactive core Pack,Energy Drinks,4.79,Aisle 4 - Bin 7
659,Persistent zero-defect Graphic Pack,Water,0.82,Aisle 4 - Bin 4
2756,Multi-tiered coherent analyzer Box,Snack,4.57,Aisle 2 - Bin 9
7187,Expanded eco-centric time-fram Can,Chips,1.84,Aisle 2 - Bin 7
7619,Fundamental upward-trending ex Box,Beverage,2.79,Aisle 5 - Bin 9
3180,Organic bi-directional analyze Bar,Snack,1.39,Aisle 3 - Bin 4
8074,Networked multi-state hardware Bottle,Soda,3.06,Aisle 3 - Bin 4
7937,Team-oriented context-sensitiv Pack,Soda,4.4,Aisle 2 - Bin 1
6158,Balanced high-level function Bottle,Candy,2.95,Aisle 1 - Bin 10
1740,Adaptive interactive capabilit Can,Chips,3.84,Aisle 3 - Bin 2
305,Open-source 24/7 instruction s Bar,Health Food,1.31,Aisle 5 - Bin 9
8766,Stand-alone 4thgeneration open Pack,Candy,4.42,Aisle 3 - Bin 2
3109,Programmable web-enabled produ Box,Beverage,2.82,Aisle 5 - Bin 6
1972,User-centric 5thgeneration pro Can,Chips,3.09,Aisle 4 - Bin 2
9732,Distributed zero tolerance met Can,Candy,1.53,Aisle 3 - Bin 4
3622,Balanced bi-directional open a Pack,Chips,3.28,Aisle 5 - Bin 9
1156,Synergized intangible hub Can,Snack,4.77,Aisle 1 - Bin 1
4120,Cloned executive standardizati Can,Candy,2.33,Aisle 5 - Bin 9
8189,Customizable bandwidth-monitor Box,Beverage,1.65,Aisle 4 - Bin 4
272,Down-sized client-driven capac Bottle,Cookies,0.93,Aisle 3 - Bin 4
7750,Balanced context-sensitive ser Bottle,Chips,1.1,Aisle 2 - Bin 7
4376,Business-focused real-time kno Bar,Energy Drinks,4.76,Aisle 3 - Bin 4
4107,Ameliorated dedicated focus gr Bar,Candy,3.75,Aisle 4 - Bin 7
7286,Robust disintermediate conting Bar,Soda,4.24,Aisle 2 - Bin 6
8896,Progressive intangible ability Box,Energy Drinks,4.58,Aisle 4 - Bin 8
9259,Synergized optimizing protocol Pack,Health Food,3.2,Aisle 2 - Bin 2
3585,Realigned mobile process impro Bottle,Water,4.09,Aisle 5 - Bin 9
4020,Organic executive strategy Box,Beverage,4.23,Aisle 3 - Bin 5
1472,Digitized hybrid flexibility Bottle,Chips,3.86,Aisle 2 - Bin 1
4313,Centralized didactic success Box,Cookies,2.54,Aisle 4 - Bin 7
4713,Networked content-based hierar Box,Soda,4.9,Aisle 3 - Bin 4
9099,Enterprise-wide web-enabled co Box,Health Food,4.16,Aisle 3 - Bin 4
4552,Total composite standardizatio Can,Health Food,2.58,Aisle 5 - Bin 6
6201,Virtual motivating middleware Bottle,Energy Drinks,2.19,Aisle 5 - Bin 9
8115,Cloned zero-defect projection Box,Beverage,1.95,Aisle 4 - Bin 7
5500,Centralized actuating projecti Can,Health Food,2.03,Aisle 1 - Bin 9
7441,Persevering next generation fr Box,Snack,2.99,Aisle 5 - Bin 9
1734,Open-architected impactful mat Pack,Health Food,3.3,Aisle 1 - Bin 10
3258,Stand-alone even-keeled core Bottle,Juice,1.74,Aisle 4 - Bin 8
7999,Front-line hybrid help-desk Bar,Water,3.87,Aisle 4 - Bin 7
760,Stand-alone multi-state Graphi Bottle,Water,1.73,Aisle 5 - Bin 3
499,Extended transitional encoding Bottle,Snack,4.61,Aisle 5 - Bin 9
5598,Assimilated system-worthy stra Bar,Soda,4.0,Aisle 5 - Bin 9
9664,Optimized directional adapter Box,Soda,1.08,Aisle 4 - Bin 7
4462,Enhanced solution-oriented alg Can,Snack,4.89,Aisle 1 - Bin 1
2076,User-friendly national paralle Bar,Beverage,2.02,Aisle 1 - Bin 10
9904,User-centric neutral superstru Can,Energy Drinks,1.63,Aisle 4 - Bin 8
9080,Networked motivating concept Can,Health Food,0.89,Aisle 4 - Bin 2
9810,Ameliorated well-modulated arc Bar,Snack,4.44,Aisle 5 - Bin 9
9568,Organic client-driven synergy Can,Cookies,2.08,Aisle 1 - Bin 10
5365,Upgradable motivating definiti Pack,Energy Drinks,4.28,Aisle 5 - Bin 9
9682,Automated solution-oriented sy Box,Juice,4.46,Aisle 3 - Bin 2
8146,User-friendly system-worthy ca Can,Soda,4.85,Aisle 3 - Bin 2
6271,Profit-focused asymmetric tool Bottle,Beverage,2.34,Aisle 1 - Bin 9
5053,Diverse exuding model Bottle,Beverage,4.57,Aisle 2 - Bin 1
8279,Seamless didactic leverage Can,Juice,3.16,Aisle 4 - Bin 4
693,Total 4thgeneration forecast Bottle,Water,3.5,Aisle 3 - Bin 4
7523,Multi-layered asymmetric firmw Box,Snack,2.03,Aisle 5 - Bin 9
8160,Reactive radical extranet Bottle,Cookies,1.72,Aisle 3 - Bin 4
8220,Up-sized neutral policy Can,Snack,3.39,Aisle 1 - Bin 9
8326,Optimized incremental throughp Can,Water,1.3,Aisle 4 - Bin 8
3481,Extended optimizing complexity Pack,Beverage,4.89,Aisle 1 - Bin 9
4484,Future-proofed dynamic custome Pack,Soda,1.08,Aisle 5 - Bin 9
8801,Reduced uniform Graphical User Bottle,Energy Drinks,4.5,Aisle 4 - Bin 2
9937,Total explicit implementation Bottle,Soda,0.96,Aisle 5 - Bin 9
2926,Profound motivating focus grou Can,Health Food,4.42,Aisle 5 - Bin 9
6160,Digitized directional capacity Pack,Chips,1.27,Aisle 5 - Bin 9
9460,Virtual intangible throughput Bar,Soda,4.59,Aisle 3 - Bin 5
6102,Ameliorated reciprocal toolset Can,Water,0.53,Aisle 3 - Bin 5
7476,Networked motivating definitio Can,Cookies,3.65,Aisle 1 - Bin 1
6506,Innovative executive middlewar Can,Juice,4.46,Aisle 2 - Bin 1
5751,Digitized directional utilizat Bottle,Soda,1.45,Aisle 5 - Bin 3
7712,Progressive foreground leverag Can,Health Food,3.1,Aisle 5 - Bin 9
43,Versatile background toolset Box,Snack,2.69,Aisle 2 - Bin 7
7737,Versatile eco-centric solution Pack,Snack,4.47,Aisle 5 - Bin 9
1607,Expanded content-based middlew Can,Energy Drinks,4.19,Aisle 4 - Bin 4
6142,Customizable client-driven web Box,Juice,2.79,Aisle 1 - Bin 10
121,Optimized multi-state methodol Pack,Snack,0.66,Aisle 3 - Bin 5
1838,Reactive tertiary emulation Box,Beverage,3.45,Aisle 1 - Bin 9
210,Optimized secondary knowledge  Can,Cookies,3.67,Aisle 2 - Bin 9
3137,Up-sized secondary task-force Pack,Juice,4.85,Aisle 3 - Bin 4
71,Intuitive fault-tolerant stand Bottle,Soda,3.8,Aisle 2 - Bin 9
5157,Secured client-driven product Can,Beverage,2.89,Aisle 4 - Bin 2
6826,Future-proofed holistic archit Can,Health Food,4.62,Aisle 2 - Bin 9
8858,Up-sized web-enabled open syst Box,Chips,3.94,Aisle 4 - Bin 8
6917,Enhanced content-based secured Bottle,Soda,2.61,Aisle 3 - Bin 5
2735,Fundamental radical matrices Can,Candy,4.98,Aisle 4 - Bin 2
5270,Multi-lateral asymmetric servi Pack,Candy,3.4,Aisle 1 - Bin 10
652,Front-line needs-based methodo Bar,Candy,1.59,Aisle 5 - Bin 6
1933,Cross-group impactful analyzer Bar,Juice,1.01,Aisle 2 - Bin 2
1622,Enhanced modular productivity Bar,Snack,1.31,Aisle 1 - Bin 9
5265,Decentralized impactful capabi Pack,Cookies,3.88,Aisle 5 - Bin 6
611,Advanced stable process improv Bottle,Chips,1.14,Aisle 3 - Bin 5
6415,User-friendly mission-critical Bottle,Soda,3.16,Aisle 4 - Bin 7
8271,Proactive client-driven budget Pack,Health Food,0.83,Aisle 4 - Bin 4
6810,Reactive impactful extranet Can,Soda,1.04,Aisle 2 - Bin 1
1518,Progressive national policy Bottle,Candy,4.54,Aisle 5 - Bin 3
3312,Synchronized fresh-thinking in Pack,Water,3.15,Aisle 4 - Bin 8
4209,Reactive multimedia approach Bar,Energy Drinks,2.63,Aisle 5 - Bin 9
9204,Managed methodical open archit Pack,Soda,3.2,Aisle 2 - Bin 6
8743,Multi-channeled system-worthy  Can,Juice,3.48,Aisle 3 - Bin 4
6880,Persistent secondary definitio Box,Snack,3.77,Aisle 5 - Bin 6
1065,Diverse national project Bottle,Snack,0.54,Aisle 3 - Bin 5
5773,Enterprise-wide dedicated thro Can,Candy,0.85,Aisle 3 - Bin 2
9745,Diverse dynamic productivity Bar,Beverage,4.13,Aisle 2 - Bin 7
4592,Advanced secondary neural-net Bar,Candy,1.86,Aisle 2 - Bin 2
6912,Cloned neutral Graphical User  Can,Beverage,4.63,Aisle 2 - Bin 9
2387,Cross-group value-added functi Bar,Health Food,3.78,Aisle 1 - Bin 9
454,Cloned intangible structure Bar,Juice,0.61,Aisle 5 - Bin 9
757,Virtual value-added utilizatio Bar,Soda,3.42,Aisle 4 - Bin 4
1522,Expanded next generation time- Can,Energy Drinks,1.85,Aisle 1 - Bin 1
2424,Cross-platform non-volatile sy Bar,Health Food,4.36,Aisle 1 - Bin 10
9035,Streamlined zero tolerance mat Bottle,Chips,3.42,Aisle 2 - Bin 6
4337,Secured secondary initiative Bar,Juice,2.49,Aisle 3 - Bin 2
5292,Re-contextualized grid-enabled Pack,Juice,4.61,Aisle 4 - Bin 4
1435,Integrated asynchronous parall Bar,Juice,1.65,Aisle 1 - Bin 10
411,Integrated incremental collabo Can,Candy,4.96,Aisle 4 - Bin 7
7369,User-centric 6thgeneration mod Box,Soda,2.43,Aisle 2 - Bin 2
752,Face-to-face human-resource pr Can,Soda,3.93,Aisle 2 - Bin 2
3400,Right-sized optimizing project Bottle,Snack,3.86,Aisle 2 - Bin 7
1983,Stand-alone tertiary groupware Can,Candy,3.96,Aisle 4 - Bin 2
1960,Sharable disintermediate hardw Bottle,Water,1.44,Aisle 3 - Bin 2
3060,Optimized coherent hub Can,Soda,3.76,Aisle 4 - Bin 8
1351,Compatible empowering installa Bar,Water,2.73,Aisle 2 - Bin 2
7684,Extended client-driven task-fo Pack,Juice,2.21,Aisle 5 - Bin 3
4395,Programmable dynamic architect Can,Juice,0.62,Aisle 1 - Bin 9
7857,Team-oriented well-modulated s Bar,Chips,3.06,Aisle 4 - Bin 2
5541,Extended full-range definition Box,Health Food,2.15,Aisle 4 - Bin 2
9278,Integrated content-based hiera Bar,Health Food,2.42,Aisle 4 - Bin 4
6946,Advanced object-oriented hiera Pack,Energy Drinks,1.14,Aisle 1 - Bin 1
9614,Diverse client-server complexi Bottle,Snack,4.97,Aisle 4 - Bin 2
1140,Upgradable multimedia producti Box,Water,2.51,Aisle 1 - Bin 9
5812,Focused contextually-based ope Pack,Juice,3.5,Aisle 5 - Bin 9
2553,Compatible hybrid standardizat Bar,Beverage,3.18,Aisle 3 - Bin 5
9005,Synchronized full-range system Pack,Snack,2.84,Aisle 3 - Bin 2
2166,Reactive value-added approach Bar,Energy Drinks,2.38,Aisle 1 - Bin 1
1612,Seamless bi-directional open s Bottle,Juice,3.58,Aisle 2 - Bin 7
849,Synergistic system-worthy para Box,Soda,3.1,Aisle 4 - Bin 8
7133,Open-architected bandwidth-mon Box,Candy,3.8,Aisle 2 - Bin 6
8137,Phased real-time projection Bottle,Health Food,3.89,Aisle 3 - Bin 4
2309,Self-enabling composite archiv Can,Chips,2.77,Aisle 5 - Bin 9
5588,Assimilated value-added encryp Can,Chips,0.9,Aisle 4 - Bin 2
4021,Devolved full-range initiative Pack,Snack,4.68,Aisle 1 - Bin 9
6497,Public-key bottom-line Interne Pack,Chips,1.16,Aisle 5 - Bin 9
1240,Customizable background focus  Pack,Water,0.81,Aisle 3 - Bin 4
4152,Automated scalable strategy Pack,Chips,4.29,Aisle 4 - Bin 2
1116,Cloned homogeneous utilization Bar,Juice,3.86,Aisle 2 - Bin 9
7449,Reduced executive leverage Pack,Health Food,3.05,Aisle 2 - Bin 1
6341,Quality-focused grid-enabled G Bottle,Beverage,1.28,Aisle 2 - Bin 6
196,Persevering modular methodolog Bottle,Water,4.9,Aisle 5 - Bin 9
881,Quality-focused coherent help- Bar,Snack,2.05,Aisle 1 - Bin 10
6974,Ergonomic optimizing solution Bar,Juice,1.85,Aisle 2 - Bin 2
2046,Up-sized regional architecture Pack,Candy,3.99,Aisle 5 - Bin 9
7443,Multi-channeled system-worthy  Bar,Health Food,1.84,Aisle 4 - Bin 2
5380,Triple-buffered 6thgeneration  Box,Soda,4.91,Aisle 5 - Bin 9
5182,Multi-channeled 6thgeneration  Bar,Snack,3.92,Aisle 4 - Bin 8
1601,Innovative multi-state analyze Pack,Juice,0.79,Aisle 1 - Bin 1
2811,Ameliorated responsive structu Bottle,Chips,0.78,Aisle 2 - Bin 1
2135,Synergized heuristic structure Pack,Water,4.25,Aisle 4 - Bin 4
6509,Quality-focused uniform portal Bottle,Energy Drinks,2.66,Aisle 5 - Bin 9
1026,Persistent scalable secured li Pack,Energy Drinks,4.32,Aisle 2 - Bin 7
1013,Profit-focused disintermediate Pack,Energy Drinks,4.28,Aisle 5 - Bin 9
1842,Persistent full-range collabor Bar,Beverage,4.41,Aisle 5 - Bin 9
6327,Team-oriented 4thgeneration fl Can,Water,2.97,Aisle 2 - Bin 7
8479,Optimized impactful Graphic In Box,Snack,1.84,Aisle 5 - Bin 9
4334,Reduced homogeneous help-desk Can,Snack,1.08,Aisle 4 - Bin 8
1493,Managed leadingedge analyzer Can,Cookies,3.58,Aisle 5 - Bin 9
2984,Managed high-level attitude Box,Water,1.11,Aisle 1 - Bin 1
3372,Multi-tiered methodical databa Pack,Beverage,3.49,Aisle 4 - Bin 2
2146,Vision-oriented neutral data-w Pack,Candy,3.84,Aisle 3 - Bin 2
2356,Horizontal executive policy Pack,Juice,0.59,Aisle 4 - Bin 7
3378,Synergized cohesive ability Pack,Energy Drinks,2.88,Aisle 1 - Bin 1
3305,Ameliorated exuding matrices Pack,Soda,4.71,Aisle 1 - Bin 1
3440,Reactive bifurcated capability Pack,Juice,3.77,Aisle 2 - Bin 1
4285,Managed eco-centric matrix Bar,Snack,3.51,Aisle 1 - Bin 9
8096,Cross-group systemic extranet Box,Soda,2.18,Aisle 4 - Bin 4
1062,Adaptive homogeneous matrix Box,Chips,2.5,Aisle 1 - Bin 10
9535,Down-sized 24hour architecture Bar,Energy Drinks,1.03,Aisle 2 - Bin 1
122,Extended modular Local Area Ne Bar,Energy Drinks,2.1,Aisle 4 - Bin 7
3977,Pre-emptive real-time solution Pack,Cookies,1.39,Aisle 5 - Bin 9
5310,Triple-buffered motivating sup Bar,Candy,3.03,Aisle 3 - Bin 5
8820,Quality-focused bandwidth-moni Box,Candy,4.6,Aisle 4 - Bin 2
7251,Digitized systematic conglomer Box,Snack,2.82,Aisle 4 - Bin 4
7903,Realigned foreground paralleli Can,Chips,3.7,Aisle 3 - Bin 2
8578,User-friendly 6thgeneration fo Can,Water,3.79,Aisle 5 - Bin 9
2879,Reverse-engineered incremental Can,Juice,2.99,Aisle 2 - Bin 1
4270,Focused zero-defect Graphical  Bottle,Chips,3.02,Aisle 2 - Bin 2
3017,Cloned 5thgeneration concept Can,Health Food,0.57,Aisle 5 - Bin 9
7990,Synergized attitude-oriented d Can,Candy,0.71,Aisle 3 - Bin 2
5111,Organic zero administration kn Box,Cookies,3.72,Aisle 3 - Bin 5
3451,Visionary exuding open archite Bar,Water,1.8,Aisle 1 - Bin 9
9373,Right-sized bottom-line budget Can,Soda,1.9,Aisle 2 - Bin 7
4447,Quality-focused secondary info Box,Beverage,1.18,Aisle 2 - Bin 7
1489,Digitized tangible encoding Bar,Health Food,3.01,Aisle 2 - Bin 2
2584,Focused mission-critical frame Bar,Energy Drinks,3.51,Aisle 2 - Bin 2
6735,Monitored value-added function Pack,Health Food,4.89,Aisle 5 - Bin 9
4753,Focused homogeneous initiative Bottle,Snack,2.08,Aisle 5 - Bin 9
7714,Digitized high-level strategy Bar,Snack,0.71,Aisle 4 - Bin 7
4557,Public-key upward-trending mod Bar,Health Food,4.0,Aisle 5 - Bin 3
2158,Extended system-worthy challen Box,Energy Drinks,4.48,Aisle 4 - Bin 8
3338,Ameliorated heuristic moratori Pack,Energy Drinks,0.98,Aisle 2 - Bin 2
2236,Team-oriented 4thgeneration pr Bar,Cookies,3.56,Aisle 4 - Bin 7
135,Open-source eco-centric attitu Pack,Water,2.38,Aisle 3 - Bin 2
7565,Devolved demand-driven open ar Bottle,Snack,2.54,Aisle 5 - Bin 6
6146,Profound disintermediate paral Pack,Soda,3.66,Aisle 1 - Bin 10
5401,Robust empowering orchestratio Can,Cookies,2.48,Aisle 2 - Bin 2
1945,User-centric methodical foreca Pack,Cookies,3.22,Aisle 2 - Bin 1
3593,Customer-focused exuding imple Can,Energy Drinks,3.64,Aisle 4 - Bin 7
5168,Progressive dynamic utilizatio Box,Beverage,2.73,Aisle 4 - Bin 7
9009,User-friendly intangible tools Box,Beverage,2.02,Aisle 5 - Bin 9
9503,Grass-roots tertiary paradigm Can,Cookies,3.86,Aisle 2 - Bin 1
9514,User-centric bandwidth-monitor Pack,Juice,2.75,Aisle 3 - Bin 5
2219,Mandatory static standardizati Box,Snack,4.69,Aisle 2 - Bin 7
2406,Polarized stable website Box,Energy Drinks,3.12,Aisle 5 - Bin 3
3642,Extended needs-based portal Bar,Cookies,3.89,Aisle 4 - Bin 8
872,Reverse-engineered non-volatil Bar,Health Food,3.27,Aisle 1 - Bin 1
7576,Managed client-server Graphica Bar,Juice,0.72,Aisle 4 - Bin 7
1798,Organized fresh-thinking workf Pack,Chips,3.12,Aisle 4 - Bin 8
7092,Synchronized incremental flexi Bar,Cookies,2.29,Aisle 1 - Bin 10
1387,Organic dedicated challenge Bottle,Soda,2.02,Aisle 4 - Bin 4
9876,Right-sized static firmware Pack,Soda,2.77,Aisle 3 - Bin 4
2697,Balanced coherent product Bar,Energy Drinks,4.28,Aisle 5 - Bin 9
4230,Advanced didactic neural-net Can,Chips,2.58,Aisle 2 - Bin 6
2018,Phased scalable website Can,Soda,4.12,Aisle 5 - Bin 3
3685,Reverse-engineered directional Bottle,Soda,0.72,Aisle 5 - Bin 9
545,Pre-emptive global superstruct Bar,Juice,2.17,Aisle 4 - Bin 7
650,Realigned contextually-based a Can,Water,2.0,Aisle 1 - Bin 9
7410,Open-architected well-modulate Can,Health Food,1.42,Aisle 3 - Bin 2
4608,Networked zero-defect extranet Pack,Candy,1.7,Aisle 5 - Bin 9
2663,Future-proofed cohesive analyz Pack,Juice,2.87,Aisle 5 - Bin 6
8072,Customer-focused upward-trendi Bottle,Soda,3.47,Aisle 1 - Bin 1
9219,Down-sized leadingedge methodo Bottle,Snack,2.56,Aisle 3 - Bin 2
2165,Optional leadingedge capabilit Bottle,Juice,4.72,Aisle 1 - Bin 1
7362,Total systematic functionaliti Bar,Energy Drinks,0.86,Aisle 1 - Bin 9
5350,Reverse-engineered motivating  Pack,Water,1.89,Aisle 5 - Bin 9
1230,Focused directional workforce Pack,Water,4.6,Aisle 4 - Bin 8
9582,Cross-group intermediate conce Bar,Beverage,3.4,Aisle 2 - Bin 7
1690,Proactive user-facing analyzer Bottle,Candy,4.18,Aisle 1 - Bin 1
918,Front-line zero administration Bar,Snack,1.65,Aisle 2 - Bin 9
7271,Up-sized 24hour hardware Box,Juice,1.44,Aisle 1 - Bin 9
4744,Open-source secondary forecast Pack,Energy Drinks,4.32,Aisle 2 - Bin 1
7344,Focused neutral help-desk Can,Juice,2.42,Aisle 2 - Bin 9
8712,Re-engineered exuding continge Can,Water,4.88,Aisle 2 - Bin 6
6137,Extended high-level frame Box,Water,3.1,Aisle 2 - Bin 2
3970,Implemented interactive encodi Pack,Beverage,1.83,Aisle 1 - Bin 1
9088,Progressive intermediate attit Can,Juice,4.82,Aisle 4 - Bin 8
6255,Stand-alone multimedia policy Can,Juice,4.3,Aisle 1 - Bin 10
9641,User-centric human-resource fl Pack,Soda,1.24,Aisle 5 - Bin 6
4617,Optional multimedia model Pack,Chips,2.19,Aisle 4 - Bin 2
185,Face-to-face demand-driven sec Bottle,Candy,4.47,Aisle 2 - Bin 2
5214,Grass-roots explicit task-forc Bar,Beverage,1.52,Aisle 5 - Bin 9
7623,Exclusive systematic conglomer Box,Water,0.52,Aisle 2 - Bin 6
6591,Optimized heuristic firmware Bar,Beverage,1.64,Aisle 3 - Bin 4
4806,Innovative intangible product Pack,Snack,1.74,Aisle 2 - Bin 6
5899,Monitored motivating software Can,Candy,3.32,Aisle 5 - Bin 9
8677,User-centric secondary groupwa Pack,Soda,3.51,Aisle 5 - Bin 9
6658,Diverse multi-tasking paradigm Bottle,Candy,3.01,Aisle 2 - Bin 9
8993,Profound interactive array Bottle,Cookies,0.65,Aisle 5 - Bin 9
6697,Advanced needs-based interface Bottle,Snack,4.21,Aisle 2 - Bin 1
7186,Team-oriented scalable strateg Bar,Soda,1.43,Aisle 4 - Bin 4
4372,Vision-oriented holistic hiera Box,Candy,2.94,Aisle 4 - Bin 4
8136,Right-sized holistic flexibili Bar,Cookies,4.89,Aisle 5 - Bin 3
9152,Organized zero tolerance parad Bottle,Candy,2.06,Aisle 2 - Bin 7
641,Upgradable cohesive matrix Pack,Snack,1.25,Aisle 4 - Bin 4
8221,Total user-facing analyzer Bar,Candy,1.36,Aisle 1 - Bin 10
7157,Organic neutral collaboration Bottle,Candy,4.09,Aisle 5 - Bin 9
7516,Down-sized transitional morato Box,Water,4.56,Aisle 2 - Bin 6
5951,Stand-alone interactive interf Box,Juice,2.28,Aisle 2 - Bin 9
5912,Programmable encompassing fore Pack,Energy Drinks,3.88,Aisle 5 - Bin 3
327,Triple-buffered directional fl Pack,Soda,2.79,Aisle 1 - Bin 9
3166,Fundamental regional focus gro Pack,Soda,1.06,Aisle 3 - Bin 5
7079,Compatible background function Box,Health Food,3.24,Aisle 3 - Bin 2
5337,Devolved directional hierarchy Bottle,Soda,1.79,Aisle 4 - Bin 4
1577,Customer-focused incremental s Bar,Candy,1.62,Aisle 2 - Bin 9
3037,Reduced transitional hierarchy Bottle,Candy,2.82,Aisle 4 - Bin 2
3806,De-engineered disintermediate  Bar,Chips,3.85,Aisle 2 - Bin 9
307,Face-to-face 24hour standardiz Can,Juice,1.88,Aisle 5 - Bin 9
6547,Up-sized bottom-line superstru Box,Soda,1.57,Aisle 1 - Bin 10
4702,Persistent heuristic service-d Bar,Cookies,0.79,Aisle 1 - Bin 10
6983,Monitored user-facing migratio Can,Health Food,1.41,Aisle 1 - Bin 1
5755,Streamlined attitude-oriented  Bottle,Soda,1.57,Aisle 4 - Bin 4
4560,Organic disintermediate orches Bar,Soda,0.65,Aisle 4 - Bin 8
1423,Assimilated optimizing superst Bar,Beverage,0.75,Aisle 5 - Bin 9
6537,Face-to-face needs-based intra Can,Health Food,4.32,Aisle 1 - Bin 9
5776,Ameliorated high-level archite Can,Candy,1.65,Aisle 5 - Bin 3
8547,Inverse stable analyzer Box,Chips,1.89,Aisle 5 - Bin 3
579,Horizontal fault-tolerant capa Box,Health Food,1.73,Aisle 5 - Bin 9
2204,Streamlined content-based arch Box,Soda,4.58,Aisle 3 - Bin 2
6119,Face-to-face scalable encrypti Bottle,Soda,1.04,Aisle 3 - Bin 4
686,Ergonomic client-server workfo Pack,Energy Drinks,0.78,Aisle 5 - Bin 9
9253,Cross-group dynamic toolset Bar,Beverage,4.47,Aisle 3 - Bin 4
3356,Managed actuating firmware Can,Cookies,1.89,Aisle 4 - Bin 8
8077,Multi-layered context-sensitiv Bar,Juice,1.12,Aisle 3 - Bin 4
2536,Polarized multi-tasking encryp Can,Energy Drinks,1.46,Aisle 5 - Bin 9
2914,Seamless optimal moderator Can,Health Food,0.58,Aisle 4 - Bin 7
2869,Inverse fault-tolerant superst Bottle,Snack,4.36,Aisle 5 - Bin 6
4108,Profound incremental policy Bar,Candy,0.83,Aisle 2 - Bin 1
8054,Persistent impactful definitio Pack,Snack,0.9,Aisle 3 - Bin 2
4096,Programmable asynchronous fore Box,Water,3.95,Aisle 1 - Bin 9
8929,Secured responsive knowledgeba Box,Chips,2.4,Aisle 4 - Bin 2
5302,Versatile well-modulated lever Bottle,Health Food,2.09,Aisle 4 - Bin 7
3995,Profound maximized architectur Bottle,Chips,1.09,Aisle 5 - Bin 3
6842,Optional modular attitude Box,Candy,4.51,Aisle 2 - Bin 9
3997,Implemented full-range initiat Box,Health Food,3.77,Aisle 4 - Bin 4
2017,Persistent 5thgeneration model Bottle,Juice,4.29,Aisle 1 - Bin 10
1129,Programmable upward-trending f Bottle,Snack,2.42,Aisle 1 - Bin 10
8606,Organized mobile attitude Bar,Soda,0.85,Aisle 1 - Bin 1
6687,Organized system-worthy artifi Can,Snack,2.89,Aisle 5 - Bin 9
7442,Virtual multi-tasking capacity Pack,Snack,0.89,Aisle 2 - Bin 2
6007,Cross-platform upward-trending Can,Chips,3.85,Aisle 2 - Bin 7
1115,Integrated 24/7 superstructure Bottle,Energy Drinks,2.45,Aisle 2 - Bin 1
1787,Organic cohesive frame Can,Beverage,3.57,Aisle 2 - Bin 2
8005,Integrated homogeneous frame Bottle,Juice,1.74,Aisle 1 - Bin 9
5084,Up-sized analyzing flexibility Bottle,Energy Drinks,4.94,Aisle 1 - Bin 9
2850,Monitored optimal toolset Box,Chips,2.11,Aisle 3 - Bin 2
1410,Automated modular system engin Pack,Chips,1.06,Aisle 2 - Bin 1
6753,Decentralized incremental Loca Box,Water,4.49,Aisle 2 - Bin 2
4049,Compatible web-enabled circuit Pack,Chips,1.2,Aisle 5 - Bin 9
2908,Face-to-face leadingedge analy Bar,Chips,3.6,Aisle 4 - Bin 7
9182,Pre-emptive eco-centric archiv Bar,Health Food,0.87,Aisle 4 - Bin 4
7220,Organized eco-centric producti Bottle,Soda,2.62,Aisle 1 - Bin 10
3375,Diverse empowering solution Pack,Water,0.82,Aisle 2 - Bin 1
6221,Integrated attitude-oriented t Pack,Chips,1.03,Aisle 4 - Bin 4
2460,Visionary empowering artificia Pack,Cookies,1.77,Aisle 4 - Bin 4
4029,Intuitive context-sensitive ad Box,Soda,4.29,Aisle 2 - Bin 1
7837,Quality-focused mission-critic Box,Health Food,3.38,Aisle 1 - Bin 10
4731,Managed human-resource paradig Pack,Juice,1.92,Aisle 4 - Bin 2
6767,Programmable systemic info-med Box,Chips,0.89,Aisle 2 - Bin 6
7630,Open-source motivating process Bar,Chips,3.82,Aisle 5 - Bin 9
9165,Multi-tiered empowering throug Bottle,Beverage,0.72,Aisle 2 - Bin 2
7144,Networked 24/7 orchestration Bar,Soda,3.06,Aisle 5 - Bin 3
7134,Grass-roots intermediate Graph Box,Energy Drinks,2.94,Aisle 3 - Bin 5
8354,Reverse-engineered modular abi Bottle,Cookies,3.71,Aisle 5 - Bin 9
4898,Diverse asynchronous instructi Box,Health Food,3.79,Aisle 1 - Bin 1
6023,Front-line 4thgeneration extra Can,Health Food,1.47,Aisle 4 - Bin 4
4507,Persevering needs-based artifi Can,Juice,0.68,Aisle 4 - Bin 4
5090,Devolved context-sensitive ope Bottle,Juice,4.23,Aisle 1 - Bin 10
6010,Self-enabling user-facing matr Pack,Cookies,1.64,Aisle 1 - Bin 10
1929,User-friendly regional definit Pack,Energy Drinks,2.84,Aisle 4 - Bin 7
7987,Innovative foreground leverage Bottle,Chips,3.19,Aisle 4 - Bin 4
1179,Implemented zero administratio Pack,Water,4.91,Aisle 1 - Bin 10
8534,Inverse 4thgeneration knowledg Bar,Chips,3.58,Aisle 4 - Bin 4
5392,Realigned asymmetric core Box,Water,0.88,Aisle 1 - Bin 9
404,Reduced coherent frame Bar,Juice,3.79,Aisle 4 - Bin 4
5335,Compatible user-facing product Can,Beverage,4.5,Aisle 3 - Bin 5
282,Cross-group bottom-line archit Box,Juice,3.47,Aisle 5 - Bin 3
7923,Monitored human-resource encod Box,Health Food,1.17,Aisle 1 - Bin 9
4273,Triple-buffered logistical ada Box,Water,2.75,Aisle 4 - Bin 2
9973,Vision-oriented 4thgeneration  Box,Candy,4.84,Aisle 5 - Bin 3
9667,Customizable maximized moderat Pack,Water,4.11,Aisle 3 - Bin 5
642,Public-key static capacity Can,Cookies,1.33,Aisle 5 - Bin 3
2361,Programmable bandwidth-monitor Pack,Cookies,4.05,Aisle 4 - Bin 4
9392,De-engineered static framework Pack,Cookies,3.41,Aisle 4 - Bin 2
8234,Up-sized intangible knowledgeb Can,Cookies,2.06,Aisle 5 - Bin 9
6806,Enhanced cohesive framework Pack,Candy,3.16,Aisle 2 - Bin 6
2074,Synergized directional forecas Bottle,Snack,3.57,Aisle 5 - Bin 6
1959,Multi-layered logistical help- Bottle,Snack,2.96,Aisle 1 - Bin 10
5160,Implemented directional modera Pack,Health Food,3.99,Aisle 3 - Bin 4
542,Upgradable dynamic service-des Box,Soda,3.06,Aisle 2 - Bin 2
8391,Ergonomic even-keeled complexi Bottle,Candy,3.47,Aisle 2 - Bin 7
2060,Right-sized bottom-line foreca Pack,Water,2.72,Aisle 4 - Bin 4
904,Quality-focused user-facing im Can,Water,1.7,Aisle 4 - Bin 2
9794,Team-oriented tertiary service Box,Soda,2.62,Aisle 5 - Bin 6
224,Ergonomic value-added groupwar Can,Chips,1.17,Aisle 4 - Bin 2
4082,Secured needs-based collaborat Bottle,Cookies,1.96,Aisle 3 - Bin 5
9439,Stand-alone intermediate help- Pack,Beverage,2.43,Aisle 4 - Bin 4
4250,Polarized zero tolerance frame Can,Water,2.65,Aisle 2 - Bin 7
782,Total multimedia parallelism Can,Soda,4.24,Aisle 2 - Bin 6
762,Quality-focused asymmetric mor Pack,Soda,4.92,Aisle 2 - Bin 7
3616,Optimized composite hardware Can,Cookies,0.94,Aisle 3 - Bin 2
5667,Profit-focused systemic neural Can,Health Food,0.72,Aisle 4 - Bin 8
6960,Synchronized grid-enabled data Bar,Candy,4.58,Aisle 2 - Bin 9
2657,Robust asymmetric Local Area N Can,Candy,1.49,Aisle 3 - Bin 2
1632,Assimilated transitional model Can,Beverage,3.14,Aisle 5 - Bin 9
9882,Devolved methodical frame Bar,Candy,4.3,Aisle 5 - Bin 9
531,Synergized asymmetric customer Bar,Candy,4.81,Aisle 1 - Bin 9
3360,Grass-roots foreground website Pack,Cookies,0.65,Aisle 2 - Bin 7
9098,Optimized content-based workfo Pack,Snack,1.05,Aisle 3 - Bin 4
5300,Customizable background capaci Bottle,Juice,4.21,Aisle 4 - Bin 2
9620,Decentralized composite functi Bottle,Snack,0.94,Aisle 1 - Bin 9
5083,Customer-focused even-keeled c Can,Chips,0.61,Aisle 3 - Bin 5
1849,Right-sized grid-enabled produ Bottle,Energy Drinks,0.86,Aisle 3 - Bin 2
106,Ameliorated solution-oriented  Bottle,Beverage,1.8,Aisle 2 - Bin 9
1225,Pre-emptive static toolset Bar,Cookies,3.43,Aisle 3 - Bin 4
5351,Enterprise-wide actuating arch Box,Water,1.61,Aisle 1 - Bin 9
3875,Enhanced asynchronous task-for Box,Candy,2.01,Aisle 5 - Bin 9
101,Multi-channeled incremental en Pack,Cookies,0.74,Aisle 2 - Bin 2
4656,Multi-channeled cohesive produ Can,Juice,1.33,Aisle 3 - Bin 4
1643,Reduced directional budgetary  Can,Water,3.17,Aisle 2 - Bin 2
2600,Fundamental disintermediate en Bottle,Candy,3.87,Aisle 2 - Bin 1
1915,Intuitive object-oriented algo Pack,Chips,2.9,Aisle 3 - Bin 2
5648,Exclusive multi-tasking migrat Bottle,Soda,4.06,Aisle 2 - Bin 6
1117,Re-engineered exuding frame Bottle,Snack,2.14,Aisle 4 - Bin 7
7847,Persistent hybrid complexity Pack,Health Food,3.23,Aisle 3 - Bin 4
3286,Realigned responsive functiona Bottle,Energy Drinks,0.62,Aisle 4 - Bin 8
2246,Fully-configurable methodical  Bar,Candy,3.07,Aisle 2 - Bin 1
6352,Re-contextualized content-base Bottle,Health Food,4.14,Aisle 1 - Bin 10
9040,Organic directional knowledgeb Pack,Snack,1.2,Aisle 4 - Bin 7
3075,Fully-configurable disintermed Can,Juice,2.02,Aisle 2 - Bin 6
1075,Persevering dynamic concept Box,Snack,2.58,Aisle 4 - Bin 2
603,Expanded contextually-based pr Can,Cookies,2.6,Aisle 2 - Bin 1
4388,Innovative logistical parallel Can,Chips,1.23,Aisle 2 - Bin 6
6881,Configurable zero administrati Bar,Soda,3.77,Aisle 3 - Bin 4
6473,Persistent heuristic frame Bar,Juice,2.2,Aisle 5 - Bin 9
6566,Team-oriented exuding knowledg Pack,Cookies,1.34,Aisle 5 - Bin 9
5741,Function-based motivating coll Box,Beverage,3.23,Aisle 2 - Bin 9
1752,Realigned discrete customer lo Can,Energy Drinks,2.34,Aisle 2 - Bin 6
5999,Realigned attitude-oriented ac Box,Candy,2.77,Aisle 4 - Bin 7
3617,Innovative maximized database Can,Beverage,1.36,Aisle 3 - Bin 4
5904,Reduced contextually-based fun Can,Health Food,4.62,Aisle 4 - Bin 7
2588,User-centric bifurcated comple Box,Beverage,3.0,Aisle 4 - Bin 8
685,Mandatory content-based task-f Box,Soda,4.74,Aisle 5 - Bin 3
3439,Fundamental incremental instru Bar,Beverage,3.0,Aisle 2 - Bin 6
8140,Automated exuding infrastructu Bottle,Cookies,1.62,Aisle 2 - Bin 7
7245,Assimilated 3rdgeneration arti Can,Candy,3.96,Aisle 4 - Bin 7
4249,Managed context-sensitive comp Box,Juice,4.79,Aisle 3 - Bin 2
6284,Ergonomic transitional process Bar,Water,3.86,Aisle 2 - Bin 2
9883,Extended contextually-based Gr Can,Soda,4.29,Aisle 3 - Bin 2
7486,Operative optimizing solution Bar,Water,3.59,Aisle 2 - Bin 9
9592,Seamless multi-tasking moderat Box,Water,4.4,Aisle 5 - Bin 9
6567,Right-sized high-level extrane Box,Health Food,3.4,Aisle 4 - Bin 7
8457,Public-key neutral portal Can,Cookies,4.47,Aisle 2 - Bin 1
5046,Focused optimizing focus group Bar,Health Food,1.6,Aisle 5 - Bin 9
9404,Self-enabling system-worthy in Bar,Chips,0.56,Aisle 2 - Bin 6
3612,Fully-configurable hybrid supp Bottle,Candy,1.96,Aisle 2 - Bin 7
6094,Down-sized optimal Local Area  Bottle,Soda,4.5,Aisle 5 - Bin 6
1280,Centralized foreground framewo Pack,Energy Drinks,4.27,Aisle 2 - Bin 6
6432,Exclusive impactful capacity Can,Cookies,1.96,Aisle 2 - Bin 2
7900,Robust client-server groupware Can,Beverage,3.96,Aisle 2 - Bin 2
8537,Multi-layered directional help Bottle,Soda,2.24,Aisle 2 - Bin 9
435,Reverse-engineered optimizing  Bottle,Beverage,2.14,Aisle 4 - Bin 8
7889,User-friendly exuding customer Pack,Health Food,2.23,Aisle 4 - Bin 2
8410,Realigned analyzing synergy Bar,Cookies,1.38,Aisle 4 - Bin 7
172,Profit-focused contextually-ba Bar,Snack,1.8,Aisle 5 - Bin 6
77,Adaptive analyzing ability Box,Water,4.19,Aisle 2 - Bin 2
9678,Vision-oriented client-driven  Box,Candy,2.93,Aisle 2 - Bin 2
768,Sharable user-facing access Can,Soda,3.71,Aisle 3 - Bin 2
2945,Diverse high-level Internet so Box,Candy,2.83,Aisle 3 - Bin 5
555,Extended didactic complexity Can,Snack,3.56,Aisle 5 - Bin 9
5207,Organized methodical utilizati Bottle,Candy,1.6,Aisle 3 - Bin 4
2624,Enhanced high-level knowledgeb Bar,Beverage,4.68,Aisle 5 - Bin 3
1898,Balanced bandwidth-monitored a Box,Energy Drinks,3.71,Aisle 2 - Bin 9
297,Fundamental logistical capabil Box,Health Food,2.53,Aisle 4 - Bin 8
9412,Pre-emptive directional databa Can,Cookies,1.04,Aisle 1 - Bin 1
3220,Front-line client-server monit Bottle,Chips,0.67,Aisle 5 - Bin 6
9046,Digitized 24/7 capability Pack,Energy Drinks,2.92,Aisle 3 - Bin 4
28,Optional leadingedge algorithm Box,Health Food,1.33,Aisle 3 - Bin 2
7213,Sharable transitional hub Bottle,Energy Drinks,4.0,Aisle 2 - Bin 1
2848,Customizable asymmetric groupw Bottle,Soda,0.73,Aisle 1 - Bin 1
2154,Customizable local capacity Pack,Energy Drinks,1.0,Aisle 4 - Bin 7
7885,Progressive maximized task-for Box,Juice,4.92,Aisle 1 - Bin 9
4579,Object-based clear-thinking ch Bar,Soda,3.89,Aisle 5 - Bin 6
8043,Advanced zero-defect process i Can,Cookies,4.06,Aisle 4 - Bin 8
1906,Reduced actuating Local Area N Can,Chips,4.1,Aisle 3 - Bin 5
9333,Total composite standardizatio Box,Water,4.14,Aisle 1 - Bin 1
9957,Vision-oriented dynamic orches Pack,Water,4.07,Aisle 4 - Bin 8
9633,Universal uniform complexity Bar,Energy Drinks,4.1,Aisle 5 - Bin 3
1461,Persevering global complexity Box,Candy,1.58,Aisle 2 - Bin 2
9158,Face-to-face 24hour collaborat Pack,Juice,1.92,Aisle 4 - Bin 4
8994,Digitized context-sensitive sy Pack,Beverage,4.72,Aisle 3 - Bin 4
1142,Profound bi-directional open s Pack,Beverage,4.71,Aisle 4 - Bin 8
2026,Visionary bandwidth-monitored  Can,Health Food,4.31,Aisle 3 - Bin 5
3347,Profound disintermediate produ Can,Soda,0.7,Aisle 2 - Bin 9
8991,Virtual multimedia firmware Can,Candy,1.3,Aisle 1 - Bin 9
1076,Diverse bottom-line contingenc Bar,Juice,4.18,Aisle 1 - Bin 10
93,Expanded motivating benchmark Bar,Juice,2.57,Aisle 2 - Bin 9
8020,Monitored interactive project Box,Chips,0.8,Aisle 2 - Bin 1
4183,Multi-lateral human-resource n Box,Energy Drinks,0.98,Aisle 3 - Bin 2
8907,Customizable 3rdgeneration emu Bar,Water,4.9,Aisle 3 - Bin 2
3965,Secured high-level open system Can,Beverage,4.81,Aisle 1 - Bin 1
495,Cloned mission-critical open a Can,Soda,2.6,Aisle 1 - Bin 9
7477,Quality-focused heuristic meth Bottle,Chips,2.62,Aisle 5 - Bin 6
5133,Progressive mobile portal Pack,Candy,1.82,Aisle 2 - Bin 9
2151,Programmable 24/7 throughput Bottle,Candy,4.77,Aisle 2 - Bin 7
7248,Focused real-time circuit Pack,Cookies,3.31,Aisle 2 - Bin 2
3935,Integrated client-driven flexi Bar,Cookies,2.97,Aisle 5 - Bin 9
7747,Implemented tertiary approach Pack,Candy,0.96,Aisle 5 - Bin 9
2452,Innovative tangible encoding Bottle,Candy,2.49,Aisle 1 - Bin 10
4694,Networked foreground adapter Box,Cookies,2.2,Aisle 3 - Bin 5
1079,Digitized executive hub Pack,Cookies,2.7,Aisle 2 - Bin 2
7650,Streamlined user-facing archit Can,Beverage,1.34,Aisle 3 - Bin 5
4861,Monitored holistic forecast Bar,Health Food,4.25,Aisle 1 - Bin 10
4521,Networked zero-defect emulatio Pack,Chips,2.38,Aisle 3 - Bin 2
7393,Balanced user-facing attitude Pack,Beverage,4.05,Aisle 5 - Bin 9
3615,Team-oriented solution-oriente Bar,Candy,2.69,Aisle 5 - Bin 3
8673,Diverse content-based frame Bar,Cookies,2.57,Aisle 1 - Bin 9
1642,Diverse incremental Internet s Bottle,Water,4.05,Aisle 5 - Bin 9
1809,Pre-emptive attitude-oriented  Pack,Chips,0.81,Aisle 3 - Bin 5
8968,Pre-emptive upward-trending in Bottle,Energy Drinks,1.9,Aisle 4 - Bin 2
789,Multi-tiered upward-trending s Bar,Beverage,4.74,Aisle 4 - Bin 8
5319,Exclusive client-driven matric Box,Juice,1.48,Aisle 5 - Bin 9
420,Switchable fresh-thinking anal Box,Cookies,1.62,Aisle 3 - Bin 5
3999,Compatible fresh-thinking mora Bar,Chips,3.11,Aisle 3 - Bin 5
2742,Open-source 3rdgeneration mora Bar,Energy Drinks,2.79,Aisle 5 - Bin 3
5340,Cross-group systematic model Can,Beverage,1.78,Aisle 2 - Bin 6
8026,Innovative neutral product Box,Candy,1.43,Aisle 1 - Bin 10
1978,Centralized actuating moderato Can,Health Food,0.79,Aisle 4 - Bin 7
5978,Function-based 24hour portal Pack,Energy Drinks,2.51,Aisle 5 - Bin 6
8645,Multi-tiered client-driven pri Bar,Juice,2.71,Aisle 2 - Bin 7
4306,De-engineered discrete capacit Bar,Snack,2.69,Aisle 2 - Bin 7
6741,Managed logistical pricing str Pack,Chips,4.49,Aisle 2 - Bin 2
311,Profound systemic Local Area N Pack,Water,3.78,Aisle 5 - Bin 3
274,User-friendly multi-state encr Box,Chips,3.59,Aisle 5 - Bin 3
6075,Decentralized human-resource c Bottle,Water,4.73,Aisle 1 - Bin 1
1547,Future-proofed analyzing matri Can,Energy Drinks,4.43,Aisle 4 - Bin 7
4221,Expanded content-based framewo Pack,Energy Drinks,4.34,Aisle 3 - Bin 5
109,Exclusive attitude-oriented co Box,Beverage,3.75,Aisle 2 - Bin 6
269,Reverse-engineered upward-tren Pack,Juice,4.41,Aisle 3 - Bin 4
9549,Versatile 5thgeneration levera Box,Snack,4.3,Aisle 4 - Bin 2
6213,Realigned context-sensitive hi Box,Water,4.81,Aisle 3 - Bin 5
8285,Optional bandwidth-monitored p Bottle,Beverage,2.25,Aisle 3 - Bin 4
7152,Switchable web-enabled capacit Pack,Chips,0.93,Aisle 2 - Bin 1
1178,Customer-focused intangible Lo Pack,Candy,2.98,Aisle 1 - Bin 9
9778,Managed 4thgeneration artifici Box,Snack,1.87,Aisle 1 - Bin 9
208,User-centric disintermediate f Box,Water,2.25,Aisle 2 - Bin 9
1637,Function-based local forecast Pack,Chips,2.34,Aisle 2 - Bin 9
8159,User-centric user-facing flexi Bar,Snack,4.29,Aisle 3 - Bin 5
929,Reduced bottom-line knowledgeb Box,Chips,1.01,Aisle 5 - Bin 6
8517,Virtual attitude-oriented supe Box,Beverage,4.56,Aisle 2 - Bin 2
6574,Universal client-driven method Bar,Cookies,3.62,Aisle 4 - Bin 4
9753,Business-focused mobile Graphi Bar,Health Food,0.88,Aisle 4 - Bin 7
1602,Realigned 4thgeneration open a Pack,Snack,4.43,Aisle 3 - Bin 2
9183,Re-contextualized client-serve Can,Juice,1.34,Aisle 2 - Bin 9
1542,Total next generation hierarch Bottle,Candy,4.85,Aisle 4 - Bin 8
4414,User-centric asynchronous moni Box,Juice,1.29,Aisle 5 - Bin 9
6734,Secured mission-critical circu Bottle,Snack,1.64,Aisle 5 - Bin 9
1192,Programmable bifurcated functi Bottle,Cookies,0.84,Aisle 2 - Bin 2
3820,Cross-group tangible alliance Pack,Soda,3.26,Aisle 4 - Bin 2
8434,Adaptive modular Internet solu Box,Candy,4.69,Aisle 5 - Bin 9
5592,Ergonomic actuating contingenc Pack,Beverage,0.73,Aisle 1 - Bin 1
1262,Multi-tiered optimal monitorin Pack,Water,4.07,Aisle 3 - Bin 2
6785,Seamless regional hardware Bottle,Energy Drinks,2.8,Aisle 1 - Bin 9
7048,Exclusive client-server system Bar,Water,2.1,Aisle 5 - Bin 9
8568,Polarized incremental protocol Box,Juice,2.8,Aisle 5 - Bin 6
2407,Assimilated bandwidth-monitore Bottle,Juice,0.95,Aisle 2 - Bin 2
1436,Organic didactic installation Pack,Candy,3.89,Aisle 1 - Bin 1
4062,Fully-configurable homogeneous Box,Juice,4.71,Aisle 4 - Bin 8
2943,Multi-channeled grid-enabled l Can,Energy Drinks,3.44,Aisle 5 - Bin 9
6980,Face-to-face systemic instruct Box,Cookies,0.77,Aisle 5 - Bin 9
8145,Persistent global attitude Pack,Water,1.29,Aisle 3 - Bin 5
27,User-friendly even-keeled time Can,Juice,4.19,Aisle 2 - Bin 7
4529,Monitored directional solution Pack,Beverage,4.62,Aisle 2 - Bin 9
9679,Triple-buffered background ope Can,Water,4.46,Aisle 3 - Bin 4
8489,Phased radical help-desk Pack,Candy,4.03,Aisle 4 - Bin 2
9256,Reactive well-modulated applic Pack,Cookies,2.6,Aisle 4 - Bin 7
8525,Profound responsive standardiz Can,Health Food,3.25,Aisle 4 - Bin 2
4970,Pre-emptive national frame Bottle,Health Food,1.16,Aisle 4 - Bin 8
4060,Multi-lateral 5thgeneration de Bottle,Beverage,2.14,Aisle 2 - Bin 7
8914,Object-based explicit standard Bottle,Juice,3.22,Aisle 2 - Bin 6
5480,Face-to-face solution-oriented Box,Water,2.14,Aisle 5 - Bin 9
7647,Stand-alone client-server syne Box,Cookies,1.47,Aisle 2 - Bin 9
4289,Streamlined object-oriented me Pack,Soda,3.0,Aisle 3 - Bin 2
7834,Optimized tangible productivit Bar,Soda,1.97,Aisle 2 - Bin 6
4358,Reverse-engineered national fo Bar,Health Food,2.59,Aisle 1 - Bin 1
4378,Networked mission-critical con Bottle,Cookies,0.82,Aisle 3 - Bin 4
6940,Function-based contextually-ba Bottle,Soda,1.44,Aisle 2 - Bin 6
5253,Implemented analyzing framewor Can,Health Food,1.62,Aisle 4 - Bin 4
1485,Devolved demand-driven approac Pack,Cookies,3.18,Aisle 2 - Bin 2
2546,Future-proofed 5thgeneration p Box,Juice,4.14,Aisle 2 - Bin 2
1384,Implemented eco-centric comple Box,Snack,3.68,Aisle 5 - Bin 6
4808,Adaptive attitude-oriented ana Bar,Chips,3.17,Aisle 3 - Bin 2
6043,Multi-channeled real-time mode Pack,Chips,0.97,Aisle 4 - Bin 4
423,Front-line dedicated alliance Pack,Water,4.78,Aisle 5 - Bin 3
7915,Up-sized high-level data-wareh Can,Cookies,4.42,Aisle 4 - Bin 8
2058,Digitized 3rdgeneration levera Bar,Chips,3.63,Aisle 2 - Bin 1
2865,Reactive asynchronous toolset Bottle,Chips,1.2,Aisle 1 - Bin 1
8177,Seamless empowering knowledgeb Box,Juice,3.25,Aisle 2 - Bin 9
8749,Extended optimizing throughput Can,Candy,0.75,Aisle 1 - Bin 1
1935,Centralized maximized software Pack,Juice,2.81,Aisle 2 - Bin 1
3975,Automated zero tolerance middl Pack,Snack,3.98,Aisle 4 - Bin 7
5838,Organic high-level system engi Bar,Soda,4.3,Aisle 5 - Bin 9
8418,Future-proofed asynchronous pr Pack,Beverage,2.22,Aisle 2 - Bin 2
7949,Progressive dedicated secured  Bottle,Juice,4.86,Aisle 3 - Bin 5
49,Exclusive discrete solution Can,Soda,1.62,Aisle 5 - Bin 9
3845,Versatile actuating function Pack,Soda,0.71,Aisle 3 - Bin 5
3160,Inverse eco-centric Graphic In Bottle,Water,1.6,Aisle 4 - Bin 8
4816,Advanced full-range moratorium Box,Water,0.76,Aisle 5 - Bin 3
4386,Monitored 6thgeneration soluti Bar,Beverage,3.83,Aisle 4 - Bin 4
342,Managed needs-based conglomera Bar,Soda,1.47,Aisle 4 - Bin 8
3158,Streamlined contextually-based Bottle,Water,4.1,Aisle 1 - Bin 10
567,User-centric regional firmware Bottle,Health Food,3.89,Aisle 4 - Bin 4
2290,Visionary encompassing project Pack,Snack,3.12,Aisle 4 - Bin 4
7796,Re-contextualized human-resour Bottle,Cookies,2.91,Aisle 2 - Bin 1
1670,Innovative stable pricing stru Pack,Soda,1.66,Aisle 4 - Bin 2
831,Polarized 24/7 moratorium Bottle,Cookies,3.36,Aisle 2 - Bin 2
4704,Secured real-time data-warehou Box,Juice,2.91,Aisle 4 - Bin 4
5800,Persistent foreground service- Bar,Snack,2.2,Aisle 2 - Bin 7
1164,Enterprise-wide 6thgeneration  Pack,Soda,1.19,Aisle 5 - Bin 3
7504,Horizontal object-oriented dat Bottle,Energy Drinks,2.84,Aisle 1 - Bin 9
491,Visionary grid-enabled capacit Can,Cookies,3.91,Aisle 5 - Bin 6
7398,Organized directional throughp Bottle,Energy Drinks,2.66,Aisle 4 - Bin 7
8292,Integrated uniform alliance Box,Water,3.56,Aisle 4 - Bin 2
712,Synergized 3rdgeneration softw Can,Water,4.95,Aisle 2 - Bin 1
2470,De-engineered systematic neura Bottle,Beverage,0.84,Aisle 1 - Bin 10
6996,Expanded even-keeled Graphical Box,Chips,2.1,Aisle 5 - Bin 6
696,Reverse-engineered eco-centric Bar,Candy,1.0,Aisle 2 - Bin 7
721,Organic discrete migration Can,Energy Drinks,0.91,Aisle 4 - Bin 7
1027,Enhanced secondary product Box,Chips,1.84,Aisle 2 - Bin 1
3223,Networked responsive encoding Box,Health Food,3.98,Aisle 1 - Bin 1
2423,Triple-buffered client-driven  Bar,Cookies,3.84,Aisle 3 - Bin 5
5427,Realigned incremental installa Bottle,Juice,2.44,Aisle 3 - Bin 4
3862,Multi-layered interactive fram Bottle,Juice,1.52,Aisle 4 - Bin 7
9103,Progressive scalable initiativ Bottle,Chips,1.0,Aisle 1 - Bin 10
9555,Diverse local archive Pack,Cookies,3.45,Aisle 1 - Bin 1
5296,Down-sized multi-state secured Bottle,Snack,3.47,Aisle 5 - Bin 9
2754,Distributed fresh-thinking gro Can,Health Food,0.6,Aisle 1 - Bin 9
8142,Enhanced context-sensitive ada Pack,Health Food,2.08,Aisle 4 - Bin 8
5318,Centralized web-enabled produc Bottle,Energy Drinks,3.66,Aisle 4 - Bin 4
6636,Fundamental 4thgeneration fram Can,Snack,4.81,Aisle 5 - Bin 9
6864,Extended dedicated challenge Pack,Energy Drinks,3.63,Aisle 2 - Bin 1
9814,Secured attitude-oriented appl Can,Beverage,3.52,Aisle 1 - Bin 9
8344,Synchronized full-range firmwa Bar,Cookies,2.54,Aisle 1 - Bin 1
1790,Face-to-face tertiary toolset Box,Juice,0.51,Aisle 4 - Bin 4
1127,Programmable tertiary analyzer Bar,Chips,2.11,Aisle 3 - Bin 2
9996,Mandatory systematic approach Pack,Health Food,4.59,Aisle 1 - Bin 10
4902,Enhanced neutral complexity Box,Health Food,3.97,Aisle 3 - Bin 2
2095,Advanced 6thgeneration service Can,Energy Drinks,4.84,Aisle 5 - Bin 9
4637,Multi-layered homogeneous poli Bar,Energy Drinks,4.73,Aisle 4 - Bin 7
1574,Organized asynchronous capacit Can,Juice,4.13,Aisle 1 - Bin 9
321,Profit-focused intermediate Gr Box,Soda,4.71,Aisle 4 - Bin 4
73,Implemented coherent pricing s Bottle,Health Food,4.83,Aisle 2 - Bin 7
5953,Profit-focused hybrid conglome Can,Soda,3.62,Aisle 5 - Bin 9
7552,Re-contextualized fault-tolera Pack,Water,2.14,Aisle 1 - Bin 9
7660,Down-sized disintermediate hie Can,Chips,0.55,Aisle 4 - Bin 4
8877,De-engineered modular budgetar Pack,Cookies,0.67,Aisle 3 - Bin 5
9521,Proactive fresh-thinking archi Can,Health Food,0.66,Aisle 2 - Bin 6
4078,Phased transitional moderator Pack,Candy,1.92,Aisle 5 - Bin 9
723,Reduced content-based toolset Pack,Chips,1.65,Aisle 1 - Bin 9
5913,Inverse even-keeled success Bar,Beverage,1.57,Aisle 2 - Bin 7
7505,Profit-focused dedicated funct Pack,Cookies,2.62,Aisle 4 - Bin 2
5128,Integrated asymmetric moratori Pack,Energy Drinks,2.32,Aisle 4 - Bin 8
5416,Configurable actuating concept Can,Chips,3.78,Aisle 5 - Bin 9
9851,Polarized solution-oriented fi Bottle,Juice,4.3,Aisle 4 - Bin 4
6495,Object-based high-level pricin Pack,Snack,2.93,Aisle 2 - Bin 9
8976,Fundamental hybrid project Pack,Health Food,1.81,Aisle 5 - Bin 6
2328,Total object-oriented system e Bar,Candy,4.27,Aisle 3 - Bin 4
2481,Down-sized 6thgeneration paral Can,Cookies,1.26,Aisle 4 - Bin 8
3382,Optional neutral core Bar,Chips,1.19,Aisle 4 - Bin 8
2594,Object-based multi-state help- Box,Cookies,1.6,Aisle 2 - Bin 6
9319,Re-contextualized holistic orc Bottle,Health Food,4.48,Aisle 4 - Bin 7
3448,Synchronized tertiary encrypti Pack,Cookies,1.93,Aisle 3 - Bin 4
7304,Configurable zero administrati Bar,Water,3.99,Aisle 2 - Bin 2
4017,Synergistic static application Pack,Beverage,2.31,Aisle 2 - Bin 9
9926,Reactive zero tolerance workfo Bottle,Beverage,1.4,Aisle 5 - Bin 9
6325,User-centric full-range encryp Bottle,Chips,4.31,Aisle 3 - Bin 4
1692,Programmable zero-defect migra Bar,Energy Drinks,3.27,Aisle 2 - Bin 7
2757,Quality-focused solution-orien Bar,Chips,1.07,Aisle 1 - Bin 9
3968,Intuitive mobile matrices Bar,Cookies,0.85,Aisle 4 - Bin 2
5590,Realigned dynamic productivity Bottle,Health Food,1.39,Aisle 5 - Bin 9
1281,Phased background complexity Pack,Candy,2.68,Aisle 4 - Bin 4
7261,User-centric methodical approa Bar,Beverage,0.71,Aisle 2 - Bin 2
7322,Multi-channeled disintermediat Can,Juice,1.26,Aisle 3 - Bin 5
129,Virtual responsive groupware Bar,Juice,1.36,Aisle 5 - Bin 6
1873,Intuitive intermediate product Bar,Candy,0.77,Aisle 2 - Bin 7
6489,User-centric neutral open syst Can,Cookies,1.3,Aisle 2 - Bin 7
7112,Balanced cohesive benchmark Pack,Snack,1.39,Aisle 2 - Bin 1
9207,Synergistic 3rdgeneration circ Can,Soda,4.21,Aisle 2 - Bin 7
9797,Persistent stable core Pack,Juice,2.45,Aisle 5 - Bin 3
3510,Total fresh-thinking matrices Pack,Juice,3.82,Aisle 5 - Bin 9
3598,Implemented tertiary interface Bottle,Juice,4.39,Aisle 2 - Bin 9
766,Diverse grid-enabled website Pack,Energy Drinks,2.53,Aisle 5 - Bin 6
949,Assimilated didactic attitude Pack,Health Food,3.4,Aisle 5 - Bin 9
5843,Extended 4thgeneration attitud Can,Candy,2.08,Aisle 3 - Bin 4
4724,Upgradable incremental approac Pack,Chips,0.97,Aisle 4 - Bin 4
2148,Realigned solution-oriented st Pack,Candy,4.83,Aisle 1 - Bin 1
1050,Customizable bi-directional in Pack,Candy,3.56,Aisle 4 - Bin 4
9990,Fundamental user-facing custom Can,Cookies,0.93,Aisle 3 - Bin 5
8838,Realigned logistical algorithm Pack,Soda,3.82,Aisle 1 - Bin 10
2220,Enhanced multimedia definition Pack,Health Food,2.38,Aisle 2 - Bin 1
91,Customer-focused object-orient Bottle,Health Food,1.79,Aisle 1 - Bin 1
4036,Polarized directional structur Can,Health Food,4.56,Aisle 5 - Bin 9
3123,Phased exuding Local Area Netw Bottle,Juice,0.56,Aisle 2 - Bin 6
1094,Self-enabling mission-critical Box,Health Food,0.84,Aisle 4 - Bin 8
8512,Pre-emptive zero-defect standa Pack,Chips,1.92,Aisle 1 - Bin 10
9997,Adaptive grid-enabled applicat Bar,Energy Drinks,3.42,Aisle 3 - Bin 2
6154,Sharable non-volatile conglome Pack,Beverage,0.74,Aisle 5 - Bin 6
8120,Centralized analyzing middlewa Bar,Snack,4.49,Aisle 5 - Bin 9
3523,Universal needs-based Graphica Pack,Soda,0.62,Aisle 5 - Bin 9
41,Business-focused fault-toleran Bar,Soda,1.32,Aisle 3 - Bin 2
6923,Seamless intangible interface Can,Energy Drinks,3.1,Aisle 5 - Bin 3
9747,Fully-configurable context-sen Pack,Cookies,3.8,Aisle 3 - Bin 4
6528,Decentralized encompassing har Pack,Health Food,1.14,Aisle 4 - Bin 7
1283,Managed full-range data-wareho Pack,Candy,4.41,Aisle 2 - Bin 9
6315,Right-sized client-driven emul Pack,Health Food,2.3,Aisle 3 - Bin 2
5747,Profound executive focus group Bottle,Water,2.72,Aisle 1 - Bin 10
3280,Advanced modular access Bottle,Soda,2.48,Aisle 5 - Bin 9
5216,Organized discrete throughput Pack,Chips,4.65,Aisle 4 - Bin 4
371,Realigned grid-enabled Graphic Can,Water,2.71,Aisle 2 - Bin 1
5662,Assimilated foreground concept Bottle,Soda,3.35,Aisle 2 - Bin 9
5780,Integrated static benchmark Can,Soda,1.36,Aisle 5 - Bin 3
5268,Operative background standardi Pack,Snack,0.74,Aisle 3 - Bin 4
5921,Reactive disintermediate allia Bar,Candy,4.53,Aisle 3 - Bin 2
8588,Multi-tiered reciprocal suppor Pack,Water,2.64,Aisle 2 - Bin 6
1303,Mandatory empowering moratoriu Bottle,Chips,4.53,Aisle 3 - Bin 2
4794,Automated static firmware Bar,Cookies,4.95,Aisle 5 - Bin 9
519,Phased regional forecast Bar,Health Food,3.06,Aisle 1 - Bin 9
8720,Streamlined directional policy Pack,Chips,1.88,Aisle 1 - Bin 1
1725,Grass-roots even-keeled neural Pack,Juice,3.52,Aisle 4 - Bin 7
1311,Object-based systematic websit Box,Beverage,4.88,Aisle 5 - Bin 6
8969,Mandatory attitude-oriented al Pack,Cookies,0.66,Aisle 2 - Bin 1
4476,Open-architected transitional  Can,Water,2.51,Aisle 1 - Bin 1
6608,Proactive fault-tolerant stand Pack,Cookies,3.63,Aisle 3 - Bin 5
4830,Proactive 3rdgeneration intran Box,Juice,4.28,Aisle 5 - Bin 6
1614,Re-engineered background focus Bottle,Snack,4.88,Aisle 1 - Bin 10
4726,User-centric systematic produc Bar,Soda,3.82,Aisle 5 - Bin 9
6703,Inverse homogeneous database Pack,Soda,3.58,Aisle 2 - Bin 1
7105,Monitored intangible process i Box,Chips,3.89,Aisle 3 - Bin 2
644,Reduced systematic middleware Bar,Beverage,3.14,Aisle 4 - Bin 2
4945,Assimilated reciprocal website Can,Juice,1.53,Aisle 5 - Bin 9
4406,Self-enabling responsive encry Box,Energy Drinks,2.76,Aisle 5 - Bin 9
348,Assimilated impactful migratio Bar,Chips,0.79,Aisle 1 - Bin 9
5675,Extended multi-tasking databas Bottle,Soda,1.3,Aisle 5 - Bin 3
5355,Streamlined disintermediate sy Bottle,Beverage,2.74,Aisle 3 - Bin 4
1155,Synchronized cohesive middlewa Bar,Energy Drinks,4.38,Aisle 2 - Bin 7
6338,Grass-roots global capacity Bar,Cookies,2.67,Aisle 5 - Bin 3
1392,Organic maximized Local Area N Box,Candy,1.92,Aisle 5 - Bin 9
2142,Digitized zero-defect emulatio Bottle,Energy Drinks,2.94,Aisle 4 - Bin 2
4065,Diverse encompassing superstru Box,Energy Drinks,4.48,Aisle 1 - Bin 1
3574,Versatile impactful frame Bar,Cookies,2.29,Aisle 3 - Bin 2
9616,Universal foreground protocol Bottle,Health Food,4.42,Aisle 3 - Bin 5
2071,Organic next generation flexib Bottle,Candy,2.25,Aisle 2 - Bin 1
32,Multi-channeled composite port Can,Snack,3.72,Aisle 4 - Bin 7
1463,Inverse contextually-based too Bar,Energy Drinks,4.04,Aisle 1 - Bin 10
5545,Enhanced eco-centric data-ware Can,Juice,3.62,Aisle 2 - Bin 6
7165,Multi-layered system-worthy op Box,Cookies,0.81,Aisle 1 - Bin 9
7323,Focused multi-tasking benchmar Bottle,Soda,3.36,Aisle 2 - Bin 7
3193,Enterprise-wide composite acce Box,Snack,1.24,Aisle 5 - Bin 9
7989,Universal client-server approa Pack,Candy,1.01,Aisle 1 - Bin 9
8425,Streamlined national conglomer Can,Health Food,3.48,Aisle 2 - Bin 9
1753,Horizontal global data-warehou Bar,Water,0.68,Aisle 5 - Bin 9
952,Sharable heuristic knowledge u Bottle,Soda,4.94,Aisle 1 - Bin 9
3937,Assimilated bottom-line budget Bottle,Soda,2.63,Aisle 4 - Bin 2
1031,Visionary exuding flexibility Bottle,Candy,2.31,Aisle 2 - Bin 1
4474,Polarized client-server knowle Pack,Candy,2.1,Aisle 5 - Bin 6
294,Progressive multimedia flexibi Bottle,Beverage,2.76,Aisle 4 - Bin 4
7284,Balanced national array Can,Juice,4.86,Aisle 5 - Bin 9
293,Switchable leadingedge standar Bottle,Health Food,5.0,Aisle 2 - Bin 1
6369,Multi-channeled 4thgeneration  Bar,Juice,3.92,Aisle 3 - Bin 4
9166,Polarized fault-tolerant emula Pack,Water,4.97,Aisle 5 - Bin 6
8323,User-friendly cohesive paralle Bottle,Water,1.19,Aisle 3 - Bin 5
3669,Reactive zero tolerance time-f Can,Snack,2.99,Aisle 5 - Bin 9
7254,Expanded analyzing process imp Box,Cookies,3.9,Aisle 2 - Bin 2
9965,Expanded neutral focus group Bar,Energy Drinks,1.61,Aisle 5 - Bin 3
9388,Universal grid-enabled applica Pack,Juice,0.61,Aisle 4 - Bin 2
3294,Enterprise-wide fresh-thinking Bottle,Beverage,4.54,Aisle 4 - Bin 7
319,Configurable background system Pack,Snack,4.69,Aisle 5 - Bin 9
2555,Programmable tangible alliance Can,Chips,3.39,Aisle 1 - Bin 10
2342,Realigned didactic matrix Bar,Water,3.53,Aisle 4 - Bin 8
9294,User-friendly explicit softwar Box,Beverage,2.23,Aisle 1 - Bin 1
7585,Multi-layered hybrid process i Pack,Beverage,1.19,Aisle 1 - Bin 10
3760,Horizontal multimedia knowledg Box,Water,1.65,Aisle 4 - Bin 7
6373,Programmable radical utilizati Bar,Health Food,3.58,Aisle 1 - Bin 10
6082,Down-sized content-based produ Box,Snack,3.18,Aisle 2 - Bin 9
1861,Business-focused bottom-line a Bar,Snack,3.04,Aisle 2 - Bin 1
3727,Decentralized radical extranet Box,Soda,0.58,Aisle 5 - Bin 6
4413,Seamless upward-trending archi Pack,Snack,3.57,Aisle 3 - Bin 5
5787,Devolved contextually-based ar Box,Cookies,2.04,Aisle 1 - Bin 10
7818,Proactive transitional orchest Bottle,Soda,2.08,Aisle 5 - Bin 9
9180,Integrated homogeneous matrix Bar,Candy,3.98,Aisle 3 - Bin 4
4881,Synergized multimedia data-war Bar,Candy,4.17,Aisle 4 - Bin 4
9955,Programmable foreground applic Bar,Water,3.48,Aisle 2 - Bin 9
9214,Integrated uniform budgetary m Bar,Chips,4.48,Aisle 3 - Bin 4
8309,Customizable static database Bar,Cookies,2.51,Aisle 2 - Bin 6
3866,Grass-roots dynamic adapter Bottle,Juice,2.78,Aisle 3 - Bin 2
8861,Ergonomic object-oriented impl Bottle,Energy Drinks,2.32,Aisle 3 - Bin 2
9087,Exclusive responsive strategy Pack,Candy,3.81,Aisle 5 - Bin 6
4300,Integrated user-facing infrast Can,Cookies,3.35,Aisle 3 - Bin 2
9145,Customer-focused even-keeled k Pack,Candy,2.32,Aisle 5 - Bin 9
4227,Multi-channeled coherent compl Pack,Soda,2.98,Aisle 3 - Bin 4
2942,Pre-emptive 24/7 throughput Bar,Energy Drinks,2.93,Aisle 1 - Bin 9
4659,Progressive optimizing flexibi Can,Health Food,3.63,Aisle 1 - Bin 9
629,Total systematic approach Bar,Cookies,1.13,Aisle 4 - Bin 4
5547,Front-line demand-driven utili Bottle,Snack,3.74,Aisle 1 - Bin 1
1216,Seamless fresh-thinking workfo Bar,Water,2.58,Aisle 4 - Bin 4
890,Robust systematic matrix Bar,Snack,4.71,Aisle 1 - Bin 1
2739,Public-key hybrid utilization Bottle,Juice,4.79,Aisle 2 - Bin 2
1964,Quality-focused scalable info- Pack,Beverage,2.42,Aisle 2 - Bin 1
5742,Cross-platform homogeneous pro Can,Water,2.92,Aisle 5 - Bin 9
9939,Self-enabling homogeneous mode Bar,Soda,4.47,Aisle 2 - Bin 1
8812,Switchable interactive portal Pack,Juice,2.58,Aisle 2 - Bin 2
8966,Inverse asymmetric process imp Bar,Water,3.1,Aisle 3 - Bin 4
3140,Configurable zero tolerance pr Pack,Soda,0.81,Aisle 2 - Bin 9
5381,Exclusive next generation extr Box,Health Food,2.43,Aisle 3 - Bin 2
9231,Pre-emptive dynamic success Pack,Cookies,2.29,Aisle 4 - Bin 4
4198,Switchable reciprocal help-des Bar,Candy,4.76,Aisle 1 - Bin 10
9217,Stand-alone system-worthy serv Pack,Juice,4.44,Aisle 1 - Bin 9
6696,Front-line attitude-oriented d Bar,Water,4.91,Aisle 3 - Bin 5
458,Polarized systemic success Bar,Juice,3.39,Aisle 5 - Bin 6
5744,Front-line exuding process imp Box,Water,1.72,Aisle 2 - Bin 1
6083,Switchable responsive alliance Can,Energy Drinks,3.63,Aisle 5 - Bin 9
9959,Inverse encompassing middlewar Can,Cookies,1.85,Aisle 4 - Bin 4
1369,Horizontal stable secured line Bar,Juice,4.79,Aisle 1 - Bin 10
5452,Assimilated 3rdgeneration moni Can,Beverage,4.08,Aisle 4 - Bin 4
9659,Organic directional intranet Pack,Beverage,4.11,Aisle 2 - Bin 7
5841,Extended context-sensitive for Box,Beverage,0.95,Aisle 1 - Bin 9
1414,Versatile leadingedge challeng Can,Soda,1.92,Aisle 2 - Bin 7
83,Up-sized client-server help-de Pack,Beverage,2.04,Aisle 3 - Bin 2
7135,Optimized responsive open syst Bar,Snack,3.77,Aisle 5 - Bin 9
5627,Persevering multi-state middle Box,Soda,3.01,Aisle 2 - Bin 1
7590,Synchronized empowering help-d Box,Soda,0.56,Aisle 1 - Bin 10
5575,Distributed mission-critical c Can,Juice,4.1,Aisle 2 - Bin 9
8630,Managed dedicated challenge Pack,Soda,2.97,Aisle 2 - Bin 2
2241,Function-based demand-driven I Box,Water,1.1,Aisle 3 - Bin 5
2293,Self-enabling tangible extrane Bar,Soda,2.19,Aisle 1 - Bin 1
6076,Robust multimedia time-frame Pack,Health Food,1.07,Aisle 5 - Bin 6
7354,Automated responsive benchmark Can,Beverage,3.99,Aisle 2 - Bin 1
9574,Configurable full-range functi Pack,Energy Drinks,2.1,Aisle 2 - Bin 9
7464,Synchronized fault-tolerant mo Bottle,Energy Drinks,2.12,Aisle 1 - Bin 10
3941,Organic multi-tasking solution Box,Chips,4.05,Aisle 2 - Bin 1
8056,Progressive dedicated database Box,Beverage,4.7,Aisle 5 - Bin 6
2438,Assimilated interactive circui Pack,Energy Drinks,1.24,Aisle 4 - Bin 7
604,Centralized bandwidth-monitore Box,Energy Drinks,4.86,Aisle 2 - Bin 6
3367,Assimilated foreground extrane Bar,Soda,1.07,Aisle 1 - Bin 10
3311,Team-oriented 3rdgeneration co Bottle,Snack,3.7,Aisle 2 - Bin 7
4836,Operative impactful moratorium Can,Cookies,1.82,Aisle 4 - Bin 2
3449,Mandatory user-facing function Box,Energy Drinks,1.26,Aisle 2 - Bin 2
4424,Grass-roots mission-critical c Bar,Cookies,3.12,Aisle 2 - Bin 6
9405,Object-based coherent extranet Box,Health Food,4.81,Aisle 4 - Bin 4
6814,Expanded well-modulated data-w Bottle,Snack,3.13,Aisle 2 - Bin 2
4257,Front-line mission-critical so Bottle,Juice,1.3,Aisle 2 - Bin 2
6041,Robust context-sensitive focus Bottle,Chips,4.3,Aisle 5 - Bin 9
5032,Focused incremental conglomera Bar,Beverage,3.93,Aisle 1 - Bin 1
1200,Streamlined background hierarc Bar,Beverage,0.67,Aisle 1 - Bin 10
2104,Multi-layered explicit policy Can,Cookies,3.01,Aisle 2 - Bin 1
6005,Face-to-face real-time middlew Bar,Soda,1.09,Aisle 5 - Bin 9
1331,Customizable 6thgeneration par Bottle,Candy,0.93,Aisle 4 - Bin 2
3666,Cloned bi-directional challeng Box,Chips,0.81,Aisle 2 - Bin 9
8758,Profound demand-driven install Pack,Chips,0.57,Aisle 1 - Bin 10
2545,Organic high-level groupware Pack,Cookies,4.41,Aisle 4 - Bin 8
6050,Reactive homogeneous orchestra Box,Snack,0.68,Aisle 4 - Bin 8
6516,Stand-alone composite migratio Can,Soda,4.59,Aisle 4 - Bin 7
4533,Centralized national knowledge Box,Cookies,1.37,Aisle 4 - Bin 8
5297,Ameliorated content-based stan Can,Beverage,4.19,Aisle 2 - Bin 9
4798,Multi-channeled contextually-b Can,Candy,1.76,Aisle 1 - Bin 10
8582,Versatile grid-enabled interfa Box,Health Food,3.14,Aisle 2 - Bin 9
3579,Cloned full-range projection Pack,Chips,3.1,Aisle 5 - Bin 3
3643,Sharable 3rdgeneration archite Bottle,Cookies,1.16,Aisle 2 - Bin 7
8491,Streamlined web-enabled contin Pack,Water,1.54,Aisle 2 - Bin 1
1153,Switchable tangible matrices Can,Beverage,3.12,Aisle 2 - Bin 1
7645,Monitored bi-directional hiera Bar,Soda,1.43,Aisle 5 - Bin 9
2672,Customer-focused 24hour databa Box,Beverage,3.5,Aisle 1 - Bin 10
6323,Persevering high-level softwar Bottle,Soda,1.16,Aisle 3 - Bin 4
8187,Synergized dedicated collabora Box,Juice,1.56,Aisle 2 - Bin 7
6944,Persevering zero administratio Can,Beverage,2.6,Aisle 2 - Bin 2
3858,Managed asynchronous functiona Pack,Soda,0.68,Aisle 2 - Bin 9
309,Self-enabling human-resource c Pack,Beverage,4.01,Aisle 4 - Bin 8
2815,Ergonomic mobile analyzer Can,Water,0.77,Aisle 2 - Bin 1
905,Programmable 5thgeneration mig Bar,Juice,2.66,Aisle 2 - Bin 1
9459,Automated multimedia capabilit Can,Juice,2.33,Aisle 2 - Bin 2
8999,Customizable fault-tolerant ab Bar,Health Food,4.23,Aisle 2 - Bin 1
278,Re-engineered clear-thinking m Can,Candy,1.71,Aisle 4 - Bin 8
6448,Progressive even-keeled analyz Box,Chips,0.98,Aisle 1 - Bin 10
8080,Future-proofed demand-driven a Bottle,Snack,2.92,Aisle 3 - Bin 2
6966,Fundamental interactive throug Box,Beverage,2.17,Aisle 3 - Bin 2
4926,Grass-roots systematic process Pack,Beverage,3.83,Aisle 5 - Bin 9
5029,Devolved bi-directional monito Box,Water,4.89,Aisle 2 - Bin 9
1467,Proactive foreground emulation Can,Chips,3.46,Aisle 3 - Bin 2
123,Grass-roots dedicated function Pack,Cookies,4.83,Aisle 1 - Bin 9
3117,Synergized global moratorium Bar,Energy Drinks,2.99,Aisle 2 - Bin 7
5681,Phased dynamic emulation Bar,Cookies,4.33,Aisle 2 - Bin 1
1224,Reactive optimal intranet Can,Water,1.78,Aisle 2 - Bin 2
7548,Multi-layered leadingedge cont Box,Water,3.27,Aisle 2 - Bin 2
886,Triple-buffered intangible art Box,Juice,2.24,Aisle 5 - Bin 9
6794,Horizontal non-volatile hierar Box,Candy,3.27,Aisle 5 - Bin 9
3721,Organized intermediate challen Box,Cookies,2.81,Aisle 1 - Bin 9
7244,Re-engineered non-volatile mig Bottle,Chips,4.95,Aisle 2 - Bin 2
1499,Seamless tangible structure Can,Energy Drinks,2.0,Aisle 1 - Bin 1
9856,User-centric radical ability Pack,Candy,0.61,Aisle 3 - Bin 4
3254,Mandatory clear-thinking orche Bar,Energy Drinks,1.58,Aisle 3 - Bin 5
923,Vision-oriented exuding focus  Pack,Chips,4.02,Aisle 4 - Bin 4
4149,Realigned bifurcated complexit Box,Cookies,1.8,Aisle 5 - Bin 9
6742,Business-focused bi-directiona Can,Soda,2.67,Aisle 3 - Bin 4
7901,User-friendly high-level matri Can,Snack,3.1,Aisle 2 - Bin 2
4047,Innovative systematic collabor Bottle,Snack,2.22,Aisle 1 - Bin 9
3345,Proactive zero tolerance emula Bar,Juice,2.75,Aisle 1 - Bin 1
6843,Virtual bifurcated time-frame Can,Beverage,3.06,Aisle 4 - Bin 8
2350,De-engineered 24/7 installatio Bottle,Health Food,3.73,Aisle 1 - Bin 10
209,Compatible upward-trending str Bar,Snack,3.09,Aisle 3 - Bin 4
8818,Synergistic radical pricing st Pack,Candy,2.37,Aisle 5 - Bin 9
2513,Upgradable zero administration Bar,Water,4.63,Aisle 1 - Bin 1
2352,Reactive next generation workf Bottle,Beverage,3.17,Aisle 2 - Bin 6
3332,Extended next generation monit Can,Energy Drinks,2.53,Aisle 1 - Bin 1
4852,Open-architected web-enabled e Bottle,Health Food,1.09,Aisle 4 - Bin 2
9570,Digitized next generation budg Bottle,Chips,4.81,Aisle 3 - Bin 5
597,Organic multimedia framework Box,Health Food,4.88,Aisle 3 - Bin 5
9716,Open-architected maximized arc Box,Water,0.66,Aisle 5 - Bin 9
2691,Automated coherent info-mediar Bottle,Health Food,3.85,Aisle 2 - Bin 7
7946,Multi-channeled eco-centric fu Can,Beverage,0.97,Aisle 3 - Bin 4
2122,Robust well-modulated process  Bottle,Health Food,1.23,Aisle 3 - Bin 4
334,Intuitive holistic knowledgeba Pack,Chips,1.37,Aisle 2 - Bin 1
7416,Profit-focused multi-tasking d Bottle,Snack,3.27,Aisle 5 - Bin 9
7888,Customizable zero tolerance op Pack,Candy,2.61,Aisle 1 - Bin 1
8813,Upgradable global benchmark Bottle,Energy Drinks,4.27,Aisle 5 - Bin 6
7453,Synergistic bandwidth-monitore Bar,Chips,4.52,Aisle 5 - Bin 9
682,Public-key client-driven analy Box,Candy,4.07,Aisle 4 - Bin 8
9250,Function-based interactive orc Box,Candy,0.61,Aisle 5 - Bin 3
3005,Re-contextualized multi-taskin Bottle,Water,3.51,Aisle 2 - Bin 1
9923,Universal interactive initiati Bottle,Snack,2.79,Aisle 2 - Bin 9
3557,Triple-buffered methodical Loc Can,Candy,4.83,Aisle 2 - Bin 1
1184,Seamless transitional policy Bottle,Candy,4.66,Aisle 4 - Bin 4
8174,Grass-roots system-worthy prod Bar,Health Food,4.13,Aisle 5 - Bin 9
5795,Integrated heuristic architect Box,Juice,3.63,Aisle 5 - Bin 9
6456,Face-to-face actuating encrypt Bottle,Water,1.88,Aisle 2 - Bin 7
7196,Open-architected disintermedia Bar,Candy,1.33,Aisle 2 - Bin 7
1277,Down-sized value-added interfa Pack,Beverage,1.76,Aisle 3 - Bin 2
9477,Profound hybrid initiative Pack,Juice,3.85,Aisle 2 - Bin 6
837,Re-engineered well-modulated m Pack,Snack,1.56,Aisle 4 - Bin 7
6498,Quality-focused multi-tasking  Pack,Candy,0.77,Aisle 5 - Bin 3
6362,Pre-emptive real-time knowledg Can,Snack,3.64,Aisle 3 - Bin 4
8853,Multi-lateral explicit orchest Bar,Beverage,3.3,Aisle 5 - Bin 6
1942,Multi-tiered national moderato Bar,Water,1.02,Aisle 1 - Bin 10
975,Exclusive executive toolset Pack,Energy Drinks,4.15,Aisle 5 - Bin 9
3328,Customizable systemic project Can,Health Food,1.52,Aisle 4 - Bin 4
7838,Synergistic encompassing insta Can,Juice,1.7,Aisle 2 - Bin 1
5637,Total multi-state emulation Box,Chips,4.13,Aisle 1 - Bin 9
9018,Self-enabling cohesive complex Pack,Snack,1.89,Aisle 1 - Bin 1
8143,Innovative intangible middlewa Pack,Chips,4.06,Aisle 2 - Bin 9
2720,Streamlined 5thgeneration thro Pack,Snack,3.83,Aisle 3 - Bin 5
1174,Business-focused zero toleranc Pack,Chips,4.5,Aisle 3 - Bin 4
5829,Open-architected real-time tim Can,Juice,1.44,Aisle 5 - Bin 6
2462,Cross-group regional archive Bottle,Snack,1.72,Aisle 2 - Bin 6
855,Object-based mission-critical  Pack,Candy,4.63,Aisle 5 - Bin 9
5450,Multi-layered web-enabled circ Can,Water,2.44,Aisle 5 - Bin 9
6289,Persistent tangible projection Bottle,Energy Drinks,1.29,Aisle 1 - Bin 1
3746,Quality-focused transitional s Bar,Candy,3.11,Aisle 5 - Bin 9
4343,Function-based 24hour encrypti Can,Health Food,0.81,Aisle 2 - Bin 1
4602,Switchable modular emulation Bottle,Chips,1.81,Aisle 5 - Bin 6
778,Distributed logistical applica Box,Energy Drinks,2.28,Aisle 1 - Bin 10
7751,Front-line transitional archit Can,Water,1.82,Aisle 5 - Bin 6
6488,Reactive clear-thinking core Bottle,Chips,4.83,Aisle 3 - Bin 4
5418,Vision-oriented zero-defect st Box,Candy,2.81,Aisle 3 - Bin 5
8448,Up-sized impactful artificial  Box,Cookies,3.15,Aisle 4 - Bin 7
7361,Persevering intermediate allia Can,Juice,3.32,Aisle 5 - Bin 9
9442,Centralized tangible flexibili Box,Cookies,1.06,Aisle 2 - Bin 9
4327,Reverse-engineered bandwidth-m Bar,Health Food,1.88,Aisle 5 - Bin 9
7618,Face-to-face multi-state acces Bottle,Energy Drinks,2.4,Aisle 4 - Bin 4
7285,User-friendly non-volatile str Pack,Snack,2.06,Aisle 3 - Bin 2
4866,Devolved 24/7 frame Bar,Cookies,1.3,Aisle 2 - Bin 2
504,Object-based optimal ability Bottle,Cookies,3.38,Aisle 5 - Bin 9
3541,Customizable empowering policy Can,Health Food,2.25,Aisle 2 - Bin 9
3368,Realigned modular matrix Can,Energy Drinks,1.77,Aisle 4 - Bin 8
3282,Synergized mission-critical fo Bottle,Soda,4.25,Aisle 5 - Bin 3
2845,Profit-focused background firm Bar,Health Food,3.58,Aisle 5 - Bin 3
2434,Progressive radical interface Bar,Water,0.6,Aisle 3 - Bin 4
9748,Future-proofed object-oriented Bar,Water,1.04,Aisle 1 - Bin 1
7620,Persistent stable intranet Bar,Juice,0.91,Aisle 3 - Bin 5
3758,Virtual bifurcated methodology Bottle,Cookies,2.14,Aisle 2 - Bin 2
4502,Secured zero tolerance capacit Bottle,Chips,2.29,Aisle 2 - Bin 6
6710,Total value-added data-warehou Can,Water,3.69,Aisle 2 - Bin 1
2224,Implemented logistical monitor Bar,Soda,2.19,Aisle 5 - Bin 9
5249,Reduced incremental structure Pack,Snack,4.86,Aisle 5 - Bin 9
5758,Multi-lateral actuating projec Pack,Energy Drinks,4.47,Aisle 5 - Bin 9
1208,Adaptive directional service-d Box,Soda,0.98,Aisle 1 - Bin 9
1305,Mandatory next generation grou Box,Water,3.25,Aisle 1 - Bin 1
1583,Diverse tertiary toolset Box,Beverage,3.24,Aisle 3 - Bin 2
9055,Multi-layered reciprocal orche Box,Water,3.83,Aisle 1 - Bin 1
4409,Automated full-range knowledge Pack,Water,4.16,Aisle 1 - Bin 10
7868,Innovative executive frame Box,Cookies,4.23,Aisle 4 - Bin 7
3853,Assimilated 24hour definition Can,Snack,2.39,Aisle 4 - Bin 4
3788,De-engineered reciprocal solut Can,Beverage,4.04,Aisle 5 - Bin 9
954,Upgradable regional parallelis Bar,Water,1.42,Aisle 1 - Bin 10
4950,Profit-focused homogeneous pro Bar,Energy Drinks,3.13,Aisle 4 - Bin 2
2948,De-engineered coherent array Bar,Candy,4.91,Aisle 2 - Bin 9
2537,Extended mobile groupware Bottle,Beverage,0.51,Aisle 2 - Bin 2
8237,Universal real-time open syste Bar,Chips,0.54,Aisle 5 - Bin 3
7253,Exclusive tertiary function Bottle,Juice,1.65,Aisle 4 - Bin 4
747,Seamless national open system Box,Health Food,3.31,Aisle 3 - Bin 5
6536,Open-source regional pricing s Bar,Energy Drinks,2.96,Aisle 5 - Bin 9
5431,Implemented grid-enabled Graph Box,Health Food,0.96,Aisle 3 - Bin 4
9379,Re-engineered optimizing throu Pack,Cookies,1.35,Aisle 4 - Bin 8
1196,Compatible neutral leverage Bottle,Energy Drinks,3.89,Aisle 5 - Bin 9
3373,Re-contextualized reciprocal p Can,Beverage,4.9,Aisle 2 - Bin 1
1536,Innovative high-level attitude Box,Candy,1.34,Aisle 5 - Bin 9
9456,Organized intangible forecast Box,Beverage,1.64,Aisle 3 - Bin 5
7557,Organic analyzing system engin Pack,Candy,3.56,Aisle 1 - Bin 10
3052,Cross-group 24/7 core Can,Health Food,2.14,Aisle 1 - Bin 1
6715,Networked modular adapter Can,Energy Drinks,1.55,Aisle 5 - Bin 9
7844,Organic explicit initiative Box,Water,1.14,Aisle 4 - Bin 2
1209,Robust hybrid focus group Can,Candy,4.36,Aisle 2 - Bin 1
3705,Phased modular conglomeration Box,Candy,3.07,Aisle 3 - Bin 2
6952,Self-enabling non-volatile abi Can,Cookies,3.03,Aisle 4 - Bin 7
1476,Mandatory responsive migration Box,Health Food,2.77,Aisle 5 - Bin 3
6469,Team-oriented tangible success Bottle,Juice,2.45,Aisle 5 - Bin 9
4160,Polarized analyzing neural-net Pack,Cookies,4.63,Aisle 5 - Bin 3
7298,Organized asynchronous initiat Box,Candy,4.06,Aisle 2 - Bin 7
9963,Right-sized explicit paradigm Can,Soda,3.33,Aisle 3 - Bin 4
2392,Organized tangible help-desk Bar,Chips,2.31,Aisle 2 - Bin 6
602,Distributed 6thgeneration meth Pack,Candy,4.81,Aisle 1 - Bin 10
5770,Sharable mobile approach Box,Snack,4.7,Aisle 4 - Bin 8
683,User-centric systematic implem Bottle,Energy Drinks,2.47,Aisle 4 - Bin 4
2854,Intuitive coherent flexibility Can,Snack,4.16,Aisle 5 - Bin 9
8949,Synchronized 5thgeneration ext Bar,Water,2.39,Aisle 3 - Bin 5
8332,Balanced hybrid middleware Pack,Snack,2.62,Aisle 3 - Bin 5
570,Reactive grid-enabled attitude Bottle,Chips,2.2,Aisle 5 - Bin 6
2192,Grass-roots exuding capacity Bottle,Cookies,2.1,Aisle 2 - Bin 6
9767,Profit-focused bottom-line foc Pack,Health Food,1.71,Aisle 4 - Bin 4
3830,Multi-channeled solution-orien Can,Cookies,2.27,Aisle 5 - Bin 3
2867,Organic multimedia paradigm Pack,Soda,1.32,Aisle 5 - Bin 6
9719,Digitized uniform flexibility Pack,Snack,4.04,Aisle 3 - Bin 2
7097,Programmable didactic policy Bottle,Chips,0.53,Aisle 5 - Bin 9
512,Future-proofed reciprocal arch Box,Juice,2.06,Aisle 4 - Bin 2
5653,Monitored radical portal Box,Water,2.06,Aisle 5 - Bin 9
1445,Monitored global info-mediarie Can,Snack,3.76,Aisle 4 - Bin 4
8774,Intuitive high-level software Bar,Snack,3.55,Aisle 3 - Bin 4
6233,Re-contextualized analyzing ar Pack,Beverage,3.2,Aisle 5 - Bin 6
4877,Re-contextualized coherent uti Box,Chips,1.87,Aisle 5 - Bin 3
6216,Team-oriented regional standar Pack,Snack,2.5,Aisle 5 - Bin 6
6108,Distributed object-oriented ar Bar,Soda,2.01,Aisle 4 - Bin 7
3129,Stand-alone contextually-based Bottle,Soda,0.65,Aisle 4 - Bin 8
3007,Robust 6thgeneration pricing s Pack,Health Food,2.71,Aisle 2 - Bin 6
8038,Fundamental 4thgeneration hard Bottle,Soda,3.77,Aisle 5 - Bin 6
7870,Organized 24hour superstructur Can,Water,4.0,Aisle 2 - Bin 7
3945,Implemented next generation en Can,Beverage,0.78,Aisle 2 - Bin 2
7358,De-engineered directional secu Pack,Beverage,1.37,Aisle 4 - Bin 2
9761,Sharable 4thgeneration encodin Box,Cookies,0.54,Aisle 1 - Bin 10
5329,User-friendly dynamic info-med Can,Health Food,3.66,Aisle 2 - Bin 7
2634,Balanced leadingedge projectio Bar,Health Food,2.68,Aisle 5 - Bin 6
6069,Horizontal well-modulated syne Bar,Health Food,1.09,Aisle 3 - Bin 4
7094,Digitized fresh-thinking attit Pack,Water,1.71,Aisle 4 - Bin 8
1899,Intuitive reciprocal attitude Pack,Candy,4.23,Aisle 4 - Bin 4
6144,Face-to-face homogeneous orche Box,Snack,1.41,Aisle 5 - Bin 9
9269,Multi-layered empowering allia Box,Juice,3.4,Aisle 5 - Bin 9
5803,Object-based bifurcated contin Box,Candy,3.86,Aisle 2 - Bin 9
198,Assimilated composite benchmar Can,Snack,4.15,Aisle 2 - Bin 1
5280,Profit-focused system-worthy p Bottle,Juice,3.4,Aisle 3 - Bin 2
7644,Synergistic dedicated paradigm Bar,Energy Drinks,3.66,Aisle 5 - Bin 6
4110,Re-engineered zero-defect inst Can,Energy Drinks,3.26,Aisle 2 - Bin 1
3301,Total systemic framework Bar,Cookies,4.29,Aisle 5 - Bin 6
8834,Up-sized secondary workforce Box,Snack,4.88,Aisle 1 - Bin 1
3777,Networked context-sensitive ta Bar,Chips,4.59,Aisle 4 - Bin 8
8600,Optional empowering system eng Can,Water,0.84,Aisle 1 - Bin 9
1591,Customizable homogeneous archi Pack,Water,3.52,Aisle 2 - Bin 7
7520,Ergonomic asymmetric initiativ Bar,Health Food,3.01,Aisle 1 - Bin 10
6193,User-centric asymmetric open s Box,Water,1.98,Aisle 5 - Bin 9
4088,Re-contextualized discrete sec Pack,Health Food,1.95,Aisle 1 - Bin 9
5852,Profit-focused multi-tasking f Box,Cookies,1.15,Aisle 4 - Bin 2
7027,Managed zero administration de Box,Soda,4.06,Aisle 2 - Bin 7
8599,Polarized methodical database Can,Soda,3.96,Aisle 5 - Bin 3
8051,Extended full-range emulation Bottle,Health Food,2.22,Aisle 3 - Bin 2
7808,Public-key demand-driven hub Bar,Beverage,4.72,Aisle 5 - Bin 9
5579,Re-engineered modular toolset Bar,Candy,1.62,Aisle 2 - Bin 1
1624,Universal user-facing archive Pack,Beverage,2.69,Aisle 2 - Bin 7
7243,Extended systemic moderator Can,Snack,3.88,Aisle 2 - Bin 7
2091,Multi-lateral non-volatile fir Bar,Water,0.74,Aisle 5 - Bin 3
9038,Extended fresh-thinking pricin Bottle,Energy Drinks,0.95,Aisle 2 - Bin 1
3436,Innovative web-enabled workfor Bar,Health Food,3.94,Aisle 1 - Bin 1
2123,Versatile systemic leverage Can,Health Food,0.75,Aisle 2 - Bin 9
5219,Programmable optimal knowledge Box,Water,4.48,Aisle 1 - Bin 9
828,Robust value-added attitude Can,Soda,1.72,Aisle 5 - Bin 9
7577,Triple-buffered needs-based pa Pack,Water,3.31,Aisle 1 - Bin 1
912,Implemented national circuit Bottle,Candy,1.46,Aisle 4 - Bin 7
6758,Assimilated disintermediate fo Bottle,Juice,3.5,Aisle 3 - Bin 2
5818,Face-to-face maximized complex Box,Soda,2.6,Aisle 1 - Bin 9
3650,Fundamental hybrid knowledge u Pack,Cookies,4.76,Aisle 4 - Bin 7
2680,Re-contextualized grid-enabled Pack,Candy,4.07,Aisle 1 - Bin 1
3772,Balanced leadingedge extranet Box,Cookies,3.84,Aisle 3 - Bin 2
4568,Persevering neutral function Pack,Beverage,2.87,Aisle 1 - Bin 9
1764,Pre-emptive 6thgeneration stan Can,Beverage,1.45,Aisle 4 - Bin 8
3317,Ergonomic client-server frame Bottle,Chips,4.98,Aisle 2 - Bin 7
3313,Centralized upward-trending in Bar,Chips,2.21,Aisle 5 - Bin 6
8400,Persevering intermediate array Box,Energy Drinks,0.9,Aisle 4 - Bin 7
6042,Right-sized eco-centric encryp Bottle,Snack,1.7,Aisle 2 - Bin 7
2044,Enterprise-wide full-range mid Box,Energy Drinks,2.55,Aisle 5 - Bin 9
2833,Cross-group global monitoring Bar,Candy,0.77,Aisle 4 - Bin 2
3141,Profit-focused background info Bar,Candy,3.07,Aisle 5 - Bin 6
9569,Visionary directional help-des Can,Energy Drinks,4.1,Aisle 1 - Bin 10
3201,Re-engineered client-driven op Bottle,Chips,0.72,Aisle 5 - Bin 6
4129,Focused hybrid infrastructure Bottle,Energy Drinks,4.44,Aisle 1 - Bin 1
566,Re-contextualized multi-state  Bar,Beverage,4.85,Aisle 2 - Bin 9
5093,Reactive eco-centric hierarchy Can,Soda,2.68,Aisle 2 - Bin 2
6903,Grass-roots coherent frame Bottle,Candy,3.38,Aisle 3 - Bin 5
3084,Synergistic zero-defect initia Bar,Energy Drinks,2.98,Aisle 4 - Bin 2
4146,Grass-roots local customer loy Bottle,Water,2.88,Aisle 1 - Bin 1
2133,User-centric user-facing info- Can,Cookies,4.66,Aisle 1 - Bin 10
3969,Optional attitude-oriented sof Bar,Beverage,4.07,Aisle 4 - Bin 7
1444,Compatible asynchronous adapte Can,Chips,2.74,Aisle 4 - Bin 4
5283,Expanded clear-thinking circui Pack,Health Food,1.26,Aisle 2 - Bin 2
4351,Reduced tangible capability Box,Beverage,3.57,Aisle 5 - Bin 9
3636,Focused 24/7 middleware Can,Snack,3.69,Aisle 4 - Bin 2
1910,Innovative 3rdgeneration parad Bar,Beverage,2.61,Aisle 5 - Bin 6
6616,Cross-group background focus g Bar,Soda,1.51,Aisle 3 - Bin 5
5719,Upgradable actuating interface Box,Health Food,3.51,Aisle 2 - Bin 7
8676,Front-line dedicated hardware Bar,Energy Drinks,2.71,Aisle 4 - Bin 8
9238,Pre-emptive upward-trending fi Bar,Water,0.89,Aisle 4 - Bin 8
7421,Networked eco-centric frame Bottle,Juice,1.13,Aisle 3 - Bin 5
7929,Focused 3rdgeneration time-fra Box,Water,1.1,Aisle 5 - Bin 3
2160,Networked 6thgeneration method Can,Health Food,3.55,Aisle 2 - Bin 1
6239,Phased client-server forecast Bottle,Cookies,1.24,Aisle 2 - Bin 2
1272,Re-contextualized reciprocal a Bottle,Energy Drinks,2.54,Aisle 5 - Bin 9
8748,Robust discrete protocol Bottle,Snack,1.84,Aisle 2 - Bin 1
6348,Triple-buffered hybrid hardwar Box,Beverage,3.32,Aisle 4 - Bin 7
840,Mandatory client-server encryp Pack,Cookies,1.79,Aisle 4 - Bin 7
3991,Up-sized transitional migratio Bar,Energy Drinks,4.84,Aisle 2 - Bin 7
3130,Progressive demand-driven mora Bar,Beverage,3.45,Aisle 1 - Bin 10
9199,Expanded executive alliance Box,Cookies,0.68,Aisle 1 - Bin 9
6382,Customer-focused next generati Box,Water,4.79,Aisle 1 - Bin 9
8254,Object-based didactic collabor Can,Snack,0.67,Aisle 5 - Bin 9
7925,Reduced asynchronous frame Bottle,Chips,4.67,Aisle 4 - Bin 8
2167,Stand-alone multimedia synergy Bar,Beverage,0.97,Aisle 2 - Bin 7
1487,Advanced analyzing artificial  Box,Candy,2.68,Aisle 3 - Bin 2
9706,Fundamental systemic synergy Pack,Juice,0.91,Aisle 2 - Bin 2
1714,De-engineered logistical knowl Pack,Juice,0.74,Aisle 1 - Bin 1
4350,Devolved eco-centric frame Can,Cookies,0.68,Aisle 2 - Bin 9
4889,Sharable reciprocal installati Bottle,Beverage,3.05,Aisle 1 - Bin 1
9958,Centralized neutral infrastruc Pack,Beverage,3.79,Aisle 5 - Bin 9
1323,Front-line 3rdgeneration middl Can,Health Food,2.78,Aisle 1 - Bin 10
8775,Persistent directional approac Can,Soda,3.18,Aisle 2 - Bin 1
9435,Polarized directional orchestr Bottle,Soda,2.64,Aisle 3 - Bin 5
2451,Streamlined reciprocal hardwar Box,Water,3.98,Aisle 5 - Bin 9
4756,Organic multi-tasking function Bar,Snack,3.47,Aisle 4 - Bin 4
781,Future-proofed impactful utili Can,Juice,0.5,Aisle 2 - Bin 7
1313,User-friendly solution-oriente Bottle,Beverage,4.51,Aisle 4 - Bin 8
1836,Progressive didactic knowledge Box,Candy,1.99,Aisle 5 - Bin 9
4133,Profit-focused static implemen Bottle,Chips,2.92,Aisle 4 - Bin 8
4622,Intuitive zero tolerance data- Box,Soda,2.64,Aisle 1 - Bin 9
7412,Triple-buffered background fle Bottle,Energy Drinks,3.04,Aisle 5 - Bin 6
7139,Fully-configurable even-keeled Pack,Beverage,4.22,Aisle 2 - Bin 7
3340,Customizable system-worthy cir Bar,Health Food,4.36,Aisle 5 - Bin 9
8040,Automated bandwidth-monitored  Can,Health Food,4.04,Aisle 1 - Bin 9
5006,Virtual multimedia paradigm Box,Beverage,0.99,Aisle 5 - Bin 3
3446,Customizable attitude-oriented Box,Cookies,3.83,Aisle 4 - Bin 4
1785,Configurable coherent algorith Bar,Snack,2.56,Aisle 2 - Bin 6
4523,Innovative dynamic instruction Box,Water,4.27,Aisle 3 - Bin 4
4930,Re-contextualized interactive  Bar,Chips,2.43,Aisle 1 - Bin 10
588,Distributed tertiary structure Pack,Snack,3.07,Aisle 1 - Bin 10
4294,Customizable object-oriented p Box,Soda,3.13,Aisle 2 - Bin 6
2007,Switchable fault-tolerant fram Box,Juice,1.58,Aisle 2 - Bin 9
773,Re-contextualized content-base Pack,Snack,3.1,Aisle 1 - Bin 9
9683,Realigned maximized portal Pack,Juice,4.12,Aisle 1 - Bin 10
8824,Face-to-face asymmetric model Bottle,Water,4.72,Aisle 2 - Bin 9
4203,Self-enabling client-driven in Bottle,Energy Drinks,1.54,Aisle 3 - Bin 2
824,Visionary solution-oriented le Pack,Candy,4.91,Aisle 5 - Bin 9
2004,Customizable motivating supers Can,Soda,1.4,Aisle 2 - Bin 7
1633,Proactive 3rdgeneration archiv Box,Juice,2.35,Aisle 3 - Bin 4
6461,Down-sized bottom-line help-de Box,Health Food,2.06,Aisle 5 - Bin 9
4144,Enhanced executive frame Pack,Candy,0.87,Aisle 1 - Bin 10
1549,Customer-focused discrete arch Bottle,Snack,3.03,Aisle 2 - Bin 6
7373,Switchable global encryption Bar,Water,3.5,Aisle 1 - Bin 1
9142,Centralized tangible support Can,Cookies,4.1,Aisle 3 - Bin 2
237,Stand-alone empowering solutio Can,Energy Drinks,1.3,Aisle 2 - Bin 6
9868,Expanded human-resource benchm Can,Cookies,2.87,Aisle 2 - Bin 2
6176,Virtual analyzing database Bottle,Beverage,4.6,Aisle 5 - Bin 9
4396,Right-sized zero tolerance ada Bottle,Health Food,3.3,Aisle 4 - Bin 2
6204,Phased intangible extranet Box,Candy,3.38,Aisle 3 - Bin 5
1732,Phased heuristic definition Pack,Chips,2.7,Aisle 2 - Bin 6
6841,Virtual real-time protocol Pack,Snack,1.05,Aisle 5 - Bin 9
8944,Reverse-engineered mission-cri Bar,Juice,2.62,Aisle 5 - Bin 9
1665,Customizable client-server app Bottle,Chips,4.04,Aisle 1 - Bin 10
8263,Up-sized bandwidth-monitored s Bottle,Energy Drinks,4.62,Aisle 2 - Bin 9
6849,Upgradable discrete analyzer Box,Beverage,3.22,Aisle 2 - Bin 1
1322,Programmable mobile groupware Box,Soda,4.87,Aisle 2 - Bin 6
510,Open-architected well-modulate Can,Soda,2.21,Aisle 2 - Bin 2
6047,Implemented transitional tools Bar,Energy Drinks,3.88,Aisle 2 - Bin 6
3321,Multi-tiered zero administrati Box,Water,3.06,Aisle 3 - Bin 5
9523,Triple-buffered reciprocal fun Box,Beverage,4.01,Aisle 2 - Bin 1
5646,Multi-channeled system-worthy  Bar,Soda,0.77,Aisle 4 - Bin 2
2130,Visionary methodical challenge Can,Cookies,0.61,Aisle 2 - Bin 1
3383,Managed bifurcated leverage Bottle,Soda,2.06,Aisle 2 - Bin 7
3273,Re-contextualized systematic s Pack,Soda,3.21,Aisle 3 - Bin 4
4905,Switchable bifurcated task-for Can,Water,1.34,Aisle 2 - Bin 2
7350,Re-engineered 24/7 flexibility Bar,Soda,4.05,Aisle 2 - Bin 7
1236,Networked dedicated approach Box,Water,3.98,Aisle 5 - Bin 6
9212,Operative analyzing workforce Bottle,Water,1.28,Aisle 3 - Bin 2
6823,Horizontal composite monitorin Bottle,Chips,2.92,Aisle 5 - Bin 6
4767,Expanded static instruction se Box,Water,3.88,Aisle 2 - Bin 9
2983,Multi-channeled well-modulated Bar,Snack,2.37,Aisle 5 - Bin 6
1812,Business-focused empowering pr Box,Beverage,1.91,Aisle 1 - Bin 10
3989,Devolved bottom-line projectio Box,Juice,4.4,Aisle 3 - Bin 5
3131,Realigned contextually-based d Pack,Cookies,3.12,Aisle 1 - Bin 1
4896,Persistent scalable support Bottle,Beverage,0.65,Aisle 5 - Bin 9
4673,Visionary disintermediate serv Can,Chips,4.19,Aisle 3 - Bin 2
4935,Profit-focused fault-tolerant  Bottle,Beverage,1.41,Aisle 4 - Bin 7
8711,Multi-lateral dynamic database Box,Health Food,4.45,Aisle 1 - Bin 10
8959,Open-architected user-facing t Can,Health Food,1.32,Aisle 4 - Bin 4
9472,Quality-focused tertiary softw Bottle,Candy,0.93,Aisle 5 - Bin 9
4169,Cross-group responsive leverag Bar,Candy,1.95,Aisle 5 - Bin 9
4818,Customer-focused homogeneous p Pack,Chips,4.82,Aisle 5 - Bin 3
674,De-engineered cohesive encodin Pack,Soda,4.34,Aisle 3 - Bin 5
3608,Focused 4thgeneration portal Bottle,Soda,2.37,Aisle 3 - Bin 4
6875,Operative cohesive circuit Pack,Juice,3.71,Aisle 5 - Bin 9
1016,Devolved user-facing toolset Bottle,Energy Drinks,4.88,Aisle 2 - Bin 2
4969,Proactive incremental strategy Pack,Energy Drinks,4.33,Aisle 4 - Bin 7
6226,Reactive optimizing website Bar,Energy Drinks,1.74,Aisle 1 - Bin 9
4795,Decentralized homogeneous Grap Pack,Beverage,1.62,Aisle 1 - Bin 9
875,Organic zero tolerance conglom Can,Water,2.73,Aisle 2 - Bin 9
1794,Inverse methodical middleware Pack,Cookies,4.8,Aisle 1 - Bin 9
6704,Organic encompassing open arch Box,Beverage,1.64,Aisle 5 - Bin 9
2960,Persevering user-facing projec Bottle,Candy,2.96,Aisle 4 - Bin 8
1863,Synergistic neutral frame Can,Candy,0.81,Aisle 4 - Bin 2
6868,Streamlined bottom-line databa Pack,Health Food,3.09,Aisle 5 - Bin 9
7189,Reactive impactful help-desk Can,Health Food,0.82,Aisle 3 - Bin 2
2311,Expanded zero-defect infrastru Box,Water,4.81,Aisle 2 - Bin 2
8528,Extended eco-centric knowledge Pack,Candy,1.28,Aisle 5 - Bin 6
6503,Robust even-keeled archive Pack,Soda,3.51,Aisle 4 - Bin 2
2370,Proactive fault-tolerant artif Pack,Juice,2.03,Aisle 3 - Bin 2
743,Centralized dedicated pricing  Box,Water,2.83,Aisle 3 - Bin 4
9910,Diverse fresh-thinking functio Can,Candy,4.55,Aisle 2 - Bin 1
3744,Profound secondary synergy Can,Chips,4.77,Aisle 3 - Bin 4
3218,Business-focused even-keeled g Can,Juice,2.5,Aisle 4 - Bin 7
5890,Horizontal directional complex Bottle,Beverage,4.43,Aisle 5 - Bin 9
1452,Polarized modular monitoring Pack,Soda,4.39,Aisle 3 - Bin 2
2187,Exclusive background model Bar,Candy,2.7,Aisle 3 - Bin 5
7483,Cloned upward-trending service Can,Candy,2.07,Aisle 4 - Bin 8
228,Assimilated optimizing process Bar,Cookies,2.95,Aisle 2 - Bin 6
2629,Triple-buffered stable applica Bottle,Health Food,3.24,Aisle 4 - Bin 2
3930,Open-source discrete time-fram Pack,Juice,1.97,Aisle 5 - Bin 9
6887,Re-engineered object-oriented  Bar,Soda,0.94,Aisle 5 - Bin 6
223,Distributed analyzing producti Bottle,Soda,3.72,Aisle 3 - Bin 4
433,Progressive responsive archive Box,Cookies,4.93,Aisle 4 - Bin 4
8927,Public-key 24/7 framework Pack,Cookies,1.72,Aisle 2 - Bin 2
2032,Configurable directional forec Can,Cookies,0.65,Aisle 5 - Bin 9
8093,Realigned multimedia emulation Box,Juice,1.33,Aisle 2 - Bin 2
7338,Multi-tiered user-facing colla Box,Cookies,3.97,Aisle 2 - Bin 6
4119,Business-focused incremental p Pack,Soda,4.05,Aisle 1 - Bin 1
1128,Secured radical archive Box,Chips,3.02,Aisle 5 - Bin 9
8727,Phased contextually-based cong Pack,Cookies,4.63,Aisle 2 - Bin 6
1776,Ergonomic disintermediate chal Box,Candy,0.96,Aisle 5 - Bin 6
5034,Implemented multimedia adapter Can,Cookies,1.12,Aisle 5 - Bin 6
914,Triple-buffered global impleme Bar,Chips,1.52,Aisle 4 - Bin 8
1903,Horizontal regional software Pack,Health Food,3.87,Aisle 5 - Bin 6
5078,Team-oriented hybrid artificia Bar,Juice,2.74,Aisle 5 - Bin 9
5058,Ergonomic mission-critical met Bottle,Energy Drinks,3.44,Aisle 2 - Bin 6
8521,Operative demand-driven matric Bar,Soda,0.8,Aisle 1 - Bin 10
5903,Front-line exuding adapter Pack,Cookies,4.21,Aisle 5 - Bin 9
8150,Configurable scalable frame Box,Juice,1.02,Aisle 5 - Bin 6
8403,Universal coherent concept Bar,Cookies,4.61,Aisle 1 - Bin 9
8256,Multi-lateral stable portal Box,Energy Drinks,2.3,Aisle 2 - Bin 2
709,Re-engineered leadingedge meth Bar,Juice,4.79,Aisle 4 - Bin 4
474,Organic logistical secured lin Box,Chips,1.88,Aisle 4 - Bin 8
1741,Team-oriented tertiary flexibi Bottle,Juice,4.55,Aisle 2 - Bin 1
2212,Sharable disintermediate capac Bar,Juice,1.27,Aisle 4 - Bin 4
8503,Pre-emptive leadingedge task-f Bar,Juice,2.68,Aisle 5 - Bin 6
7739,Synergistic upward-trending to Pack,Candy,3.89,Aisle 4 - Bin 4
5469,Integrated methodical analyzer Box,Energy Drinks,4.83,Aisle 2 - Bin 2
1703,Assimilated encompassing appro Can,Health Food,2.8,Aisle 1 - Bin 9
1429,Devolved zero tolerance functi Can,Soda,4.73,Aisle 2 - Bin 6
4340,Multi-lateral systemic hardwar Box,Cookies,4.35,Aisle 5 - Bin 3
3045,Networked cohesive monitoring Bottle,Snack,2.3,Aisle 2 - Bin 9
6555,Diverse composite monitoring Bar,Candy,1.66,Aisle 4 - Bin 4
7031,Innovative exuding portal Pack,Snack,0.79,Aisle 4 - Bin 8
2263,Re-engineered intangible info- Bottle,Chips,2.54,Aisle 2 - Bin 1
3490,Multi-tiered attitude-oriented Box,Candy,1.05,Aisle 2 - Bin 2
6236,Secured dedicated workforce Can,Water,0.54,Aisle 5 - Bin 9
1237,Exclusive non-volatile synergy Pack,Energy Drinks,1.25,Aisle 2 - Bin 2
4661,Operative directional alliance Bar,Cookies,3.07,Aisle 5 - Bin 9
9233,Integrated homogeneous array Box,Chips,2.39,Aisle 5 - Bin 9
9877,Synergized systemic hardware Can,Beverage,1.14,Aisle 1 - Bin 9
5371,Operative zero-defect neural-n Box,Chips,3.81,Aisle 4 - Bin 2
4765,Extended empowering infrastruc Bar,Candy,2.63,Aisle 1 - Bin 9
6519,Extended dedicated encoding Can,Chips,2.95,Aisle 1 - Bin 9
5729,Future-proofed clear-thinking  Pack,Candy,2.49,Aisle 5 - Bin 3
1189,Enhanced real-time superstruct Pack,Soda,1.12,Aisle 2 - Bin 7
6770,Horizontal systemic intranet Pack,Cookies,4.68,Aisle 2 - Bin 1
2139,Grass-roots coherent approach Bottle,Juice,1.88,Aisle 5 - Bin 3
2364,Stand-alone composite challeng Can,Soda,3.34,Aisle 4 - Bin 2
3334,Re-engineered object-oriented  Bottle,Chips,4.2,Aisle 5 - Bin 9
3264,Realigned directional capacity Pack,Candy,2.09,Aisle 1 - Bin 1
8859,Networked empowering help-desk Bar,Snack,1.47,Aisle 5 - Bin 9
8686,Optional regional info-mediari Bar,Soda,1.75,Aisle 4 - Bin 2
727,Multi-lateral local installati Box,Soda,1.63,Aisle 3 - Bin 4
2108,Sharable executive process imp Can,Chips,2.48,Aisle 4 - Bin 8
5419,Integrated clear-thinking func Box,Health Food,1.01,Aisle 4 - Bin 8
5785,Persistent motivating project Bar,Candy,0.63,Aisle 5 - Bin 9
183,Open-source disintermediate ac Can,Candy,0.92,Aisle 4 - Bin 4
703,Pre-emptive clear-thinking sup Can,Snack,4.71,Aisle 1 - Bin 9
4452,Programmable neutral success Bottle,Health Food,0.66,Aisle 4 - Bin 4
157,Managed bandwidth-monitored he Bar,Cookies,2.63,Aisle 1 - Bin 9
7195,Open-source coherent capacity Bottle,Candy,3.92,Aisle 1 - Bin 9
2120,Ergonomic interactive continge Box,Snack,1.34,Aisle 4 - Bin 2
3983,Reverse-engineered uniform bud Box,Water,1.22,Aisle 3 - Bin 5
9870,Networked secondary paradigm Bar,Beverage,0.77,Aisle 5 - Bin 9
6705,Distributed modular installati Pack,Juice,2.99,Aisle 2 - Bin 9
9656,Organized clear-thinking websi Bottle,Cookies,3.91,Aisle 1 - Bin 10
4403,Devolved content-based flexibi Bottle,Snack,0.69,Aisle 3 - Bin 5
6778,Secured tertiary hub Bar,Chips,1.0,Aisle 1 - Bin 1
1266,Inverse next generation approa Box,Cookies,4.2,Aisle 3 - Bin 2
1190,De-engineered fresh-thinking s Pack,Water,2.71,Aisle 3 - Bin 5
8952,Fundamental clear-thinking dat Pack,Soda,0.6,Aisle 3 - Bin 2
1716,Realigned reciprocal applicati Pack,Candy,3.49,Aisle 5 - Bin 6
7930,Enterprise-wide neutral array Pack,Water,1.14,Aisle 2 - Bin 6
5754,Virtual even-keeled benchmark Can,Snack,4.56,Aisle 5 - Bin 9
7718,Expanded systematic attitude Bottle,Cookies,2.74,Aisle 5 - Bin 9
7397,Progressive coherent access Bar,Health Food,2.23,Aisle 3 - Bin 4
9410,Profound systematic encryption Bottle,Juice,2.19,Aisle 5 - Bin 9
7482,Extended empowering attitude Pack,Snack,2.2,Aisle 3 - Bin 2
4440,Automated multi-tasking paradi Bar,Candy,3.17,Aisle 4 - Bin 7
2760,Automated heuristic synergy Pack,Cookies,4.59,Aisle 5 - Bin 9
8984,Upgradable eco-centric conting Bar,Candy,3.2,Aisle 1 - Bin 9
4938,Right-sized demand-driven enco Bottle,Beverage,2.67,Aisle 5 - Bin 9
7824,Versatile analyzing protocol Bottle,Health Food,4.32,Aisle 5 - Bin 3
9287,Streamlined multi-state challe Bottle,Chips,3.65,Aisle 2 - Bin 1
4540,Sharable eco-centric Internet  Can,Beverage,2.78,Aisle 1 - Bin 9
1439,Intuitive didactic infrastruct Box,Water,4.03,Aisle 1 - Bin 1
9790,Customer-focused regional cong Can,Energy Drinks,4.53,Aisle 5 - Bin 6
1531,Devolved scalable projection Can,Candy,2.34,Aisle 1 - Bin 9
4941,Front-line local projection Pack,Chips,1.2,Aisle 5 - Bin 3
4377,Multi-lateral transitional sys Bottle,Chips,4.06,Aisle 5 - Bin 9
4918,Adaptive radical projection Can,Cookies,2.29,Aisle 2 - Bin 6
2442,Configurable clear-thinking mi Bar,Beverage,0.58,Aisle 3 - Bin 4
1256,Ameliorated interactive succes Bottle,Snack,3.51,Aisle 4 - Bin 4
2764,Triple-buffered multi-state kn Bar,Beverage,2.39,Aisle 5 - Bin 9
5567,Re-engineered mission-critical Can,Energy Drinks,0.83,Aisle 4 - Bin 4
3426,Programmable high-level defini Bottle,Energy Drinks,4.02,Aisle 4 - Bin 7
9440,Synergized heuristic attitude Bottle,Water,4.8,Aisle 1 - Bin 1
5370,Cloned analyzing encryption Pack,Water,2.47,Aisle 2 - Bin 7
3074,Profit-focused solution-orient Can,Health Food,2.49,Aisle 5 - Bin 9
9051,Profit-focused zero administra Bar,Health Food,1.84,Aisle 2 - Bin 7
456,Re-contextualized mobile emula Box,Chips,0.59,Aisle 3 - Bin 4
8777,Total multimedia focus group Bottle,Candy,0.72,Aisle 1 - Bin 1
9991,Reverse-engineered solution-or Box,Candy,1.72,Aisle 5 - Bin 6
9083,Assimilated solution-oriented  Box,Cookies,4.18,Aisle 2 - Bin 6
380,Seamless zero-defect functiona Bar,Candy,4.15,Aisle 3 - Bin 4
2322,Re-engineered fresh-thinking G Box,Chips,3.88,Aisle 2 - Bin 7
8463,Horizontal optimizing Local Ar Box,Candy,2.12,Aisle 4 - Bin 8
4262,Visionary demand-driven initia Bottle,Juice,0.81,Aisle 4 - Bin 8
5538,Profit-focused regional produc Bottle,Energy Drinks,3.65,Aisle 3 - Bin 2
4093,Seamless national intranet Bottle,Health Food,2.62,Aisle 4 - Bin 7
9647,Devolved methodical artificial Bottle,Snack,3.24,Aisle 5 - Bin 3
5790,Pre-emptive bifurcated framewo Box,Juice,4.65,Aisle 3 - Bin 4
1596,Stand-alone dynamic orchestrat Can,Candy,3.57,Aisle 5 - Bin 9
4485,Function-based explicit knowle Bottle,Cookies,1.05,Aisle 4 - Bin 7
7633,User-friendly optimizing stand Bar,Candy,2.72,Aisle 5 - Bin 9
3584,Customizable zero tolerance in Bar,Beverage,0.71,Aisle 5 - Bin 9
2540,Implemented disintermediate po Box,Energy Drinks,4.82,Aisle 3 - Bin 4
9779,Proactive transitional standar Bottle,Snack,2.48,Aisle 1 - Bin 10
6521,Upgradable zero tolerance tool Pack,Beverage,3.97,Aisle 2 - Bin 1
4135,Multi-tiered modular array Pack,Chips,1.88,Aisle 4 - Bin 8
3890,De-engineered system-worthy hi Can,Candy,2.14,Aisle 1 - Bin 1
5465,Universal executive migration Bar,Water,2.39,Aisle 2 - Bin 7
6124,Realigned stable parallelism Box,Energy Drinks,1.38,Aisle 5 - Bin 6
66,Multi-layered tangible hardwar Can,Cookies,1.15,Aisle 4 - Bin 7
1968,Public-key dynamic model Bottle,Beverage,2.87,Aisle 2 - Bin 1
5012,Multi-lateral disintermediate  Bottle,Juice,2.64,Aisle 4 - Bin 2
2932,Customer-focused coherent arch Bottle,Cookies,1.42,Aisle 3 - Bin 4
1881,Automated intangible toolset Bar,Water,2.43,Aisle 1 - Bin 1
1594,Organized transitional hub Box,Juice,3.71,Aisle 5 - Bin 9
2289,Progressive analyzing conglome Bottle,Cookies,2.16,Aisle 2 - Bin 2
4642,Upgradable analyzing hub Bar,Snack,4.4,Aisle 5 - Bin 9
876,Focused maximized Graphical Us Pack,Chips,1.56,Aisle 2 - Bin 9
4775,Re-contextualized eco-centric  Bar,Soda,4.33,Aisle 5 - Bin 9
6162,Universal directional array Box,Beverage,0.89,Aisle 5 - Bin 9
3871,Streamlined incremental algori Can,Health Food,2.19,Aisle 5 - Bin 9
8501,User-friendly full-range encod Box,Chips,2.55,Aisle 5 - Bin 6
8212,Up-sized intangible infrastruc Pack,Water,0.53,Aisle 5 - Bin 9
9471,Team-oriented responsive funct Can,Snack,2.01,Aisle 3 - Bin 4
4390,Sharable value-added matrices Bottle,Cookies,1.99,Aisle 2 - Bin 9
6370,Polarized incremental moderato Pack,Energy Drinks,2.96,Aisle 4 - Bin 2
6445,Team-oriented regional focus g Pack,Energy Drinks,0.61,Aisle 2 - Bin 1
2019,Exclusive uniform collaboratio Pack,Beverage,0.91,Aisle 2 - Bin 6
6526,Self-enabling eco-centric open Can,Health Food,1.95,Aisle 2 - Bin 6
8473,Quality-focused web-enabled in Can,Water,3.37,Aisle 4 - Bin 4
8622,Public-key exuding ability Bottle,Health Food,2.15,Aisle 4 - Bin 4
2314,Reduced human-resource model Can,Water,0.93,Aisle 1 - Bin 1
6666,Pre-emptive heuristic pricing  Bottle,Soda,4.29,Aisle 5 - Bin 9
6976,Configurable interactive super Bar,Snack,1.27,Aisle 5 - Bin 6
6234,Distributed static strategy Bar,Snack,4.0,Aisle 4 - Bin 8
1091,Persevering 3rdgeneration hier Can,Chips,0.97,Aisle 2 - Bin 2
7559,Diverse zero administration op Pack,Beverage,3.12,Aisle 1 - Bin 10
4626,Advanced local interface Pack,Health Food,3.91,Aisle 1 - Bin 10
4582,Phased 6thgeneration migration Bottle,Cookies,3.68,Aisle 5 - Bin 3
6427,Multi-tiered analyzing groupwa Bottle,Juice,4.4,Aisle 2 - Bin 7
8209,Reactive optimal initiative Bar,Candy,1.66,Aisle 3 - Bin 2
2821,Progressive dynamic solution Box,Snack,1.5,Aisle 5 - Bin 9
7672,Distributed static synergy Bar,Snack,4.06,Aisle 1 - Bin 10
5286,Sharable multi-tasking install Box,Soda,3.96,Aisle 3 - Bin 5
5284,Compatible analyzing help-desk Bar,Water,3.72,Aisle 4 - Bin 8
2822,Face-to-face mobile productivi Bar,Soda,2.65,Aisle 5 - Bin 6
3973,Organized optimal migration Can,Health Food,4.54,Aisle 2 - Bin 7
8660,Horizontal clear-thinking midd Bottle,Soda,0.6,Aisle 1 - Bin 10
2375,Quality-focused contextually-b Bottle,Energy Drinks,1.69,Aisle 1 - Bin 1
4635,Fully-configurable local encry Bottle,Health Food,3.96,Aisle 2 - Bin 1
4648,Face-to-face executive infrast Pack,Candy,4.24,Aisle 5 - Bin 6
385,Seamless motivating firmware Can,Water,3.64,Aisle 3 - Bin 5
9756,Future-proofed static middlewa Bottle,Cookies,3.98,Aisle 1 - Bin 10
4820,Right-sized contextually-based Box,Snack,4.97,Aisle 5 - Bin 9
273,Cloned zero tolerance secured  Box,Health Food,4.78,Aisle 4 - Bin 4
7084,Extended object-oriented infra Bar,Snack,2.81,Aisle 5 - Bin 6
6219,Innovative local time-frame Bar,Soda,4.61,Aisle 2 - Bin 9
6134,Switchable uniform benchmark Pack,Juice,4.62,Aisle 2 - Bin 9
1457,Mandatory zero-defect definiti Bar,Water,2.53,Aisle 1 - Bin 1
2200,Digitized background core Bar,Energy Drinks,4.51,Aisle 3 - Bin 5
7738,Robust incremental strategy Bottle,Candy,4.12,Aisle 2 - Bin 7
3346,Ameliorated leadingedge knowle Pack,Chips,4.51,Aisle 5 - Bin 9
58,Mandatory background customer  Can,Candy,4.29,Aisle 1 - Bin 1
9178,Fully-configurable high-level  Pack,Water,2.15,Aisle 2 - Bin 6
161,Optimized directional Local Ar Bar,Candy,3.49,Aisle 1 - Bin 1
4000,Adaptive stable contingency Box,Chips,3.29,Aisle 2 - Bin 1
5956,Universal 5thgeneration servic Bar,Energy Drinks,3.68,Aisle 2 - Bin 2
8941,Quality-focused bandwidth-moni Can,Water,2.2,Aisle 2 - Bin 2
3803,Stand-alone upward-trending ti Bar,Snack,1.69,Aisle 4 - Bin 8
8734,De-engineered tangible functio Box,Soda,3.46,Aisle 5 - Bin 9
3564,Fully-configurable holistic co Pack,Juice,2.94,Aisle 2 - Bin 9
5962,Horizontal zero tolerance meth Can,Beverage,1.43,Aisle 2 - Bin 7
7428,Extended demand-driven firmwar Bottle,Health Food,4.2,Aisle 2 - Bin 1
1936,Realigned heuristic matrices Box,Chips,4.53,Aisle 5 - Bin 3
8819,Digitized zero tolerance syner Pack,Soda,4.35,Aisle 4 - Bin 4
3563,Open-architected 24/7 project Box,Beverage,1.41,Aisle 3 - Bin 2
9479,Switchable client-server open  Bar,Candy,4.33,Aisle 5 - Bin 6
856,Ergonomic national algorithm Can,Candy,2.76,Aisle 5 - Bin 9
5379,Re-engineered encompassing sys Can,Snack,1.94,Aisle 3 - Bin 2
3729,De-engineered neutral protocol Box,Health Food,0.79,Aisle 3 - Bin 4
5724,Centralized next generation so Bottle,Energy Drinks,3.73,Aisle 4 - Bin 4
739,Business-focused mission-criti Can,Chips,4.96,Aisle 4 - Bin 4
9946,Upgradable secondary Internet  Bottle,Beverage,2.98,Aisle 2 - Bin 6
4066,Down-sized fresh-thinking capa Can,Soda,4.35,Aisle 5 - Bin 3
8741,Upgradable multimedia task-for Bottle,Health Food,3.37,Aisle 5 - Bin 9
6405,Switchable multimedia alliance Box,Juice,3.17,Aisle 4 - Bin 2
2215,Seamless object-oriented syste Pack,Beverage,2.36,Aisle 4 - Bin 4
3857,Multi-tiered bandwidth-monitor Pack,Juice,1.47,Aisle 4 - Bin 4
5920,Proactive neutral toolset Bottle,Beverage,0.51,Aisle 2 - Bin 6
7664,Exclusive non-volatile concept Box,Health Food,4.16,Aisle 2 - Bin 1
6744,Innovative leadingedge portal Pack,Cookies,0.68,Aisle 3 - Bin 4
4034,Configurable modular pricing s Bar,Beverage,2.52,Aisle 4 - Bin 2
7153,Organic optimizing approach Bottle,Soda,1.15,Aisle 2 - Bin 2
283,Pre-emptive motivating help-de Box,Candy,0.71,Aisle 4 - Bin 7
6550,Horizontal clear-thinking Grap Bottle,Beverage,4.51,Aisle 3 - Bin 4
8342,Virtual scalable open system Bar,Soda,3.6,Aisle 5 - Bin 9
1755,Organized background hardware Bar,Candy,3.81,Aisle 2 - Bin 9
6701,Customizable cohesive synergy Bar,Juice,3.08,Aisle 5 - Bin 9
833,Robust content-based ability Bar,Water,1.54,Aisle 1 - Bin 10
7807,Phased well-modulated success Bar,Snack,1.45,Aisle 4 - Bin 4
1372,Horizontal asynchronous circui Bottle,Chips,1.19,Aisle 1 - Bin 10
372,Multi-lateral tertiary product Box,Snack,2.58,Aisle 1 - Bin 1
1810,Secured asynchronous architect Can,Juice,2.45,Aisle 2 - Bin 6
1516,Customizable homogeneous inter Bottle,Cookies,4.07,Aisle 2 - Bin 6
4875,Synergized fault-tolerant arch Can,Water,2.36,Aisle 4 - Bin 2
2977,Realigned impactful synergy Pack,Juice,2.87,Aisle 1 - Bin 9
4567,Automated 6thgeneration allian Pack,Candy,0.88,Aisle 1 - Bin 9
2398,Extended value-added Graphic I Box,Energy Drinks,2.41,Aisle 4 - Bin 8
151,Customer-focused cohesive stra Can,Health Food,1.04,Aisle 2 - Bin 9
1818,Customer-focused zero administ Can,Water,2.0,Aisle 4 - Bin 8
7762,Ameliorated impactful portal Pack,Water,1.79,Aisle 5 - Bin 3
2871,Pre-emptive 4thgeneration arch Bar,Energy Drinks,4.87,Aisle 2 - Bin 6
7637,Progressive attitude-oriented  Pack,Snack,3.52,Aisle 3 - Bin 2
4226,Fundamental responsive hierarc Pack,Energy Drinks,4.64,Aisle 5 - Bin 9
3477,Optimized optimizing strategy Can,Candy,2.15,Aisle 2 - Bin 7
2230,Adaptive executive capability Pack,Water,2.4,Aisle 4 - Bin 4
3936,Cloned explicit collaboration Box,Candy,3.61,Aisle 3 - Bin 4
3535,Persistent needs-based forecas Bar,Energy Drinks,1.77,Aisle 4 - Bin 7
3489,Phased composite circuit Can,Health Food,3.07,Aisle 4 - Bin 8
7107,Cross-platform multi-tasking i Box,Juice,3.05,Aisle 5 - Bin 6
5437,Integrated dynamic archive Can,Water,0.94,Aisle 2 - Bin 1
3398,Self-enabling 24/7 framework Box,Chips,4.29,Aisle 1 - Bin 1
6782,Managed composite infrastructu Bottle,Snack,4.18,Aisle 5 - Bin 9
4324,Visionary didactic service-des Can,Beverage,3.19,Aisle 5 - Bin 6
2055,Organic directional matrices Bar,Juice,0.82,Aisle 3 - Bin 4
7440,Pre-emptive mobile circuit Pack,Cookies,3.78,Aisle 1 - Bin 1
2520,Balanced fresh-thinking modera Bar,Soda,2.6,Aisle 1 - Bin 10
7945,Up-sized 3rdgeneration concept Bottle,Chips,4.47,Aisle 1 - Bin 9
8341,Adaptive demand-driven hardwar Pack,Snack,2.14,Aisle 1 - Bin 10
9394,Synchronized reciprocal Graphi Box,Soda,3.3,Aisle 5 - Bin 6
1919,Total maximized process improv Bar,Cookies,2.73,Aisle 5 - Bin 9
9470,Open-source discrete ability Box,Juice,1.65,Aisle 4 - Bin 2
7883,Business-focused regional data Bar,Health Food,0.82,Aisle 2 - Bin 2
9248,Compatible attitude-oriented s Can,Snack,4.26,Aisle 3 - Bin 5
9917,Open-source well-modulated cus Bar,Soda,1.91,Aisle 5 - Bin 9
6046,Reactive high-level matrix Bar,Water,4.05,Aisle 3 - Bin 2
1060,Multi-lateral asymmetric capac Can,Health Food,2.83,Aisle 2 - Bin 9
6772,Proactive full-range encryptio Bottle,Chips,3.99,Aisle 1 - Bin 10
3369,Configurable high-level Graphi Bar,Water,4.08,Aisle 5 - Bin 9
8842,Proactive value-added pricing  Can,Health Food,4.88,Aisle 1 - Bin 10
2363,Fully-configurable non-volatil Pack,Health Food,2.31,Aisle 2 - Bin 1
9764,Operative 6thgeneration suppor Pack,Health Food,0.85,Aisle 5 - Bin 3
9596,Proactive national standardiza Can,Chips,0.85,Aisle 5 - Bin 6
1931,Customer-focused high-level ti Bar,Chips,0.91,Aisle 5 - Bin 9
3734,Advanced zero administration a Can,Snack,1.57,Aisle 1 - Bin 10
3210,Persistent user-facing framewo Pack,Energy Drinks,1.35,Aisle 3 - Bin 4
3716,Extended leadingedge model Box,Beverage,1.66,Aisle 2 - Bin 9
3637,Cross-group systemic standardi Box,Soda,3.85,Aisle 2 - Bin 7
9509,Innovative heuristic definitio Pack,Snack,1.42,Aisle 2 - Bin 6
5101,Advanced web-enabled standardi Pack,Health Food,3.61,Aisle 2 - Bin 2
9725,Focused multi-state hierarchy Box,Cookies,4.15,Aisle 1 - Bin 1
5130,Seamless bi-directional algori Bar,Snack,0.6,Aisle 5 - Bin 9
725,Front-line multi-state core Bar,Juice,0.51,Aisle 5 - Bin 6
6763,Enterprise-wide transitional a Pack,Juice,3.54,Aisle 3 - Bin 2
4900,Seamless actuating implementat Box,Snack,3.3,Aisle 3 - Bin 5
8086,Customer-focused mission-criti Bottle,Juice,3.15,Aisle 5 - Bin 9
8865,Ergonomic upward-trending open Bottle,Soda,1.56,Aisle 4 - Bin 7
5215,Exclusive multimedia forecast Pack,Health Food,3.2,Aisle 5 - Bin 9
3003,Organized scalable Graphic Int Can,Juice,0.94,Aisle 5 - Bin 9
74,Enterprise-wide bandwidth-moni Bar,Water,3.08,Aisle 5 - Bin 6
8575,Profit-focused holistic focus  Bar,Juice,1.79,Aisle 2 - Bin 9
1105,Business-focused intangible fo Bottle,Chips,3.79,Aisle 2 - Bin 7
8173,De-engineered eco-centric mode Box,Water,2.06,Aisle 5 - Bin 9
1825,Synergistic context-sensitive  Box,Snack,4.67,Aisle 3 - Bin 5
3754,Configurable transitional serv Bottle,Health Food,2.4,Aisle 3 - Bin 4
1529,Open-architected asymmetric pr Pack,Chips,1.2,Aisle 2 - Bin 7
8641,Up-sized logistical approach Bottle,Chips,3.28,Aisle 5 - Bin 9
5022,Distributed fresh-thinking too Can,Chips,1.98,Aisle 5 - Bin 9
7128,Re-contextualized even-keeled  Can,Water,4.43,Aisle 3 - Bin 2
3522,Operative motivating Graphical Bottle,Chips,0.66,Aisle 2 - Bin 6
1870,Multi-layered stable matrices Bar,Soda,2.56,Aisle 4 - Bin 4
3036,Operative homogeneous interfac Bar,Chips,1.74,Aisle 4 - Bin 2
2500,Object-based explicit policy Can,Snack,1.6,Aisle 2 - Bin 6
3768,Focused tertiary conglomeratio Bottle,Juice,3.58,Aisle 4 - Bin 2
2592,Robust needs-based alliance Pack,Snack,4.31,Aisle 3 - Bin 5
9109,Self-enabling foreground strat Pack,Cookies,3.02,Aisle 5 - Bin 9
5710,Optional needs-based array Bottle,Juice,2.93,Aisle 2 - Bin 7
7734,Re-engineered logistical attit Bottle,Water,0.7,Aisle 1 - Bin 1
4722,Cross-platform bi-directional  Box,Snack,3.57,Aisle 5 - Bin 9
1247,Implemented uniform methodolog Pack,Water,4.71,Aisle 1 - Bin 10
6402,Right-sized 24/7 application Box,Chips,1.94,Aisle 2 - Bin 9
1930,Face-to-face interactive Inter Bar,Beverage,0.95,Aisle 3 - Bin 4
8924,Seamless even-keeled monitorin Pack,Cookies,1.88,Aisle 4 - Bin 8
4360,Ergonomic bottom-line database Bottle,Juice,4.9,Aisle 1 - Bin 10
2226,Programmable web-enabled archi Bar,Health Food,4.9,Aisle 1 - Bin 1
4346,Down-sized upward-trending fun Bar,Candy,3.61,Aisle 1 - Bin 10
6524,Mandatory intermediate secured Box,Cookies,1.86,Aisle 3 - Bin 2
635,Pre-emptive asymmetric softwar Bottle,Health Food,2.03,Aisle 5 - Bin 3
3922,Versatile non-volatile attitud Bar,Cookies,1.35,Aisle 5 - Bin 9
8500,Proactive dedicated success Pack,Water,2.86,Aisle 5 - Bin 9
8674,Profit-focused empowering orch Bottle,Beverage,4.66,Aisle 1 - Bin 1
4382,Public-key optimal product Can,Juice,3.25,Aisle 4 - Bin 7
5009,Profit-focused 24/7 website Pack,Chips,4.67,Aisle 4 - Bin 7
3343,Reduced fault-tolerant task-fo Bottle,Health Food,1.53,Aisle 4 - Bin 2
706,Customer-focused object-orient Can,Snack,3.51,Aisle 5 - Bin 9
5506,Ameliorated leadingedge Graphi Can,Health Food,2.94,Aisle 3 - Bin 2
9906,Focused uniform contingency Can,Juice,3.17,Aisle 3 - Bin 5
3469,Digitized disintermediate cust Box,Health Food,2.56,Aisle 1 - Bin 1
2838,Up-sized user-facing architect Pack,Soda,1.39,Aisle 4 - Bin 4
7756,Up-sized user-facing projectio Bottle,Water,4.54,Aisle 1 - Bin 10
2299,Multi-layered composite analyz Pack,Chips,2.1,Aisle 1 - Bin 1
130,Re-engineered system-worthy in Pack,Energy Drinks,0.71,Aisle 1 - Bin 1
1912,Reverse-engineered empowering  Can,Candy,2.25,Aisle 5 - Bin 9
5748,Re-contextualized asymmetric s Bottle,Snack,2.33,Aisle 2 - Bin 7
6171,Managed value-added groupware Pack,Energy Drinks,0.73,Aisle 4 - Bin 7
5885,Configurable coherent architec Can,Snack,4.03,Aisle 3 - Bin 2
9117,Future-proofed solution-orient Bottle,Candy,3.87,Aisle 4 - Bin 8
5003,Enterprise-wide 6thgeneration  Box,Snack,2.1,Aisle 5 - Bin 9
9064,Up-sized incremental focus gro Bottle,Beverage,2.23,Aisle 4 - Bin 7
2579,Inverse impactful application Box,Snack,2.96,Aisle 3 - Bin 5
8362,Compatible solution-oriented i Bar,Chips,2.05,Aisle 1 - Bin 10
6224,Virtual grid-enabled pricing s Bottle,Water,1.18,Aisle 1 - Bin 9
3271,Decentralized hybrid info-medi Bottle,Chips,4.72,Aisle 5 - Bin 9
5169,Reverse-engineered demand-driv Box,Snack,2.55,Aisle 5 - Bin 3
9510,Up-sized stable success Bottle,Snack,2.53,Aisle 2 - Bin 2
707,Realigned solution-oriented en Can,Juice,2.4,Aisle 5 - Bin 6
1219,Quality-focused bi-directional Can,Chips,1.11,Aisle 1 - Bin 9
1803,Virtual web-enabled service-de Bar,Energy Drinks,1.49,Aisle 4 - Bin 8
571,Exclusive 6thgeneration conglo Can,Candy,1.0,Aisle 2 - Bin 6
1357,Up-sized neutral algorithm Bar,Chips,4.67,Aisle 3 - Bin 2
548,Balanced bottom-line benchmark Pack,Soda,1.89,Aisle 2 - Bin 7
1937,Re-contextualized neutral util Pack,Chips,4.54,Aisle 5 - Bin 6
8627,Switchable neutral methodology Bar,Health Food,2.87,Aisle 4 - Bin 8
3518,Implemented grid-enabled instr Box,Chips,1.24,Aisle 5 - Bin 3
2568,Persevering human-resource ext Pack,Cookies,4.55,Aisle 1 - Bin 10
6396,Profit-focused scalable custom Box,Soda,0.89,Aisle 2 - Bin 7
3756,Open-source zero tolerance arc Can,Soda,4.63,Aisle 5 - Bin 3
2979,Reactive homogeneous initiativ Pack,Water,1.77,Aisle 1 - Bin 1
9462,Seamless reciprocal interface Bar,Chips,4.97,Aisle 1 - Bin 10
5301,Public-key well-modulated init Pack,Cookies,3.06,Aisle 4 - Bin 7
4758,Optional national success Box,Candy,2.48,Aisle 2 - Bin 7
3441,Advanced grid-enabled matrices Bar,Soda,2.5,Aisle 3 - Bin 2
3157,Distributed contextually-based Bottle,Energy Drinks,2.31,Aisle 5 - Bin 9
4364,User-friendly interactive intr Bottle,Water,1.95,Aisle 2 - Bin 7
8368,Distributed zero-defect method Bar,Energy Drinks,2.75,Aisle 5 - Bin 3
4417,Sharable neutral productivity Box,Soda,3.78,Aisle 3 - Bin 4
6299,Exclusive 5thgeneration struct Bottle,Chips,3.78,Aisle 5 - Bin 3
1756,Automated fault-tolerant initi Bottle,Candy,1.55,Aisle 5 - Bin 9
6607,Public-key web-enabled protoco Pack,Health Food,4.75,Aisle 2 - Bin 7
3145,Persistent executive encryptio Box,Health Food,1.26,Aisle 5 - Bin 9
1143,Extended global policy Bar,Soda,4.43,Aisle 5 - Bin 6
3188,Exclusive demand-driven analyz Pack,Energy Drinks,1.21,Aisle 5 - Bin 9
8657,Down-sized explicit knowledge  Pack,Soda,2.51,Aisle 4 - Bin 4
6189,Customer-focused client-server Can,Candy,1.99,Aisle 2 - Bin 1
52,Adaptive uniform workforce Can,Health Food,2.35,Aisle 2 - Bin 9
4003,Adaptive user-facing complexit Pack,Soda,4.92,Aisle 5 - Bin 6
8065,Re-contextualized analyzing su Bar,Soda,1.46,Aisle 5 - Bin 9
2373,Assimilated static workforce Pack,Juice,3.54,Aisle 5 - Bin 3
5595,Multi-lateral context-sensitiv Can,Snack,0.52,Aisle 1 - Bin 1
1395,Customizable human-resource ut Can,Chips,3.36,Aisle 4 - Bin 2
845,Right-sized human-resource hel Can,Snack,2.88,Aisle 1 - Bin 10
3526,Realigned human-resource infra Pack,Juice,4.59,Aisle 4 - Bin 7
8414,Fundamental incremental infras Pack,Cookies,1.44,Aisle 1 - Bin 10
6231,Quality-focused 3rdgeneration  Pack,Beverage,1.93,Aisle 2 - Bin 9
520,Down-sized cohesive toolset Box,Candy,1.31,Aisle 2 - Bin 1
1289,Expanded coherent process impr Can,Energy Drinks,2.64,Aisle 1 - Bin 9
893,Phased actuating access Bottle,Soda,2.73,Aisle 5 - Bin 6
1525,Organic secondary contingency Can,Snack,3.8,Aisle 2 - Bin 1
4844,Fundamental 24hour solution Bottle,Health Food,4.69,Aisle 3 - Bin 2
5666,Progressive bi-directional cap Box,Beverage,3.28,Aisle 2 - Bin 9
5042,User-centric user-facing neura Can,Beverage,3.75,Aisle 5 - Bin 9
16,Polarized foreground Graphical Box,Snack,2.4,Aisle 3 - Bin 2
1650,Advanced client-driven utiliza Box,Beverage,2.7,Aisle 4 - Bin 8
6015,Advanced dedicated productivit Can,Juice,4.15,Aisle 1 - Bin 9
6611,Expanded non-volatile initiati Can,Chips,2.9,Aisle 1 - Bin 9
5504,Fully-configurable systematic  Pack,Soda,1.56,Aisle 2 - Bin 9
3520,Ameliorated background process Pack,Water,4.73,Aisle 3 - Bin 5
7417,Progressive dedicated data-war Bottle,Beverage,2.06,Aisle 2 - Bin 6
6409,Front-line holistic concept Bottle,Health Food,3.18,Aisle 5 - Bin 9
6241,De-engineered 5thgeneration pr Pack,Beverage,2.39,Aisle 3 - Bin 2
3771,Centralized analyzing matrices Bottle,Health Food,1.99,Aisle 2 - Bin 1
9602,Public-key client-server archi Can,Cookies,4.48,Aisle 5 - Bin 9
5492,Right-sized multi-tasking data Bar,Energy Drinks,5.0,Aisle 5 - Bin 9
4473,Persistent modular open system Bar,Soda,4.33,Aisle 1 - Bin 1
4901,Phased 24hour paradigm Box,Chips,2.18,Aisle 2 - Bin 9
9071,Open-source national project Bar,Energy Drinks,1.47,Aisle 2 - Bin 6
2622,Fundamental zero-defect hardwa Box,Chips,1.43,Aisle 3 - Bin 2
6679,Face-to-face composite model Pack,Snack,1.83,Aisle 4 - Bin 8
1123,Expanded mission-critical mora Pack,Juice,4.33,Aisle 2 - Bin 9
5891,Universal dedicated adapter Bottle,Cookies,4.47,Aisle 2 - Bin 9
301,Ergonomic scalable benchmark Bar,Beverage,4.53,Aisle 1 - Bin 9
7409,Distributed analyzing hub Box,Water,1.29,Aisle 1 - Bin 10
1616,Synergistic clear-thinking hub Box,Water,3.82,Aisle 1 - Bin 10
9604,Total 3rdgeneration attitude Box,Beverage,4.91,Aisle 2 - Bin 6
2431,Multi-layered user-facing benc Box,Water,2.72,Aisle 5 - Bin 9
2920,Implemented user-facing extran Bottle,Beverage,4.31,Aisle 2 - Bin 6
2379,Ameliorated local algorithm Pack,Energy Drinks,3.59,Aisle 4 - Bin 7
8868,Re-contextualized modular proc Pack,Soda,1.24,Aisle 5 - Bin 9
1890,Exclusive leadingedge analyzer Pack,Health Food,0.86,Aisle 2 - Bin 2
9113,Decentralized needs-based cust Can,Soda,4.94,Aisle 5 - Bin 9
7768,Centralized eco-centric modera Box,Chips,3.29,Aisle 1 - Bin 9
3832,Decentralized composite collab Box,Beverage,4.51,Aisle 2 - Bin 1
8880,Profit-focused eco-centric mon Bar,Juice,2.43,Aisle 1 - Bin 9
9308,Upgradable static secured line Pack,Soda,0.59,Aisle 2 - Bin 7
865,Open-architected foreground pr Pack,Candy,3.68,Aisle 5 - Bin 9
5442,Multi-lateral bi-directional s Can,Candy,2.28,Aisle 2 - Bin 6
7041,Business-focused dedicated ada Bar,Health Food,3.43,Aisle 5 - Bin 9
7655,Right-sized content-based serv Bar,Energy Drinks,3.94,Aisle 2 - Bin 2
217,Right-sized bandwidth-monitore Bar,Cookies,4.12,Aisle 2 - Bin 1
51,Centralized neutral model Bar,Juice,4.81,Aisle 2 - Bin 1
9163,Persevering contextually-based Pack,Beverage,3.84,Aisle 4 - Bin 8
6183,Customer-focused dynamic congl Pack,Beverage,1.05,Aisle 1 - Bin 10
5652,Implemented value-added interf Bar,Energy Drinks,3.68,Aisle 2 - Bin 9
1385,Front-line homogeneous synergy Pack,Juice,4.34,Aisle 2 - Bin 7
2814,Function-based multimedia mora Box,Beverage,3.05,Aisle 1 - Bin 9
8259,Persevering tangible hierarchy Can,Energy Drinks,3.22,Aisle 2 - Bin 1
7437,Decentralized national functio Can,Beverage,3.77,Aisle 1 - Bin 10
5990,Integrated responsive instruct Box,Water,0.73,Aisle 1 - Bin 9
830,Open-architected content-based Bar,Chips,3.49,Aisle 4 - Bin 4
2477,Quality-focused composite anal Box,Energy Drinks,1.37,Aisle 5 - Bin 6
5805,Object-based multi-tasking pol Box,Snack,3.52,Aisle 5 - Bin 6
2770,Up-sized contextually-based mo Bar,Water,0.63,Aisle 1 - Bin 9
2183,Visionary encompassing workfor Pack,Health Food,4.18,Aisle 4 - Bin 7
8894,Future-proofed holistic contin Bar,Soda,4.19,Aisle 5 - Bin 6
3457,Object-based fault-tolerant in Can,Soda,3.55,Aisle 5 - Bin 3
1855,Open-architected bandwidth-mon Bottle,Water,3.75,Aisle 4 - Bin 2
2346,Object-based even-keeled neura Box,Energy Drinks,0.57,Aisle 3 - Bin 2
6210,Visionary interactive circuit Bottle,Beverage,2.1,Aisle 5 - Bin 9
2279,Open-source intangible Graphic Box,Juice,3.35,Aisle 4 - Bin 4
6884,Business-focused homogeneous f Can,Energy Drinks,4.12,Aisle 4 - Bin 8
7295,Monitored content-based workfo Bar,Health Food,3.36,Aisle 2 - Bin 6
8640,Cross-group zero-defect budget Bottle,Juice,0.63,Aisle 2 - Bin 1
7045,Streamlined hybrid leverage Bottle,Soda,3.59,Aisle 4 - Bin 4
5642,Horizontal fresh-thinking capa Bottle,Soda,2.36,Aisle 2 - Bin 6
3525,Multi-lateral hybrid definitio Bar,Water,2.37,Aisle 5 - Bin 6
1098,Exclusive national migration Pack,Cookies,4.3,Aisle 2 - Bin 9
4581,Centralized web-enabled suppor Box,Water,4.51,Aisle 1 - Bin 9
676,Seamless real-time concept Can,Cookies,2.09,Aisle 3 - Bin 5
4772,Enterprise-wide bi-directional Bottle,Water,3.43,Aisle 5 - Bin 9
7401,Right-sized disintermediate we Bar,Cookies,4.98,Aisle 2 - Bin 2
5374,Integrated coherent time-frame Bar,Health Food,4.78,Aisle 1 - Bin 9
1792,Customizable systemic synergy Pack,Energy Drinks,3.96,Aisle 1 - Bin 1
8767,Multi-channeled directional co Box,Snack,3.75,Aisle 2 - Bin 6
4091,Progressive clear-thinking sys Can,Soda,3.52,Aisle 4 - Bin 7
8381,Progressive grid-enabled inter Box,Snack,2.0,Aisle 4 - Bin 7
6163,Reverse-engineered neutral emu Pack,Beverage,2.86,Aisle 2 - Bin 6
9517,Cloned object-oriented monitor Can,Health Food,3.82,Aisle 1 - Bin 9
9711,Polarized next generation atti Can,Soda,1.61,Aisle 1 - Bin 1
2324,Cloned grid-enabled circuit Can,Juice,2.82,Aisle 1 - Bin 9
2511,Up-sized executive website Pack,Soda,0.71,Aisle 4 - Bin 2
2242,Cloned multi-state leverage Bottle,Snack,1.76,Aisle 5 - Bin 3
744,Vision-oriented web-enabled mo Bar,Juice,3.74,Aisle 5 - Bin 3
2582,Adaptive full-range archive Bottle,Water,2.82,Aisle 1 - Bin 9
605,Synchronized systematic instru Bottle,Energy Drinks,1.53,Aisle 5 - Bin 9
4541,Networked analyzing approach Can,Soda,1.14,Aisle 4 - Bin 2
6857,Grass-roots discrete extranet Box,Candy,4.95,Aisle 2 - Bin 7
2115,Sharable national encryption Bottle,Energy Drinks,3.72,Aisle 2 - Bin 1
7551,Intuitive multi-tasking frame Bottle,Cookies,4.96,Aisle 5 - Bin 3
6644,Reduced real-time array Bar,Soda,3.97,Aisle 4 - Bin 7
2389,Advanced human-resource produc Pack,Cookies,1.68,Aisle 2 - Bin 7
9474,Realigned context-sensitive ad Box,Candy,3.12,Aisle 2 - Bin 1
7716,Fundamental zero administratio Box,Candy,4.25,Aisle 4 - Bin 7
3652,Multi-channeled regional circu Pack,Candy,4.47,Aisle 3 - Bin 4
9894,Optional needs-based extranet Pack,Cookies,1.49,Aisle 1 - Bin 1
6061,Open-architected coherent acce Can,Soda,3.06,Aisle 2 - Bin 6
7330,Virtual 4thgeneration concept Pack,Candy,1.32,Aisle 2 - Bin 2
812,Innovative explicit synergy Bottle,Chips,2.27,Aisle 1 - Bin 10
3474,Re-engineered zero-defect alli Pack,Energy Drinks,4.39,Aisle 5 - Bin 3
7855,Horizontal non-volatile framew Can,Juice,1.0,Aisle 4 - Bin 8
1835,Multi-lateral content-based im Can,Chips,2.07,Aisle 2 - Bin 9
854,Synergistic tertiary array Bottle,Energy Drinks,1.13,Aisle 2 - Bin 7
5502,Right-sized content-based secu Can,Chips,0.85,Aisle 2 - Bin 7
127,Devolved methodical initiative Box,Beverage,2.58,Aisle 5 - Bin 9
4238,Polarized background pricing s Bar,Chips,4.98,Aisle 3 - Bin 2
465,Adaptive grid-enabled encrypti Bottle,Juice,3.03,Aisle 2 - Bin 9
53,Decentralized dedicated access Box,Snack,0.57,Aisle 5 - Bin 9
2652,Customer-focused local encodin Box,Water,1.0,Aisle 2 - Bin 6
1173,Synchronized background infras Can,Energy Drinks,1.21,Aisle 1 - Bin 1
9792,Optional bandwidth-monitored p Bottle,Juice,3.88,Aisle 4 - Bin 4
2668,Networked holistic task-force Bar,Juice,0.76,Aisle 2 - Bin 2
7299,Cloned national toolset Bottle,Candy,2.82,Aisle 2 - Bin 2
2426,Total mobile capacity Can,Water,1.57,Aisle 4 - Bin 4
8757,Integrated neutral Graphical U Box,Soda,3.25,Aisle 2 - Bin 9
4662,Optional homogeneous time-fram Box,Health Food,3.38,Aisle 5 - Bin 9
7026,Persevering mission-critical h Pack,Candy,1.94,Aisle 4 - Bin 4
8103,Advanced neutral system engine Bottle,Soda,3.28,Aisle 4 - Bin 2
6661,Proactive discrete customer lo Box,Snack,2.19,Aisle 1 - Bin 9
7391,Integrated zero tolerance enco Can,Candy,4.67,Aisle 2 - Bin 6
8740,Customizable asymmetric model Bottle,Soda,2.63,Aisle 5 - Bin 9
6155,Distributed 24/7 installation Box,Beverage,4.85,Aisle 2 - Bin 7
814,Proactive intermediate knowled Bottle,Juice,2.32,Aisle 4 - Bin 7
2637,Synergized systematic intranet Can,Energy Drinks,2.45,Aisle 4 - Bin 7
5233,Business-focused scalable webs Pack,Soda,4.19,Aisle 1 - Bin 9
6985,Team-oriented tertiary through Bottle,Cookies,4.97,Aisle 4 - Bin 7
7583,Business-focused uniform struc Pack,Chips,1.45,Aisle 5 - Bin 6
9089,Devolved mobile Local Area Net Bottle,Cookies,1.04,Aisle 4 - Bin 8
6017,Enhanced explicit extranet Box,Beverage,1.38,Aisle 4 - Bin 4
1300,Mandatory bi-directional archi Bottle,Energy Drinks,0.88,Aisle 3 - Bin 2
2180,Assimilated methodical access Pack,Snack,4.52,Aisle 4 - Bin 7
455,De-engineered local data-wareh Bar,Juice,3.55,Aisle 4 - Bin 8
5743,Implemented empowering superst Pack,Candy,4.03,Aisle 5 - Bin 9
7568,Right-sized content-based matr Bar,Water,1.7,Aisle 2 - Bin 2
5496,Profit-focused eco-centric mod Pack,Cookies,4.4,Aisle 4 - Bin 2
1282,Right-sized full-range leverag Can,Soda,3.46,Aisle 5 - Bin 3
1941,Object-based stable pricing st Bar,Candy,0.9,Aisle 4 - Bin 4
6860,Up-sized regional process impr Can,Cookies,3.72,Aisle 4 - Bin 8
978,Switchable upward-trending int Bar,Chips,4.5,Aisle 2 - Bin 9
5360,Polarized multi-tasking time-f Bar,Chips,3.67,Aisle 3 - Bin 2
4573,Integrated system-worthy solut Bottle,Cookies,1.52,Aisle 2 - Bin 9
7841,Virtual multimedia project Bar,Health Food,4.22,Aisle 5 - Bin 9
2003,Cloned exuding synergy Can,Snack,1.45,Aisle 4 - Bin 7
8398,Extended uniform emulation Bottle,Health Food,0.78,Aisle 3 - Bin 5
8870,Face-to-face user-facing archi Bar,Cookies,0.98,Aisle 4 - Bin 4
3014,Persistent web-enabled forecas Bottle,Cookies,3.13,Aisle 5 - Bin 6
1343,Cross-group 24/7 website Box,Health Food,4.94,Aisle 1 - Bin 1
9890,Operative interactive utilizat Bar,Beverage,3.9,Aisle 5 - Bin 9
9836,Cloned upward-trending knowled Box,Water,3.46,Aisle 3 - Bin 5
7325,Synergized hybrid frame Bar,Cookies,1.84,Aisle 2 - Bin 1
4192,Multi-tiered regional circuit Bar,Candy,3.18,Aisle 4 - Bin 8
6182,Distributed attitude-oriented  Can,Juice,3.19,Aisle 5 - Bin 9
2884,Optimized optimizing extranet Bar,Beverage,4.15,Aisle 5 - Bin 9
4090,Right-sized background hub Pack,Water,2.73,Aisle 5 - Bin 9
8231,Total 24hour system engine Box,Cookies,1.9,Aisle 2 - Bin 6
7782,Persevering static throughput Pack,Chips,3.63,Aisle 4 - Bin 2
8227,Total 4thgeneration groupware Can,Candy,1.16,Aisle 4 - Bin 8
4625,Persistent executive data-ware Bottle,Water,3.58,Aisle 2 - Bin 2
5540,Profound non-volatile conglome Box,Health Food,4.63,Aisle 3 - Bin 2
9434,Multi-lateral demand-driven po Bar,Health Food,0.83,Aisle 4 - Bin 7
5359,Vision-oriented systematic int Bottle,Cookies,1.13,Aisle 1 - Bin 10
541,Switchable multi-state task-fo Can,Beverage,4.68,Aisle 2 - Bin 1
4206,Universal client-server synerg Bar,Chips,2.87,Aisle 5 - Bin 9
8310,Phased composite service-desk Box,Water,2.58,Aisle 5 - Bin 6
4676,Seamless dedicated parallelism Bar,Soda,2.44,Aisle 1 - Bin 1
3724,Advanced reciprocal productivi Bottle,Soda,2.27,Aisle 3 - Bin 2
8852,Stand-alone exuding flexibilit Box,Energy Drinks,0.94,Aisle 5 - Bin 3
2244,Persistent analyzing moderator Bottle,Juice,1.96,Aisle 5 - Bin 9
7202,Implemented tertiary paradigm Bar,Water,1.51,Aisle 5 - Bin 6
8267,Enhanced needs-based definitio Can,Beverage,3.85,Aisle 3 - Bin 2
4057,Object-based responsive comple Bar,Energy Drinks,2.37,Aisle 4 - Bin 4
5166,Vision-oriented grid-enabled f Can,Snack,0.91,Aisle 5 - Bin 9
3545,Configurable global product Bar,Candy,0.68,Aisle 4 - Bin 7
9933,Up-sized optimal intranet Can,Beverage,0.58,Aisle 5 - Bin 6
1923,Vision-oriented upward-trendin Can,Chips,2.3,Aisle 5 - Bin 9
1193,Streamlined interactive flexib Pack,Energy Drinks,0.62,Aisle 3 - Bin 5
6525,Function-based didactic firmwa Box,Energy Drinks,2.69,Aisle 2 - Bin 1
4677,Future-proofed contextually-ba Bottle,Cookies,3.39,Aisle 1 - Bin 10
672,Realigned grid-enabled morator Box,Candy,1.46,Aisle 1 - Bin 10
5232,Organic composite artificial i Bar,Health Food,0.84,Aisle 1 - Bin 9
3354,Multi-layered radical extranet Bar,Health Food,3.23,Aisle 2 - Bin 2
4763,Secured tangible superstructur Bar,Juice,4.42,Aisle 5 - Bin 9
6229,Business-focused client-driven Pack,Water,3.58,Aisle 4 - Bin 2
8429,Vision-oriented leadingedge co Bottle,Chips,4.44,Aisle 2 - Bin 1
2343,Networked executive core Bar,Chips,3.66,Aisle 1 - Bin 9
4664,Focused bandwidth-monitored ca Can,Chips,3.62,Aisle 5 - Bin 3
2083,Inverse background extranet Box,Cookies,3.42,Aisle 5 - Bin 3
1981,Customizable client-server ini Box,Energy Drinks,1.03,Aisle 2 - Bin 7
4718,Adaptive multi-tasking core Bar,Water,1.13,Aisle 4 - Bin 4
8357,Integrated national toolset Pack,Cookies,3.31,Aisle 4 - Bin 4
6235,Programmable client-server wor Box,Juice,1.33,Aisle 2 - Bin 2
3133,Innovative uniform approach Bottle,Chips,2.42,Aisle 4 - Bin 7
3915,Sharable impactful open archit Bottle,Candy,1.88,Aisle 2 - Bin 7
1733,Distributed cohesive support Pack,Energy Drinks,0.93,Aisle 2 - Bin 6
6839,Profit-focused reciprocal inst Bottle,Cookies,1.69,Aisle 1 - Bin 10
1573,Organic leadingedge pricing st Bottle,Water,4.86,Aisle 2 - Bin 7
7778,User-centric 4thgeneration ini Pack,Health Food,0.85,Aisle 1 - Bin 1
2538,Down-sized modular info-mediar Bottle,Cookies,4.09,Aisle 3 - Bin 2
5220,Customer-focused client-server Box,Juice,2.45,Aisle 1 - Bin 10
8814,Automated asymmetric contingen Pack,Beverage,1.64,Aisle 5 - Bin 3
4595,Operative attitude-oriented ch Bar,Energy Drinks,3.73,Aisle 2 - Bin 7
7749,Persistent incremental firmwar Bar,Cookies,4.78,Aisle 4 - Bin 8
5985,Business-focused radical middl Box,Chips,2.79,Aisle 2 - Bin 2
4801,Cross-platform disintermediate Pack,Soda,2.63,Aisle 2 - Bin 2
8129,Optimized executive capacity Bottle,Snack,2.95,Aisle 5 - Bin 9
6535,Multi-tiered background struct Bottle,Chips,1.67,Aisle 2 - Bin 1
4739,Persistent zero-defect framewo Box,Energy Drinks,1.43,Aisle 3 - Bin 2
3609,Inverse system-worthy approach Bottle,Juice,4.28,Aisle 5 - Bin 9
3959,Future-proofed system-worthy p Pack,Candy,3.93,Aisle 4 - Bin 4
3352,Innovative homogeneous encodin Can,Cookies,3.18,Aisle 1 - Bin 1
7955,Quality-focused background inf Can,Candy,2.36,Aisle 2 - Bin 1
6472,Public-key maximized open syst Bottle,Energy Drinks,2.01,Aisle 3 - Bin 4
5483,Multi-channeled even-keeled st Pack,Water,1.97,Aisle 5 - Bin 9
7028,Sharable dedicated software Bottle,Cookies,4.29,Aisle 3 - Bin 2
1096,Synergistic clear-thinking wor Pack,Soda,0.72,Aisle 1 - Bin 9
8811,Front-line attitude-oriented c Can,Candy,1.37,Aisle 4 - Bin 7
4786,Progressive optimal interface Bottle,Health Food,4.46,Aisle 5 - Bin 9
4239,Right-sized motivating morator Box,Snack,4.84,Aisle 1 - Bin 1
6585,Optional multi-state service-d Bottle,Snack,2.31,Aisle 2 - Bin 6
61,Managed static framework Box,Juice,1.84,Aisle 4 - Bin 2
7741,Exclusive context-sensitive mi Can,Snack,1.86,Aisle 2 - Bin 6
5154,Synergistic scalable standardi Can,Soda,2.86,Aisle 3 - Bin 2
7570,Devolved methodical matrices Bar,Soda,3.6,Aisle 4 - Bin 2
3316,Organic multimedia product Box,Chips,3.68,Aisle 5 - Bin 9
4085,User-friendly interactive prot Bottle,Water,2.27,Aisle 2 - Bin 7
8979,Decentralized foreground prici Bar,Snack,1.96,Aisle 5 - Bin 6
3106,Function-based well-modulated  Bottle,Chips,1.9,Aisle 4 - Bin 7
8284,Public-key cohesive Graphic In Pack,Cookies,0.55,Aisle 1 - Bin 9
4817,Optional regional core Bar,Juice,4.17,Aisle 3 - Bin 5
4848,Expanded demand-driven Graphic Bar,Snack,1.62,Aisle 5 - Bin 9
6510,Innovative clear-thinking flex Bar,Chips,3.43,Aisle 3 - Bin 5
6307,Enhanced client-driven approac Can,Snack,1.97,Aisle 2 - Bin 9
3415,Front-line didactic standardiz Pack,Soda,3.03,Aisle 4 - Bin 7
3265,Focused explicit Internet solu Bottle,Cookies,2.05,Aisle 2 - Bin 9
7871,Team-oriented motivating frame Box,Soda,0.96,Aisle 5 - Bin 6
3192,Ameliorated homogeneous foreca Can,Water,0.74,Aisle 2 - Bin 2
2147,Programmable exuding function Pack,Cookies,3.51,Aisle 2 - Bin 9
8541,Versatile tertiary portal Can,Beverage,2.58,Aisle 5 - Bin 6
6580,Proactive value-added definiti Bottle,Cookies,1.91,Aisle 5 - Bin 9
5690,Streamlined leadingedge data-w Can,Snack,3.94,Aisle 4 - Bin 4
2526,Innovative exuding attitude Pack,Health Food,1.65,Aisle 2 - Bin 6
4578,Monitored mission-critical cap Bar,Juice,2.69,Aisle 5 - Bin 3
8035,Multi-layered demand-driven en Bottle,Water,4.22,Aisle 2 - Bin 7
9540,Multi-layered uniform protocol Bar,Water,4.52,Aisle 1 - Bin 1
9693,Function-based context-sensiti Bottle,Candy,3.6,Aisle 3 - Bin 5
5518,Function-based actuating colla Box,Beverage,2.59,Aisle 4 - Bin 4
3484,Automated dedicated conglomera Bar,Soda,1.65,Aisle 4 - Bin 2
4174,Profound analyzing adapter Bottle,Cookies,1.73,Aisle 1 - Bin 9
3299,User-friendly web-enabled budg Can,Snack,3.55,Aisle 4 - Bin 2
3515,Persistent zero tolerance hard Bar,Water,3.92,Aisle 5 - Bin 9
5413,User-friendly content-based em Pack,Snack,3.65,Aisle 1 - Bin 10
8302,Re-engineered asymmetric solut Can,Energy Drinks,4.5,Aisle 5 - Bin 6
1524,Ergonomic radical success Bottle,Health Food,3.32,Aisle 4 - Bin 4
1434,Phased mission-critical protoc Pack,Chips,1.48,Aisle 2 - Bin 7
6147,Object-based non-volatile para Pack,Snack,1.94,Aisle 5 - Bin 9
4748,Innovative multi-tasking archi Pack,Health Food,0.94,Aisle 2 - Bin 2
6855,Ameliorated 24hour structure Bar,Soda,1.0,Aisle 5 - Bin 9
2521,Optimized methodical infrastru Bar,Cookies,1.29,Aisle 2 - Bin 7
7277,Monitored attitude-oriented mo Can,Chips,1.61,Aisle 2 - Bin 6
4532,Inverse actuating solution Bar,Water,2.5,Aisle 2 - Bin 9
1570,Upgradable demand-driven lever Bar,Energy Drinks,2.79,Aisle 3 - Bin 2
6442,Pre-emptive responsive attitud Bottle,Energy Drinks,0.67,Aisle 1 - Bin 9
8290,Focused radical ability Bar,Health Food,1.92,Aisle 2 - Bin 1
8033,Re-engineered bandwidth-monito Box,Soda,0.55,Aisle 2 - Bin 2
9943,Progressive grid-enabled open  Bottle,Snack,1.12,Aisle 2 - Bin 1
9313,Business-focused disintermedia Bar,Candy,2.74,Aisle 2 - Bin 2
6282,Digitized heuristic workforce Box,Energy Drinks,1.16,Aisle 2 - Bin 9
5459,Proactive real-time architectu Bar,Snack,4.84,Aisle 1 - Bin 10
490,Assimilated demand-driven cust Can,Chips,0.82,Aisle 4 - Bin 2
1003,Compatible human-resource inte Bar,Beverage,1.0,Aisle 3 - Bin 4
6725,Ergonomic bottom-line function Box,Beverage,2.39,Aisle 5 - Bin 3
1298,Decentralized methodical hiera Pack,Cookies,0.56,Aisle 1 - Bin 9
9187,Innovative dedicated policy Can,Beverage,4.75,Aisle 3 - Bin 5
6302,Monitored hybrid knowledge use Bar,Beverage,1.75,Aisle 2 - Bin 7
9562,Balanced leadingedge knowledge Can,Soda,1.2,Aisle 5 - Bin 3
6558,Vision-oriented bottom-line pa Bar,Energy Drinks,0.55,Aisle 4 - Bin 2
2851,Cloned exuding analyzer Bottle,Candy,4.17,Aisle 5 - Bin 9
4981,Expanded zero-defect definitio Bar,Chips,3.77,Aisle 5 - Bin 3
1895,Reduced transitional orchestra Bar,Candy,4.47,Aisle 4 - Bin 7
8875,Business-focused needs-based d Pack,Water,2.99,Aisle 5 - Bin 9
195,Operative leadingedge architec Bar,Water,4.28,Aisle 1 - Bin 1
8881,Upgradable uniform contingency Bottle,Soda,1.69,Aisle 2 - Bin 6
2372,Organic real-time encryption Can,Soda,0.79,Aisle 5 - Bin 3
6380,Seamless methodical website Bottle,Juice,0.79,Aisle 1 - Bin 1
6987,Profit-focused methodical conc Bar,Chips,3.57,Aisle 2 - Bin 1
9525,Intuitive 3rdgeneration proces Box,Snack,1.76,Aisle 1 - Bin 1
3602,Up-sized logistical parallelis Pack,Candy,0.73,Aisle 2 - Bin 6
7074,Grass-roots methodical archite Bottle,Soda,0.75,Aisle 2 - Bin 7
3098,Configurable systematic modera Bottle,Snack,1.91,Aisle 5 - Bin 9
9274,Networked zero-defect parallel Can,Cookies,3.93,Aisle 5 - Bin 9
5578,Expanded cohesive process impr Can,Cookies,4.47,Aisle 1 - Bin 10
365,Stand-alone system-worthy fram Box,Cookies,2.05,Aisle 5 - Bin 3
5429,Synergized reciprocal budgetar Pack,Health Food,2.63,Aisle 4 - Bin 4
7978,Progressive contextually-based Pack,Cookies,4.48,Aisle 2 - Bin 7
7832,Sharable 24hour model Bottle,Health Food,1.69,Aisle 5 - Bin 3
1627,Upgradable explicit Local Area Pack,Beverage,3.7,Aisle 2 - Bin 7
5164,Adaptive heuristic interface Bar,Cookies,4.29,Aisle 5 - Bin 6
2070,Operative clear-thinking suppo Bar,Cookies,2.5,Aisle 1 - Bin 9
2086,Integrated grid-enabled utiliz Box,Energy Drinks,4.77,Aisle 2 - Bin 2
170,Optional grid-enabled ability Bar,Juice,3.51,Aisle 5 - Bin 6
843,Reverse-engineered local capab Pack,Chips,1.29,Aisle 2 - Bin 2
8679,Phased well-modulated definiti Can,Cookies,1.95,Aisle 1 - Bin 1
6250,Triple-buffered 5thgeneration  Can,Chips,4.63,Aisle 3 - Bin 2
5900,Face-to-face even-keeled proce Can,Candy,2.81,Aisle 1 - Bin 9
6156,Team-oriented methodical knowl Pack,Snack,3.25,Aisle 5 - Bin 9
5035,Open-architected eco-centric s Bar,Soda,4.48,Aisle 1 - Bin 10
5958,User-centric bi-directional al Bar,Beverage,3.92,Aisle 2 - Bin 1
4663,Advanced value-added open arch Pack,Water,4.6,Aisle 2 - Bin 7
5768,Total even-keeled toolset Bar,Juice,3.44,Aisle 5 - Bin 9
5266,Vision-oriented client-server  Bottle,Cookies,4.22,Aisle 4 - Bin 4
7462,Profound radical ability Can,Chips,1.06,Aisle 2 - Bin 6
8034,Stand-alone non-volatile porta Pack,Energy Drinks,4.31,Aisle 3 - Bin 4
2132,Customer-focused modular core Can,Water,3.31,Aisle 3 - Bin 5
2955,Future-proofed exuding secured Bottle,Beverage,3.94,Aisle 5 - Bin 9
1158,Ameliorated web-enabled archiv Bar,Candy,3.01,Aisle 2 - Bin 6
1315,Ergonomic system-worthy abilit Bar,Chips,3.74,Aisle 3 - Bin 4
4098,Networked real-time infrastruc Can,Cookies,0.72,Aisle 5 - Bin 9
3505,Enterprise-wide full-range sta Box,Energy Drinks,4.98,Aisle 3 - Bin 2
1134,Customizable upward-trending a Can,Health Food,1.57,Aisle 4 - Bin 8
3914,Stand-alone actuating challeng Pack,Cookies,3.53,Aisle 4 - Bin 4
671,Enhanced asynchronous protocol Pack,Cookies,0.62,Aisle 2 - Bin 1
6220,Front-line motivating hub Bar,Soda,0.91,Aisle 3 - Bin 2
7429,Advanced bottom-line Graphic I Bar,Beverage,3.16,Aisle 2 - Bin 9
3686,User-centric full-range archiv Bottle,Chips,0.67,Aisle 5 - Bin 9
5031,Self-enabling fresh-thinking a Bottle,Juice,1.73,Aisle 5 - Bin 6
1490,Vision-oriented 24/7 toolset Bottle,Soda,0.5,Aisle 4 - Bin 4
5002,Re-engineered hybrid middlewar Can,Health Food,2.62,Aisle 4 - Bin 8
3191,Right-sized encompassing intra Bar,Chips,4.1,Aisle 2 - Bin 1
7715,Seamless web-enabled paralleli Bar,Cookies,2.79,Aisle 3 - Bin 4
9293,Intuitive heuristic secured li Bar,Snack,1.65,Aisle 4 - Bin 2
4717,De-engineered incremental know Bar,Snack,0.67,Aisle 5 - Bin 9
1749,Customer-focused methodical an Bottle,Health Food,2.52,Aisle 5 - Bin 6
4655,Programmable bottom-line emula Pack,Cookies,4.16,Aisle 5 - Bin 9
634,Enhanced reciprocal info-media Can,Juice,3.54,Aisle 2 - Bin 6
900,Universal transitional databas Can,Water,4.5,Aisle 5 - Bin 9
3966,Triple-buffered clear-thinking Box,Chips,2.51,Aisle 3 - Bin 4
5304,Open-source 5thgeneration fram Bottle,Snack,4.65,Aisle 2 - Bin 9
9084,Face-to-face value-added defin Box,Chips,3.82,Aisle 2 - Bin 1
8252,Organized hybrid synergy Can,Energy Drinks,4.49,Aisle 4 - Bin 2
379,Centralized demand-driven arra Can,Soda,0.56,Aisle 4 - Bin 2
6836,Triple-buffered zero administr Pack,Soda,1.49,Aisle 5 - Bin 9
9339,Profound interactive focus gro Can,Juice,2.03,Aisle 2 - Bin 2
8029,Mandatory zero-defect neural-n Bar,Energy Drinks,4.11,Aisle 2 - Bin 9
1104,Robust 4thgeneration approach Bottle,Water,1.52,Aisle 4 - Bin 7
9108,Public-key homogeneous standar Bottle,Chips,1.26,Aisle 2 - Bin 6
560,Fully-configurable multi-taski Can,Chips,1.37,Aisle 2 - Bin 6
7436,Business-focused content-based Box,Chips,4.61,Aisle 2 - Bin 9
5026,Distributed transitional imple Bar,Snack,3.54,Aisle 1 - Bin 10
9365,Sharable coherent adapter Box,Energy Drinks,0.97,Aisle 5 - Bin 6
8045,Adaptive directional implement Box,Beverage,4.23,Aisle 1 - Bin 9
2712,Profit-focused hybrid architec Can,Energy Drinks,0.72,Aisle 5 - Bin 3
8571,Progressive uniform framework Can,Energy Drinks,3.32,Aisle 5 - Bin 3
6992,Public-key value-added paradig Can,Water,4.33,Aisle 1 - Bin 9
5530,Multi-layered user-facing data Pack,Soda,2.47,Aisle 1 - Bin 9
7339,Versatile bandwidth-monitored  Can,Juice,1.24,Aisle 2 - Bin 1
5444,Compatible mission-critical de Box,Water,0.89,Aisle 3 - Bin 5
6840,Profound explicit database Box,Energy Drinks,1.95,Aisle 5 - Bin 9
913,Triple-buffered real-time init Bottle,Cookies,1.93,Aisle 1 - Bin 1
6089,Vision-oriented 24/7 hardware Bar,Chips,1.23,Aisle 5 - Bin 9
9999,Versatile tertiary website Bar,Chips,2.91,Aisle 2 - Bin 7
1891,User-friendly attitude-oriente Box,Chips,2.88,Aisle 3 - Bin 4
600,Cross-platform global collabor Bar,Soda,3.41,Aisle 1 - Bin 10
5137,Business-focused upward-trendi Pack,Chips,2.64,Aisle 5 - Bin 3
4696,Adaptive secondary complexity Pack,Juice,3.64,Aisle 1 - Bin 1
2894,Customer-focused scalable syne Pack,Juice,3.71,Aisle 4 - Bin 4
9330,Synergized tertiary methodolog Bottle,Cookies,1.0,Aisle 2 - Bin 6
8953,Object-based user-facing firmw Box,Cookies,4.05,Aisle 3 - Bin 5
9485,Universal optimal core Pack,Cookies,3.32,Aisle 3 - Bin 4
4251,Implemented logistical time-fr Bottle,Soda,2.15,Aisle 2 - Bin 2
5423,Fundamental 24hour task-force Bar,Water,3.59,Aisle 5 - Bin 9
9585,Fundamental system-worthy migr Box,Beverage,3.28,Aisle 5 - Bin 9
718,Seamless local conglomeration Box,Water,3.02,Aisle 2 - Bin 6
7878,Organic bi-directional firmwar Box,Health Food,3.21,Aisle 5 - Bin 9
4860,Cloned contextually-based stan Bottle,Energy Drinks,4.26,Aisle 5 - Bin 9
8719,Reverse-engineered even-keeled Box,Candy,4.46,Aisle 3 - Bin 4
2455,Open-source 5thgeneration impl Bar,Beverage,1.12,Aisle 4 - Bin 2
1582,Exclusive high-level projectio Pack,Beverage,1.24,Aisle 5 - Bin 9
4256,Ergonomic multi-tasking system Pack,Health Food,4.31,Aisle 2 - Bin 9
2733,Business-focused transitional  Box,Health Food,0.78,Aisle 4 - Bin 7
3852,Innovative responsive info-med Can,Juice,1.32,Aisle 2 - Bin 1
2156,Persevering dynamic interface Can,Energy Drinks,4.47,Aisle 4 - Bin 8
6683,Persistent bifurcated emulatio Box,Beverage,2.15,Aisle 2 - Bin 9
1133,Team-oriented solution-oriente Bottle,Health Food,4.24,Aisle 1 - Bin 9
997,Stand-alone next generation ha Bar,Cookies,4.29,Aisle 4 - Bin 4
5760,Polarized 24/7 customer loyalt Bar,Snack,2.3,Aisle 1 - Bin 9
6165,Proactive dynamic function Bottle,Energy Drinks,0.94,Aisle 5 - Bin 6
3486,Cloned asynchronous protocol Box,Health Food,0.86,Aisle 1 - Bin 9
2743,Virtual dedicated frame Pack,Cookies,3.02,Aisle 5 - Bin 6
6331,Advanced eco-centric task-forc Bottle,Energy Drinks,1.95,Aisle 4 - Bin 7
5165,Grass-roots content-based acce Bottle,Chips,3.22,Aisle 5 - Bin 3
8803,Advanced incremental hardware Box,Beverage,0.75,Aisle 4 - Bin 4
841,Open-architected solution-orie Pack,Soda,0.58,Aisle 5 - Bin 6
1032,Cloned regional standardizatio Box,Chips,2.8,Aisle 2 - Bin 1
4991,Vision-oriented uniform help-d Pack,Candy,1.95,Aisle 4 - Bin 7
7075,User-centric multi-tasking mat Can,Water,3.32,Aisle 2 - Bin 9
9122,Ergonomic didactic service-des Bottle,Beverage,0.61,Aisle 4 - Bin 8
1867,Decentralized stable groupware Pack,Water,1.87,Aisle 3 - Bin 2
6507,Optional eco-centric benchmark Box,Beverage,1.87,Aisle 5 - Bin 9
3888,Customer-focused foreground fu Box,Energy Drinks,0.88,Aisle 2 - Bin 7
6238,Open-architected 24/7 approach Pack,Candy,0.86,Aisle 4 - Bin 2
7274,Persevering impactful Graphic  Can,Soda,0.74,Aisle 2 - Bin 6
5344,Enterprise-wide optimizing inf Bar,Snack,3.41,Aisle 2 - Bin 6
946,Re-contextualized full-range i Bottle,Chips,3.11,Aisle 4 - Bin 2
4752,Re-contextualized local open s Can,Chips,4.93,Aisle 1 - Bin 10
5695,Front-line next generation cap Pack,Water,0.69,Aisle 2 - Bin 6
5341,Configurable radical budgetary Bar,Beverage,4.21,Aisle 1 - Bin 10
4191,Proactive empowering circuit Bar,Juice,0.95,Aisle 5 - Bin 9
4807,Diverse bandwidth-monitored fr Box,Snack,2.69,Aisle 2 - Bin 1
533,Seamless explicit conglomerati Can,Cookies,3.04,Aisle 2 - Bin 7
8590,Future-proofed attitude-orient Bar,Snack,4.33,Aisle 5 - Bin 9
3444,Re-engineered uniform paradigm Box,Beverage,3.85,Aisle 4 - Bin 4
2332,Intuitive 24hour framework Bottle,Cookies,1.34,Aisle 4 - Bin 8
9266,Polarized content-based algori Bottle,Juice,0.96,Aisle 5 - Bin 9
5596,Monitored solution-oriented fr Can,Snack,0.88,Aisle 5 - Bin 6
7275,Managed context-sensitive port Can,Chips,4.48,Aisle 5 - Bin 3
338,Fundamental dedicated policy Pack,Energy Drinks,0.93,Aisle 5 - Bin 3
7826,Total asynchronous info-mediar Bottle,Chips,1.83,Aisle 1 - Bin 9
6822,Customer-focused content-based Box,Juice,4.9,Aisle 3 - Bin 2
8470,Proactive 24hour analyzer Box,Snack,2.79,Aisle 4 - Bin 7
8703,User-friendly explicit matrice Can,Snack,3.51,Aisle 5 - Bin 3
5624,Organic contextually-based cap Box,Chips,4.08,Aisle 4 - Bin 7
2992,Advanced value-added groupware Bar,Health Food,3.61,Aisle 2 - Bin 2
2479,Down-sized bifurcated function Bar,Health Food,2.65,Aisle 5 - Bin 9
6166,Secured global knowledgebase Bottle,Juice,3.51,Aisle 4 - Bin 8
6669,Right-sized motivating middlew Can,Soda,3.19,Aisle 3 - Bin 2
7125,Re-contextualized 4thgeneratio Bar,Soda,1.18,Aisle 5 - Bin 9
2702,Centralized homogeneous matrix Pack,Beverage,2.12,Aisle 3 - Bin 2
2265,Programmable optimizing struct Bar,Chips,3.71,Aisle 4 - Bin 4
156,Centralized clear-thinking cap Bottle,Chips,2.78,Aisle 3 - Bin 2
8301,Exclusive user-facing array Pack,Energy Drinks,1.78,Aisle 1 - Bin 9
5258,Virtual incremental installati Box,Beverage,1.94,Aisle 5 - Bin 3
4153,Integrated object-oriented web Can,Chips,0.9,Aisle 3 - Bin 5
7120,Digitized object-oriented defi Pack,Chips,1.72,Aisle 3 - Bin 2
1965,Sharable next generation abili Pack,Water,1.13,Aisle 2 - Bin 7
7591,Re-engineered cohesive hierarc Box,Chips,4.94,Aisle 5 - Bin 9
8133,Universal grid-enabled archite Can,Snack,1.37,Aisle 3 - Bin 2
9216,Reactive attitude-oriented par Bar,Chips,0.57,Aisle 3 - Bin 4
9798,Managed hybrid standardization Bottle,Health Food,3.45,Aisle 5 - Bin 3
2330,Customizable zero tolerance fr Box,Chips,4.75,Aisle 1 - Bin 9
6563,Organic systematic contingency Box,Juice,3.53,Aisle 1 - Bin 9
4988,User-centric fault-tolerant in Bottle,Snack,4.88,Aisle 4 - Bin 2
3026,Grass-roots leadingedge pricin Box,Juice,3.97,Aisle 2 - Bin 6
788,Front-line scalable monitoring Box,Cookies,3.52,Aisle 4 - Bin 2
1708,Horizontal background standard Pack,Cookies,4.77,Aisle 4 - Bin 8
2560,Switchable didactic archive Pack,Soda,1.24,Aisle 5 - Bin 3
5466,Polarized tertiary projection Bar,Beverage,3.24,Aisle 1 - Bin 1
218,Proactive high-level capabilit Box,Beverage,3.44,Aisle 2 - Bin 7
192,Fully-configurable scalable fu Bar,Snack,2.47,Aisle 4 - Bin 4
4255,Advanced national service-desk Can,Health Food,1.84,Aisle 4 - Bin 4
6248,Down-sized intermediate policy Box,Energy Drinks,1.1,Aisle 4 - Bin 7
7233,Multi-layered leadingedge comp Bar,Juice,2.73,Aisle 2 - Bin 9
624,Devolved executive Graphic Int Pack,Soda,4.21,Aisle 4 - Bin 7
6707,Robust maximized challenge Bottle,Beverage,1.67,Aisle 2 - Bin 9
1188,Vision-oriented maximized leve Pack,Beverage,1.67,Aisle 5 - Bin 3
2676,Programmable next generation p Box,Water,2.06,Aisle 5 - Bin 9
6827,Networked real-time alliance Box,Soda,4.95,Aisle 1 - Bin 9
5969,Public-key bandwidth-monitored Pack,Water,4.08,Aisle 3 - Bin 4
4611,Reduced clear-thinking Local A Pack,Candy,1.21,Aisle 5 - Bin 9
3681,Synergized attitude-oriented h Bar,Candy,4.56,Aisle 4 - Bin 7
1324,Ergonomic high-level Graphical Can,Energy Drinks,3.2,Aisle 3 - Bin 2
2682,Assimilated homogeneous open s Bottle,Health Food,3.81,Aisle 2 - Bin 2
5957,Persevering upward-trending co Bar,Water,0.97,Aisle 4 - Bin 4
8466,Adaptive maximized matrix Bar,Beverage,4.05,Aisle 5 - Bin 3
2978,Synchronized non-volatile hub Box,Health Food,4.48,Aisle 1 - Bin 9
889,Function-based mobile parallel Pack,Soda,4.6,Aisle 5 - Bin 9
6129,Focused zero administration mo Bottle,Snack,1.32,Aisle 5 - Bin 6
369,Seamless neutral time-frame Bottle,Candy,2.25,Aisle 4 - Bin 8
3737,Networked regional frame Bottle,Snack,4.62,Aisle 1 - Bin 10
8745,Object-based demand-driven fra Bar,Snack,4.81,Aisle 2 - Bin 2
853,Business-focused regional prod Bottle,Water,1.56,Aisle 5 - Bin 3
9960,Monitored encompassing frame Bar,Beverage,3.46,Aisle 5 - Bin 9
5517,Grass-roots impactful system e Pack,Energy Drinks,1.62,Aisle 2 - Bin 9
3050,Devolved actuating application Box,Cookies,4.05,Aisle 2 - Bin 9
2981,Devolved motivating policy Pack,Snack,1.9,Aisle 5 - Bin 9
1598,Operative scalable ability Bottle,Candy,3.21,Aisle 1 - Bin 10
7609,Down-sized executive approach Can,Water,1.68,Aisle 4 - Bin 2
2416,Cloned systemic methodology Bottle,Candy,0.84,Aisle 5 - Bin 9
5884,Enterprise-wide mission-critic Bottle,Soda,0.89,Aisle 3 - Bin 5
765,Intuitive context-sensitive en Bar,Energy Drinks,1.73,Aisle 5 - Bin 9
3177,Multi-channeled optimal knowle Pack,Water,1.89,Aisle 4 - Bin 7
7816,Vision-oriented 3rdgeneration  Bar,Energy Drinks,3.94,Aisle 3 - Bin 4
5752,Integrated clear-thinking capa Can,Energy Drinks,4.83,Aisle 4 - Bin 7
4598,Implemented motivating firmwar Bottle,Chips,0.74,Aisle 4 - Bin 7
9357,Re-contextualized interactive  Box,Cookies,2.98,Aisle 2 - Bin 9
3450,Optional 24/7 installation Can,Cookies,4.08,Aisle 3 - Bin 2
1287,Profit-focused 24/7 secured li Box,Cookies,3.41,Aisle 4 - Bin 8
6816,Digitized national methodology Box,Energy Drinks,2.41,Aisle 2 - Bin 2
7893,Re-engineered client-driven al Bar,Cookies,4.67,Aisle 2 - Bin 9
3581,Advanced context-sensitive sof Bottle,Chips,2.71,Aisle 3 - Bin 2
7881,Streamlined eco-centric adapte Box,Juice,0.74,Aisle 5 - Bin 9
7537,Optional reciprocal knowledgeb Bar,Energy Drinks,1.38,Aisle 3 - Bin 5
22,Multi-tiered system-worthy fra Bar,Energy Drinks,3.49,Aisle 4 - Bin 2
4100,Implemented multimedia framewo Bottle,Chips,1.51,Aisle 4 - Bin 7
482,User-friendly tangible collabo Bottle,Health Food,1.37,Aisle 1 - Bin 1
6964,Managed modular groupware Bottle,Energy Drinks,2.64,Aisle 5 - Bin 9
8482,Persistent systematic website Can,Health Food,1.1,Aisle 4 - Bin 4
8912,Exclusive 4thgeneration adapte Pack,Energy Drinks,4.76,Aisle 3 - Bin 2
9862,Exclusive analyzing budgetary  Box,Snack,3.75,Aisle 4 - Bin 2
1213,Exclusive interactive process  Bar,Energy Drinks,4.4,Aisle 4 - Bin 2
8701,Digitized asynchronous matrix Pack,Energy Drinks,4.02,Aisle 5 - Bin 9
5766,Re-engineered empowering succe Box,Water,0.87,Aisle 3 - Bin 2
6468,Optimized eco-centric implemen Box,Cookies,1.47,Aisle 5 - Bin 9
6037,Team-oriented secondary parall Can,Beverage,2.73,Aisle 5 - Bin 6
9284,Re-engineered needs-based atti Can,Chips,1.73,Aisle 3 - Bin 4
7413,Balanced eco-centric standardi Bottle,Juice,2.68,Aisle 2 - Bin 7
4644,Cloned neutral forecast Can,Beverage,2.56,Aisle 2 - Bin 1
5960,Persevering foreground synergy Pack,Cookies,1.29,Aisle 2 - Bin 6
360,Cross-platform leadingedge ope Box,Beverage,0.68,Aisle 5 - Bin 9
2075,Switchable static matrices Can,Beverage,2.5,Aisle 2 - Bin 2
7682,Distributed multimedia product Bar,Chips,4.0,Aisle 3 - Bin 5
981,Multi-tiered hybrid moratorium Pack,Water,3.85,Aisle 5 - Bin 9
7938,Public-key logistical algorith Bar,Soda,4.23,Aisle 3 - Bin 4
1663,Switchable 24hour Internet sol Can,Energy Drinks,3.85,Aisle 5 - Bin 3
6074,Reactive local website Bottle,Candy,2.99,Aisle 5 - Bin 9
9244,Stand-alone 4thgeneration time Box,Beverage,4.83,Aisle 4 - Bin 8
8731,Synergistic local contingency Bottle,Juice,2.83,Aisle 1 - Bin 9
5599,Polarized interactive toolset Pack,Water,0.97,Aisle 2 - Bin 6
9144,Optional stable task-force Bottle,Soda,4.34,Aisle 5 - Bin 9
5650,Sharable global moderator Box,Snack,2.52,Aisle 3 - Bin 2
8602,Diverse transitional open arch Pack,Candy,1.5,Aisle 3 - Bin 5
7050,Centralized real-time support Bar,Water,0.55,Aisle 5 - Bin 9
7683,Pre-emptive full-range solutio Can,Energy Drinks,4.1,Aisle 5 - Bin 9
1567,Function-based non-volatile In Bottle,Chips,2.11,Aisle 3 - Bin 2
8591,Monitored eco-centric complexi Can,Snack,3.5,Aisle 5 - Bin 9
1009,Open-architected background st Bottle,Soda,3.29,Aisle 2 - Bin 7
720,Fundamental stable algorithm Box,Chips,3.94,Aisle 1 - Bin 9
1706,Expanded heuristic budgetary m Bar,Snack,3.04,Aisle 3 - Bin 2
7617,Quality-focused cohesive Inter Pack,Water,1.82,Aisle 1 - Bin 10
8154,Proactive dynamic leverage Bottle,Snack,0.95,Aisle 4 - Bin 7
8721,Cloned eco-centric success Bar,Health Food,3.86,Aisle 4 - Bin 8
7438,Pre-emptive foreground system  Pack,Cookies,1.36,Aisle 3 - Bin 4
8329,Robust bifurcated capability Bar,Juice,2.54,Aisle 4 - Bin 4
8427,Synergized content-based capac Box,Cookies,4.84,Aisle 1 - Bin 1
4711,Assimilated optimizing archive Bar,Water,3.66,Aisle 2 - Bin 9
8182,Organized bottom-line emulatio Can,Juice,2.53,Aisle 3 - Bin 2
3542,User-centric mission-critical  Box,Water,2.78,Aisle 1 - Bin 1
2261,Open-source neutral process im Pack,Cookies,2.5,Aisle 4 - Bin 2
434,Up-sized reciprocal product Pack,Chips,3.95,Aisle 4 - Bin 7
8917,Fundamental multi-tasking util Bar,Water,1.14,Aisle 2 - Bin 1
5896,Switchable context-sensitive a Can,Water,2.86,Aisle 4 - Bin 2
9265,Advanced motivating moratorium Pack,Cookies,1.37,Aisle 5 - Bin 9
3409,Centralized zero tolerance int Can,Water,4.57,Aisle 1 - Bin 9
2487,Distributed dedicated encoding Can,Cookies,0.97,Aisle 2 - Bin 7
4994,Pre-emptive client-server matr Bottle,Candy,2.49,Aisle 4 - Bin 7
9605,Extended national customer loy Bottle,Water,4.06,Aisle 2 - Bin 6
3980,Open-source empowering flexibi Pack,Energy Drinks,3.58,Aisle 5 - Bin 6
1969,Integrated tangible complexity Box,Soda,3.57,Aisle 5 - Bin 9
4800,Customer-focused mission-criti Bottle,Snack,3.81,Aisle 3 - Bin 5
5067,Mandatory maximized archive Box,Soda,2.97,Aisle 4 - Bin 4
4103,Customizable exuding leverage Bottle,Health Food,3.31,Aisle 2 - Bin 1
5100,Enterprise-wide intermediate i Can,Juice,3.24,Aisle 1 - Bin 10
8439,Progressive 6thgeneration mora Bar,Beverage,3.93,Aisle 2 - Bin 9
8017,Operative intermediate access Pack,Cookies,3.79,Aisle 2 - Bin 9
6167,Function-based interactive ser Can,Soda,4.67,Aisle 3 - Bin 2
1859,Robust fresh-thinking definiti Pack,Water,3.74,Aisle 5 - Bin 9
1232,Multi-channeled multi-state pr Box,Chips,4.96,Aisle 3 - Bin 2
8723,Multi-lateral client-server fo Pack,Candy,2.39,Aisle 5 - Bin 9
563,Virtual client-server infrastr Bottle,Water,2.71,Aisle 5 - Bin 3
9329,Reactive 6thgeneration paralle Pack,Soda,4.12,Aisle 5 - Bin 3
4899,Switchable grid-enabled policy Pack,Juice,2.23,Aisle 3 - Bin 4
5914,Organic asynchronous throughpu Bar,Beverage,2.91,Aisle 3 - Bin 2
7787,Customizable 6thgeneration ser Box,Cookies,2.7,Aisle 2 - Bin 9
2306,Cloned motivating Graphic Inte Pack,Beverage,3.28,Aisle 1 - Bin 9
35,Realigned composite moratorium Box,Juice,2.79,Aisle 2 - Bin 2
2728,Mandatory zero tolerance conce Bar,Health Food,0.8,Aisle 4 - Bin 8
3260,Proactive hybrid protocol Pack,Health Food,2.16,Aisle 4 - Bin 4
2649,Inverse tangible adapter Can,Soda,0.85,Aisle 4 - Bin 7
7234,Centralized explicit system en Can,Snack,2.35,Aisle 2 - Bin 6
565,Exclusive fault-tolerant conti Pack,Water,0.62,Aisle 5 - Bin 6
9563,Configurable dynamic budgetary Box,Health Food,4.51,Aisle 5 - Bin 3
3388,Right-sized interactive capaci Box,Soda,3.6,Aisle 4 - Bin 7
7993,Persistent global application Bar,Soda,4.77,Aisle 1 - Bin 9
426,Assimilated well-modulated fra Pack,Energy Drinks,3.16,Aisle 4 - Bin 4
8892,Grass-roots impactful moderato Can,Chips,3.19,Aisle 5 - Bin 3
222,Profound static implementation Can,Energy Drinks,1.82,Aisle 4 - Bin 7
200,Organized dedicated workforce Box,Beverage,3.25,Aisle 4 - Bin 7
7536,Re-contextualized optimal poli Box,Health Food,1.09,Aisle 5 - Bin 3
5851,Customizable zero-defect softw Bottle,Chips,1.7,Aisle 3 - Bin 2
7791,Configurable foreground pricin Bottle,Soda,4.22,Aisle 5 - Bin 9
5720,User-friendly leadingedge alli Box,Cookies,1.81,Aisle 5 - Bin 9
4927,Enterprise-wide explicit produ Can,Cookies,4.08,Aisle 1 - Bin 9
6722,Compatible bandwidth-monitored Pack,Health Food,4.6,Aisle 5 - Bin 6
117,Optimized tertiary website Box,Water,4.15,Aisle 4 - Bin 4
2281,Function-based analyzing frame Can,Water,2.18,Aisle 2 - Bin 6
5640,Reactive regional Graphical Us Bar,Cookies,1.45,Aisle 3 - Bin 2
6101,Triple-buffered bifurcated hie Bottle,Health Food,2.21,Aisle 5 - Bin 9
7574,Persistent human-resource intr Bar,Energy Drinks,2.65,Aisle 1 - Bin 9
732,Triple-buffered cohesive emula Bar,Health Food,3.1,Aisle 5 - Bin 3
3934,Reverse-engineered asymmetric  Can,Juice,2.91,Aisle 2 - Bin 1
4851,Fully-configurable maximized p Box,Beverage,0.58,Aisle 1 - Bin 10
8083,Exclusive intangible synergy Pack,Health Food,4.07,Aisle 2 - Bin 2
7475,Customizable eco-centric extra Bar,Energy Drinks,1.39,Aisle 3 - Bin 2
7668,Fully-configurable homogeneous Can,Energy Drinks,1.01,Aisle 2 - Bin 1
8844,Proactive non-volatile portal Bar,Soda,1.68,Aisle 1 - Bin 9
1221,Streamlined heuristic service- Pack,Energy Drinks,1.78,Aisle 2 - Bin 6
2456,Object-based human-resource ci Bottle,Snack,2.15,Aisle 5 - Bin 9
6450,Phased solution-oriented appro Pack,Snack,1.48,Aisle 2 - Bin 7
5863,Multi-tiered heuristic process Bottle,Candy,2.58,Aisle 2 - Bin 7
4466,Function-based 4thgeneration f Can,Health Food,1.72,Aisle 1 - Bin 9
2444,Operative incremental open sys Bar,Beverage,4.85,Aisle 3 - Bin 4
6025,Profound impactful database Box,Cookies,2.92,Aisle 5 - Bin 9
8408,Down-sized needs-based capacit Pack,Cookies,3.61,Aisle 3 - Bin 2
3998,Synergistic national model Pack,Chips,4.45,Aisle 2 - Bin 6
8360,Polarized background structure Bar,Beverage,1.38,Aisle 5 - Bin 9
2589,Digitized high-level architect Bar,Beverage,4.92,Aisle 3 - Bin 2
4781,Multi-layered maximized comple Can,Juice,2.9,Aisle 2 - Bin 9
869,Down-sized hybrid approach Bottle,Health Food,3.49,Aisle 4 - Bin 4
1056,Configurable modular emulation Box,Juice,3.16,Aisle 4 - Bin 4
3424,Inverse static projection Box,Health Food,4.7,Aisle 5 - Bin 9
7628,User-centric stable time-frame Bottle,Chips,1.71,Aisle 2 - Bin 6
5934,Operative multi-state frame Bar,Water,3.95,Aisle 5 - Bin 9
436,Centralized 6thgeneration atti Pack,Chips,3.13,Aisle 1 - Bin 9
4322,Re-engineered encompassing sof Can,Beverage,3.7,Aisle 1 - Bin 10
8540,Future-proofed fault-tolerant  Can,Water,0.91,Aisle 1 - Bin 9
4027,Versatile user-facing Internet Box,Soda,4.08,Aisle 2 - Bin 1
6991,Vision-oriented modular budget Bar,Water,3.1,Aisle 1 - Bin 9
7360,Multi-layered non-volatile cha Bottle,Health Food,1.11,Aisle 2 - Bin 6
326,Object-based holistic function Can,Cookies,1.7,Aisle 5 - Bin 6
4951,Optional clear-thinking utiliz Bar,Water,4.78,Aisle 2 - Bin 2
4590,Streamlined actuating model Box,Energy Drinks,4.34,Aisle 3 - Bin 5
3359,Digitized incremental hub Bottle,Energy Drinks,1.44,Aisle 3 - Bin 2
9448,Balanced value-added customer  Can,Energy Drinks,1.05,Aisle 5 - Bin 6
5901,Secured leadingedge hardware Can,Candy,4.84,Aisle 2 - Bin 9
7835,Enterprise-wide 4thgeneration  Bottle,Beverage,4.09,Aisle 5 - Bin 9
247,Cross-platform attitude-orient Bar,Candy,0.76,Aisle 3 - Bin 2
596,Multi-tiered encompassing supe Can,Snack,2.79,Aisle 4 - Bin 8
9079,Customizable next generation l Pack,Snack,3.53,Aisle 4 - Bin 4
6186,Operative background complexit Can,Snack,3.67,Aisle 5 - Bin 3
2554,Stand-alone system-worthy arti Box,Beverage,4.69,Aisle 2 - Bin 7
4733,Reverse-engineered value-added Bottle,Health Food,1.1,Aisle 5 - Bin 9
3225,Operative background portal Pack,Health Food,2.12,Aisle 2 - Bin 6
1821,Cross-group holistic emulation Bar,Energy Drinks,3.35,Aisle 3 - Bin 5
9090,Expanded methodical implementa Bar,Water,2.24,Aisle 3 - Bin 5
1699,Vision-oriented tertiary matri Can,Snack,1.02,Aisle 3 - Bin 5
207,Implemented bottom-line algori Pack,Health Food,3.83,Aisle 5 - Bin 6
1344,Persevering client-driven arti Pack,Beverage,0.54,Aisle 1 - Bin 9
8347,Organized mission-critical sup Bar,Water,1.83,Aisle 4 - Bin 8
9995,Reverse-engineered solution-or Can,Cookies,0.52,Aisle 4 - Bin 8
9193,Ergonomic regional customer lo Bar,Snack,4.16,Aisle 5 - Bin 9
9222,Organized content-based hub Bar,Juice,4.5,Aisle 1 - Bin 1
3496,Open-architected client-driven Bottle,Chips,3.97,Aisle 3 - Bin 4
4263,User-centric intermediate conc Can,Water,0.66,Aisle 1 - Bin 10
6709,De-engineered hybrid support Pack,Juice,1.34,Aisle 4 - Bin 8
7823,Business-focused dedicated fun Pack,Energy Drinks,3.13,Aisle 5 - Bin 9
6311,Multi-tiered encompassing grou Bar,Beverage,0.73,Aisle 3 - Bin 2
6898,Virtual multimedia forecast Can,Water,2.41,Aisle 4 - Bin 4
1966,Right-sized systemic time-fram Pack,Beverage,2.37,Aisle 4 - Bin 4
8753,Down-sized context-sensitive c Pack,Health Food,1.53,Aisle 2 - Bin 9
2465,Self-enabling asynchronous mat Bottle,Candy,2.25,Aisle 5 - Bin 3
9947,Total well-modulated groupware Box,Energy Drinks,4.67,Aisle 4 - Bin 8
7351,Expanded static definition Bottle,Water,3.17,Aisle 5 - Bin 6
5085,Automated grid-enabled hierarc Bar,Water,1.37,Aisle 5 - Bin 3
4510,Customer-focused systemic capa Pack,Energy Drinks,2.53,Aisle 3 - Bin 4
9368,Reduced next generation workfo Bottle,Beverage,3.79,Aisle 2 - Bin 9
2437,Re-engineered mission-critical Pack,Cookies,0.51,Aisle 1 - Bin 1
8116,Programmable methodical algori Bottle,Cookies,2.08,Aisle 2 - Bin 2
1376,Phased solution-oriented super Box,Health Food,2.64,Aisle 5 - Bin 3
1802,Cloned web-enabled throughput Can,Soda,3.65,Aisle 1 - Bin 1
251,Progressive web-enabled Graphi Bottle,Beverage,4.25,Aisle 2 - Bin 2
1922,Open-architected user-facing a Pack,Beverage,3.73,Aisle 5 - Bin 9
7228,Optional non-volatile implemen Pack,Water,3.3,Aisle 4 - Bin 7
5181,Inverse logistical task-force Pack,Chips,4.07,Aisle 2 - Bin 2
9132,Automated cohesive productivit Can,Candy,4.48,Aisle 4 - Bin 4
9834,Triple-buffered dedicated appr Bottle,Chips,1.43,Aisle 5 - Bin 6
2080,Grass-roots hybrid concept Box,Water,2.89,Aisle 2 - Bin 1
523,Profound actuating solution Bar,Soda,4.3,Aisle 5 - Bin 9
2798,Reverse-engineered modular sys Box,Water,0.62,Aisle 3 - Bin 5
4130,Centralized intangible project Bar,Beverage,4.75,Aisle 2 - Bin 9
2548,Focused object-oriented abilit Pack,Soda,2.1,Aisle 4 - Bin 2
859,Persistent contextually-based  Pack,Juice,1.78,Aisle 4 - Bin 4
5172,Integrated regional policy Pack,Snack,4.44,Aisle 2 - Bin 9
4196,Re-contextualized discrete arc Pack,Health Food,3.87,Aisle 2 - Bin 2
3025,Re-engineered real-time morato Box,Energy Drinks,1.0,Aisle 1 - Bin 9
1473,Streamlined contextually-based Pack,Energy Drinks,0.82,Aisle 5 - Bin 6
2985,Implemented needs-based attitu Box,Beverage,1.45,Aisle 4 - Bin 8
1497,Quality-focused explicit defin Bar,Water,0.89,Aisle 2 - Bin 1
5791,Polarized national matrix Bar,Water,4.18,Aisle 3 - Bin 5
89,Right-sized hybrid hardware Bottle,Energy Drinks,4.93,Aisle 5 - Bin 9
3819,Function-based tangible attitu Bottle,Energy Drinks,3.84,Aisle 3 - Bin 4
7916,Down-sized foreground continge Can,Candy,2.72,Aisle 5 - Bin 3
1340,Progressive well-modulated ser Bottle,Beverage,3.35,Aisle 5 - Bin 9
5235,Managed client-driven archive Box,Water,1.75,Aisle 4 - Bin 8
4353,Networked holistic instruction Pack,Chips,1.07,Aisle 5 - Bin 9
617,Cross-platform heuristic colla Bar,Soda,4.06,Aisle 3 - Bin 5
2237,Synergistic impactful open sys Bottle,Energy Drinks,1.77,Aisle 1 - Bin 10
8560,Total upward-trending website Can,Snack,2.29,Aisle 2 - Bin 2
7696,Switchable logistical forecast Can,Candy,3.15,Aisle 4 - Bin 2
3110,Organic non-volatile applicati Bottle,Energy Drinks,1.96,Aisle 1 - Bin 1
5143,Synergistic didactic access Bottle,Water,2.02,Aisle 2 - Bin 6
7907,Managed value-added access Pack,Soda,3.3,Aisle 5 - Bin 9
6485,Re-contextualized stable Graph Can,Beverage,1.49,Aisle 4 - Bin 7
1391,Optional client-server support Bar,Candy,3.28,Aisle 3 - Bin 5
8363,Extended cohesive service-desk Bar,Chips,3.82,Aisle 1 - Bin 10
2068,Business-focused discrete init Bar,Snack,1.1,Aisle 1 - Bin 10
8790,Face-to-face demand-driven ben Bottle,Water,4.36,Aisle 5 - Bin 9
277,Profound empowering interface Bar,Water,4.38,Aisle 2 - Bin 7
8303,Synchronized solution-oriented Pack,Chips,1.97,Aisle 3 - Bin 5
6692,Innovative clear-thinking supe Bottle,Soda,3.62,Aisle 4 - Bin 7
7503,Cloned 24/7 budgetary manageme Pack,Energy Drinks,1.77,Aisle 2 - Bin 6
906,Versatile bifurcated archive Bottle,Chips,4.75,Aisle 5 - Bin 6
7385,Synchronized background task-f Can,Candy,2.15,Aisle 5 - Bin 9
3277,Upgradable web-enabled toolset Box,Health Food,2.34,Aisle 3 - Bin 4
8471,Organic needs-based architectu Pack,Beverage,1.41,Aisle 1 - Bin 10
146,Front-line object-oriented sup Box,Beverage,2.4,Aisle 5 - Bin 9
6169,Virtual mobile architecture Pack,Health Food,2.87,Aisle 5 - Bin 3
9229,Automated optimizing throughpu Bottle,Cookies,2.82,Aisle 5 - Bin 3
503,Decentralized discrete Interne Bar,Snack,2.2,Aisle 4 - Bin 4
4437,Persevering multi-tasking comp Bar,Beverage,3.77,Aisle 4 - Bin 8
355,Reactive upward-trending funct Box,Beverage,4.42,Aisle 2 - Bin 2
2880,Fundamental 3rdgeneration impl Box,Soda,4.31,Aisle 2 - Bin 9
1789,Intuitive analyzing groupware Bottle,Juice,2.72,Aisle 4 - Bin 4
4979,Quality-focused maximized anal Pack,Health Food,1.18,Aisle 4 - Bin 4
3482,Visionary reciprocal portal Bottle,Soda,2.77,Aisle 2 - Bin 9
7856,User-centric intangible workfo Bar,Energy Drinks,2.38,Aisle 3 - Bin 4
1496,Front-line bottom-line Local A Box,Cookies,2.05,Aisle 5 - Bin 9
2797,Assimilated modular adapter Pack,Chips,3.21,Aisle 5 - Bin 9
1738,Multi-layered didactic core Bar,Juice,3.91,Aisle 5 - Bin 9
2334,Ergonomic system-worthy synerg Bottle,Energy Drinks,2.56,Aisle 2 - Bin 6
2868,Robust bottom-line architectur Can,Cookies,1.04,Aisle 4 - Bin 7
1775,Upgradable 3rdgeneration initi Box,Soda,0.57,Aisle 3 - Bin 5
1998,Profound local flexibility Bar,Juice,2.05,Aisle 4 - Bin 2
353,Assimilated static utilization Bar,Water,0.53,Aisle 3 - Bin 5
9191,Front-line high-level collabor Bottle,Soda,4.21,Aisle 3 - Bin 5
3817,Monitored full-range array Bar,Cookies,0.83,Aisle 5 - Bin 9
4356,Expanded local toolset Pack,Chips,1.39,Aisle 2 - Bin 7
1458,Operative executive budgetary  Bottle,Juice,4.98,Aisle 1 - Bin 10
4357,Persistent 24hour parallelism Can,Health Food,2.45,Aisle 4 - Bin 7
5700,Automated object-oriented supe Bottle,Water,3.17,Aisle 3 - Bin 4
1831,Innovative tertiary Local Area Bar,Soda,0.74,Aisle 2 - Bin 7
7804,Total real-time matrix Box,Juice,2.42,Aisle 3 - Bin 2
9579,User-centric solution-oriented Pack,Beverage,0.93,Aisle 1 - Bin 1
8076,Switchable real-time website Bar,Candy,3.23,Aisle 2 - Bin 1
8130,Automated human-resource help- Box,Cookies,1.62,Aisle 4 - Bin 2
4873,Multi-tiered exuding workforce Box,Water,2.57,Aisle 1 - Bin 9
5070,Synergized analyzing flexibili Box,Soda,3.87,Aisle 1 - Bin 10
1597,Decentralized composite synerg Bottle,Candy,3.93,Aisle 4 - Bin 4
331,Reactive optimal approach Box,Energy Drinks,2.32,Aisle 3 - Bin 5
5231,Upgradable impactful focus gro Pack,Juice,3.96,Aisle 3 - Bin 2
3509,Streamlined stable software Box,Juice,4.34,Aisle 1 - Bin 1
2604,Reactive context-sensitive sup Can,Energy Drinks,2.08,Aisle 1 - Bin 1
3519,Progressive global emulation Bar,Beverage,4.31,Aisle 2 - Bin 2
3217,Horizontal stable website Pack,Cookies,1.13,Aisle 1 - Bin 9
4932,Multi-channeled holistic infra Pack,Candy,3.33,Aisle 2 - Bin 9
1186,Adaptive eco-centric encryptio Pack,Energy Drinks,3.62,Aisle 5 - Bin 3
8450,Phased 6thgeneration matrices Pack,Soda,4.58,Aisle 5 - Bin 9
5709,Multi-tiered holistic hub Can,Chips,2.96,Aisle 2 - Bin 1
1317,Enterprise-wide modular suppor Box,Soda,1.23,Aisle 1 - Bin 10
926,Secured fault-tolerant instruc Pack,Chips,1.28,Aisle 4 - Bin 4
3331,Multi-layered content-based co Bottle,Juice,1.92,Aisle 2 - Bin 2
5875,Inverse disintermediate proces Box,Juice,4.63,Aisle 2 - Bin 6
238,Function-based optimizing know Box,Health Food,4.17,Aisle 4 - Bin 7
3668,Monitored dedicated Graphical  Pack,Health Food,2.47,Aisle 1 - Bin 10
704,Managed tertiary toolset Can,Beverage,4.95,Aisle 5 - Bin 3
1227,Public-key foreground alliance Bottle,Candy,2.81,Aisle 2 - Bin 1
3733,Organized composite forecast Bar,Soda,3.32,Aisle 2 - Bin 9
3905,Inverse background hardware Bar,Energy Drinks,0.74,Aisle 4 - Bin 7
3219,Implemented intermediate circu Box,Beverage,4.46,Aisle 2 - Bin 2
9695,Persevering asymmetric access Box,Candy,2.86,Aisle 5 - Bin 9
9852,Progressive 24hour pricing str Pack,Juice,1.43,Aisle 5 - Bin 9
3589,Decentralized non-volatile arc Bar,Chips,3.71,Aisle 5 - Bin 3
9421,Face-to-face systemic moratori Can,Chips,4.84,Aisle 1 - Bin 10
1878,Phased intermediate capability Box,Cookies,2.57,Aisle 1 - Bin 9
9175,Realigned explicit Internet so Bar,Water,4.95,Aisle 5 - Bin 9
3978,Right-sized hybrid support Bar,Cookies,3.27,Aisle 2 - Bin 2
1349,Assimilated client-server para Bar,Candy,4.4,Aisle 3 - Bin 2
4958,Object-based homogeneous encry Bar,Candy,0.63,Aisle 1 - Bin 1
4695,Vision-oriented stable task-fo Bottle,Candy,3.96,Aisle 5 - Bin 9
6240,Extended scalable firmware Box,Candy,2.74,Aisle 2 - Bin 1
8554,Multi-tiered executive data-wa Bottle,Water,3.81,Aisle 5 - Bin 6
7447,Ergonomic explicit open archit Pack,Soda,0.6,Aisle 1 - Bin 9
7600,Function-based 24hour leverage Box,Snack,2.88,Aisle 1 - Bin 10
3004,Configurable dynamic info-medi Bottle,Energy Drinks,4.25,Aisle 2 - Bin 6
1676,Versatile multi-state process  Bottle,Health Food,2.18,Aisle 5 - Bin 9
3638,Reverse-engineered heuristic a Box,Snack,3.31,Aisle 1 - Bin 1
3874,Pre-emptive modular paradigm Box,Health Food,4.08,Aisle 5 - Bin 9
6395,Front-line contextually-based  Bar,Cookies,1.97,Aisle 5 - Bin 9
1093,Switchable logistical middlewa Bar,Energy Drinks,4.52,Aisle 3 - Bin 5
9022,Progressive solution-oriented  Can,Chips,4.37,Aisle 3 - Bin 4
5385,Self-enabling encompassing par Box,Chips,0.94,Aisle 4 - Bin 7
415,Programmable multi-state group Bottle,Candy,1.13,Aisle 5 - Bin 9
7793,Fundamental executive capacity Can,Snack,0.96,Aisle 2 - Bin 1
4614,Enterprise-wide needs-based co Pack,Juice,1.3,Aisle 2 - Bin 9
2881,Configurable actuating migrati Can,Juice,2.8,Aisle 4 - Bin 8
3618,Diverse 6thgeneration knowledg Box,Health Food,2.5,Aisle 4 - Bin 4
1683,Devolved logistical paradigm Can,Energy Drinks,1.81,Aisle 5 - Bin 9
45,Ergonomic demand-driven Local  Can,Snack,1.1,Aisle 5 - Bin 9
4292,Synergistic holistic structure Can,Cookies,2.25,Aisle 2 - Bin 6
8681,Networked demand-driven proces Can,Candy,4.06,Aisle 5 - Bin 6
3884,Devolved disintermediate datab Can,Cookies,3.41,Aisle 5 - Bin 3
5306,Integrated bifurcated website Pack,Soda,1.11,Aisle 1 - Bin 1
6207,Monitored leadingedge capabili Bar,Snack,5.0,Aisle 4 - Bin 7
8609,Visionary grid-enabled hierarc Box,Beverage,1.15,Aisle 3 - Bin 4
3318,Self-enabling web-enabled arch Bar,Cookies,4.32,Aisle 5 - Bin 3
6438,Virtual full-range frame Bar,Beverage,4.73,Aisle 1 - Bin 9
5927,Optional dedicated structure Bar,Snack,2.85,Aisle 1 - Bin 10
9273,Switchable bandwidth-monitored Bottle,Cookies,2.2,Aisle 1 - Bin 9
8688,Right-sized optimizing middlew Bar,Candy,0.97,Aisle 4 - Bin 2
7333,Assimilated regional challenge Box,Water,3.9,Aisle 1 - Bin 1
6675,Multi-channeled eco-centric fl Box,Snack,2.2,Aisle 3 - Bin 5
3366,Virtual transitional time-fram Bottle,Health Food,1.43,Aisle 5 - Bin 9
4342,Networked grid-enabled through Pack,Health Food,3.78,Aisle 1 - Bin 1
688,Right-sized responsive budgeta Box,Snack,0.79,Aisle 2 - Bin 7
7149,Polarized empowering complexit Box,Beverage,1.33,Aisle 1 - Bin 9
40,Persistent empowering algorith Pack,Health Food,1.81,Aisle 1 - Bin 9
4518,Customizable coherent website Bar,Beverage,3.89,Aisle 2 - Bin 6
915,Cross-platform 24/7 moratorium Bar,Chips,1.9,Aisle 5 - Bin 3
2436,Open-architected real-time par Bottle,Beverage,2.32,Aisle 2 - Bin 6
4087,Customer-focused homogeneous p Bottle,Chips,3.72,Aisle 2 - Bin 2
684,Fully-configurable coherent su Bottle,Health Food,4.45,Aisle 5 - Bin 9
8851,Operative solution-oriented he Can,Soda,4.69,Aisle 1 - Bin 10
6107,Adaptive upward-trending analy Bar,Snack,4.44,Aisle 4 - Bin 7
6351,Team-oriented logistical data- Can,Beverage,0.61,Aisle 2 - Bin 2
9409,Exclusive encompassing applica Can,Candy,3.73,Aisle 4 - Bin 4
2337,Advanced national paradigm Box,Chips,4.33,Aisle 5 - Bin 9
1865,Innovative 5thgeneration initi Bottle,Energy Drinks,3.27,Aisle 2 - Bin 7
9417,Adaptive foreground product Pack,Energy Drinks,3.47,Aisle 3 - Bin 5
5122,Open-architected multi-state c Bottle,Snack,2.39,Aisle 2 - Bin 6
3455,Re-contextualized radical migr Box,Beverage,2.93,Aisle 5 - Bin 9
4355,Horizontal motivating emulatio Can,Energy Drinks,1.04,Aisle 5 - Bin 3
2525,Face-to-face attitude-oriented Bar,Cookies,1.72,Aisle 5 - Bin 9
5294,Reverse-engineered global data Box,Water,3.72,Aisle 2 - Bin 2
7308,Vision-oriented 4thgeneration  Pack,Cookies,0.86,Aisle 4 - Bin 8
2763,Organic contextually-based lev Box,Water,3.2,Aisle 2 - Bin 6
882,Expanded regional solution Box,Candy,3.57,Aisle 5 - Bin 9
7673,Team-oriented mission-critical Pack,Juice,3.89,Aisle 5 - Bin 6
1943,Centralized upward-trending hu Box,Chips,3.49,Aisle 2 - Bin 9
5686,Cross-group scalable policy Box,Snack,0.63,Aisle 1 - Bin 10
8015,Programmable dynamic capacity Can,Water,2.4,Aisle 2 - Bin 7
2170,Synergistic neutral core Pack,Soda,3.7,Aisle 5 - Bin 6
7216,Multi-lateral non-volatile too Can,Snack,2.28,Aisle 4 - Bin 7
8405,Sharable empowering array Can,Candy,4.83,Aisle 1 - Bin 9
7971,Implemented executive project Bar,Beverage,0.68,Aisle 1 - Bin 1
5446,Exclusive dynamic task-force Box,Cookies,3.87,Aisle 3 - Bin 2
1456,Function-based bi-directional  Can,Juice,4.25,Aisle 4 - Bin 2
4448,Managed well-modulated model Bar,Beverage,1.74,Aisle 2 - Bin 6
3900,Reverse-engineered radical mat Pack,Snack,2.36,Aisle 4 - Bin 4
4865,Sharable fresh-thinking abilit Box,Soda,0.81,Aisle 5 - Bin 9
1799,Networked demand-driven neural Box,Energy Drinks,1.48,Aisle 3 - Bin 2
6394,Team-oriented scalable archite Bottle,Snack,4.52,Aisle 5 - Bin 9
7281,Grass-roots disintermediate se Bottle,Energy Drinks,1.66,Aisle 2 - Bin 9
6275,Automated needs-based emulatio Pack,Chips,3.38,Aisle 1 - Bin 1
2665,Optimized encompassing moderat Bar,Beverage,2.58,Aisle 5 - Bin 9
6900,Face-to-face hybrid encryption Can,Energy Drinks,2.68,Aisle 3 - Bin 4
532,User-centric dedicated attitud Bar,Candy,1.89,Aisle 4 - Bin 4
9270,Operative leadingedge core Bar,Energy Drinks,0.87,Aisle 4 - Bin 8
2792,Re-contextualized 24/7 databas Can,Soda,0.61,Aisle 2 - Bin 1
3672,Assimilated eco-centric parall Can,Beverage,2.99,Aisle 5 - Bin 9
6465,Implemented solution-oriented  Box,Water,2.38,Aisle 2 - Bin 7
7879,Profit-focused foreground emul Box,Snack,1.22,Aisle 1 - Bin 9
7321,Up-sized optimal service-desk Bar,Energy Drinks,3.79,Aisle 5 - Bin 9
2260,Advanced fresh-thinking servic Box,Candy,2.08,Aisle 3 - Bin 4
5113,Function-based foreground fore Box,Water,0.75,Aisle 3 - Bin 4
6126,Streamlined 5thgeneration para Box,Juice,2.95,Aisle 3 - Bin 4
6291,Cross-group directional allian Pack,Candy,4.66,Aisle 5 - Bin 9
4408,Inverse intangible ability Box,Energy Drinks,0.53,Aisle 5 - Bin 9
6568,Multi-lateral disintermediate  Can,Health Food,4.16,Aisle 4 - Bin 4
2736,Synchronized leadingedge servi Can,Beverage,0.79,Aisle 3 - Bin 4
6106,Stand-alone heuristic system e Pack,Chips,4.81,Aisle 1 - Bin 9
3170,Synchronized real-time morator Bar,Soda,2.44,Aisle 1 - Bin 9
5079,Synergistic needs-based utiliz Can,Water,4.19,Aisle 5 - Bin 6
4102,Ameliorated fresh-thinking int Bar,Juice,0.92,Aisle 4 - Bin 8
3497,Reduced upward-trending protoc Pack,Health Food,4.12,Aisle 3 - Bin 4
3184,Assimilated tangible project Bottle,Cookies,1.59,Aisle 5 - Bin 3
7860,Digitized local leverage Bottle,Water,4.95,Aisle 2 - Bin 7
4463,Re-contextualized 4thgeneratio Bottle,Soda,3.65,Aisle 1 - Bin 10
2422,Upgradable didactic core Box,Snack,3.63,Aisle 3 - Bin 5
9186,Distributed actuating emulatio Can,Energy Drinks,3.27,Aisle 4 - Bin 8
9258,Exclusive demand-driven instru Bottle,Juice,1.75,Aisle 4 - Bin 7
4104,Programmable upward-trending o Can,Water,0.9,Aisle 3 - Bin 2
7679,Intuitive modular time-frame Box,Cookies,1.84,Aisle 3 - Bin 2
5013,Progressive actuating neural-n Can,Energy Drinks,1.73,Aisle 2 - Bin 9
2954,Synchronized multi-state monit Pack,Beverage,3.71,Aisle 4 - Bin 8
2793,Optimized needs-based definiti Box,Juice,4.06,Aisle 2 - Bin 6
3591,Cloned real-time portal Bottle,Health Food,1.56,Aisle 1 - Bin 10
5562,Exclusive secondary synergy Bar,Energy Drinks,1.84,Aisle 2 - Bin 6
9534,Universal mission-critical tas Bar,Candy,1.28,Aisle 4 - Bin 4
544,Ergonomic content-based archit Box,Beverage,2.86,Aisle 5 - Bin 6
1187,Public-key scalable monitoring Bottle,Beverage,1.64,Aisle 2 - Bin 1
6267,Synergistic zero tolerance app Bar,Snack,0.76,Aisle 3 - Bin 4
1124,Networked optimal matrix Box,Juice,0.56,Aisle 5 - Bin 9
9097,Expanded discrete throughput Bar,Health Food,4.21,Aisle 3 - Bin 2
5657,Diverse national emulation Pack,Energy Drinks,4.67,Aisle 2 - Bin 6
6110,Fundamental systematic website Box,Juice,2.52,Aisle 5 - Bin 3
3611,Devolved bi-directional Graphi Pack,Chips,1.04,Aisle 4 - Bin 7
2785,Cross-platform high-level focu Box,Juice,2.61,Aisle 4 - Bin 4
3396,Polarized executive product Bottle,Chips,3.63,Aisle 2 - Bin 7
480,User-friendly motivating proce Bottle,Energy Drinks,2.72,Aisle 1 - Bin 10
4105,Horizontal maximized concept Pack,Chips,1.58,Aisle 5 - Bin 3
2112,Vision-oriented zero administr Can,Snack,3.26,Aisle 1 - Bin 10
4291,Proactive scalable flexibility Bar,Chips,1.04,Aisle 3 - Bin 5
5326,Open-architected responsive st Bar,Beverage,4.42,Aisle 3 - Bin 5
6668,Object-based uniform paradigm Bottle,Chips,2.12,Aisle 3 - Bin 2
5076,Front-line contextually-based  Box,Water,4.57,Aisle 2 - Bin 2
7797,Centralized holistic open syst Pack,Snack,4.66,Aisle 4 - Bin 7
2991,Universal global hub Pack,Chips,2.15,Aisle 2 - Bin 7
9529,Visionary secondary archive Can,Chips,0.73,Aisle 3 - Bin 5
6597,Realigned dynamic application Bar,Candy,2.59,Aisle 2 - Bin 7
8714,Managed bi-directional workfor Pack,Water,3.71,Aisle 5 - Bin 6
5440,Synergized modular open system Box,Snack,3.72,Aisle 2 - Bin 9
4612,Reactive explicit architecture Box,Chips,2.17,Aisle 4 - Bin 7
6161,Optional transitional structur Pack,Snack,2.74,Aisle 1 - Bin 10
7692,Proactive hybrid initiative Box,Health Food,1.74,Aisle 2 - Bin 2
7626,Pre-emptive coherent alliance Bottle,Snack,1.68,Aisle 2 - Bin 2
1578,Open-source systematic hub Box,Water,1.34,Aisle 2 - Bin 9
13,Quality-focused optimizing ins Bar,Beverage,4.68,Aisle 1 - Bin 1
351,Proactive dedicated implementa Can,Juice,4.76,Aisle 5 - Bin 6
7064,Automated next generation prod Bar,Energy Drinks,2.56,Aisle 5 - Bin 9
1001,Balanced holistic workforce Pack,Energy Drinks,4.87,Aisle 3 - Bin 2
2232,Programmable interactive strat Can,Candy,3.0,Aisle 5 - Bin 9
1503,Ergonomic heuristic concept Box,Soda,2.34,Aisle 4 - Bin 2
9200,Inverse responsive synergy Box,Chips,4.54,Aisle 1 - Bin 10
9786,Right-sized systemic open syst Can,Snack,2.62,Aisle 2 - Bin 1
1688,Synchronized encompassing adap Bar,Snack,2.48,Aisle 4 - Bin 4
2121,Universal systematic focus gro Bar,Energy Drinks,3.54,Aisle 5 - Bin 3
9864,Intuitive tertiary superstruct Box,Snack,3.49,Aisle 1 - Bin 10
8799,Configurable secondary allianc Bar,Cookies,0.61,Aisle 5 - Bin 3
4953,Horizontal multi-tasking capac Bottle,Candy,2.33,Aisle 2 - Bin 6
2647,Reduced upward-trending attitu Bar,Soda,0.82,Aisle 4 - Bin 7
88,Business-focused coherent acce Can,Soda,4.48,Aisle 1 - Bin 1
384,Reduced next generation secure Bar,Snack,0.55,Aisle 4 - Bin 7
4199,Visionary asymmetric complexit Bottle,Juice,2.44,Aisle 5 - Bin 9
9327,Business-focused context-sensi Box,Water,1.1,Aisle 2 - Bin 2
1761,Robust value-added frame Bottle,Juice,4.94,Aisle 2 - Bin 2
4563,Universal incremental portal Bottle,Health Food,0.98,Aisle 2 - Bin 6
3237,Customer-focused full-range at Pack,Beverage,4.69,Aisle 5 - Bin 9
6478,Inverse reciprocal adapter Box,Cookies,0.67,Aisle 2 - Bin 2
639,Polarized homogeneous portal Pack,Health Food,1.73,Aisle 4 - Bin 4
9969,Operative hybrid Graphical Use Can,Juice,2.16,Aisle 4 - Bin 7
6878,Multi-channeled mobile product Bar,Chips,3.66,Aisle 1 - Bin 1
8607,Innovative real-time matrices Box,Chips,3.73,Aisle 5 - Bin 6
5338,Open-architected content-based Box,Health Food,2.83,Aisle 1 - Bin 10
4269,Advanced user-facing ability Bar,Cookies,1.16,Aisle 1 - Bin 1
8750,Cross-platform systemic allian Can,Energy Drinks,1.62,Aisle 2 - Bin 7
6978,Multi-layered human-resource c Can,Soda,1.4,Aisle 4 - Bin 2
4040,Centralized zero administratio Box,Soda,1.41,Aisle 2 - Bin 6
7470,Organized dedicated middleware Can,Beverage,3.71,Aisle 2 - Bin 1
9428,Ergonomic explicit productivit Bottle,Beverage,2.54,Aisle 2 - Bin 1
9301,Persevering didactic artificia Pack,Juice,4.77,Aisle 5 - Bin 9
6922,User-centric solution-oriented Pack,Juice,2.0,Aisle 3 - Bin 5
3389,Multi-lateral secondary protoc Can,Beverage,0.88,Aisle 2 - Bin 1
5434,Object-based maximized matrice Bottle,Energy Drinks,1.23,Aisle 4 - Bin 4
6633,Multi-tiered radical ability Bar,Cookies,0.73,Aisle 2 - Bin 7
4204,Progressive 24hour time-frame Box,Snack,0.61,Aisle 5 - Bin 6
497,Object-based full-range functi Can,Health Food,4.76,Aisle 3 - Bin 4
2179,Versatile regional framework Can,Beverage,2.65,Aisle 5 - Bin 3
5925,Automated client-driven algori Can,Snack,0.76,Aisle 1 - Bin 1
6093,Sharable logistical complexity Box,Cookies,1.25,Aisle 1 - Bin 1
4168,Cloned multi-tasking paradigm Pack,Beverage,1.9,Aisle 5 - Bin 9
9053,Multi-channeled encompassing c Bottle,Juice,3.16,Aisle 1 - Bin 1
5935,Automated client-driven budget Pack,Energy Drinks,1.5,Aisle 2 - Bin 7
7371,Fundamental composite knowledg Pack,Water,3.31,Aisle 5 - Bin 3
2218,Visionary client-server hub Bar,Cookies,2.9,Aisle 2 - Bin 7
587,Balanced mobile initiative Can,Health Food,1.52,Aisle 2 - Bin 1
5964,Total transitional architectur Bar,Health Food,3.54,Aisle 5 - Bin 9
103,Streamlined mission-critical i Can,Soda,1.63,Aisle 5 - Bin 9
7612,Horizontal zero administration Pack,Health Food,4.09,Aisle 5 - Bin 9
6951,Cross-platform national analyz Pack,Beverage,2.78,Aisle 4 - Bin 8
612,Open-source coherent data-ware Can,Energy Drinks,0.89,Aisle 5 - Bin 9
3213,Up-sized interactive paradigm Bar,Water,1.23,Aisle 2 - Bin 2
6185,Stand-alone bi-directional sec Bottle,Water,1.72,Aisle 1 - Bin 10
5307,Robust stable open system Bottle,Cookies,1.92,Aisle 5 - Bin 9
4207,Re-contextualized fault-tolera Pack,Health Food,2.76,Aisle 1 - Bin 1
2562,Stand-alone client-driven defi Can,Snack,2.25,Aisle 1 - Bin 10
8804,Universal incremental open arc Can,Snack,0.75,Aisle 4 - Bin 4
6121,Fundamental executive parallel Pack,Health Food,3.54,Aisle 2 - Bin 9
785,Quality-focused clear-thinking Bottle,Health Food,2.33,Aisle 1 - Bin 9
8092,Integrated human-resource Grap Bar,Candy,2.6,Aisle 2 - Bin 1
